id,label,age,region
p0,Person,54,east
p1,Person,69,west
p2,Person,28,east
p3,Person,34,west
p4,Person,69,east
p5,Person,46,central
p6,Person,49,north
p7,Person,20,north
p8,Person,30,south
p9,Person,35,north
p10,Person,23,central
p11,Person,46,west
p12,Person,60,north
p13,Person,51,central
p14,Person,61,south
p15,Person,43,east
p16,Person,65,central
p17,Person,28,west
p18,Person,30,west
p19,Person,25,central
p20,Person,70,central
p21,Person,20,west
p22,Person,19,south
p23,Person,51,south
p24,Person,41,south
p25,Person,50,east
p26,Person,31,north
p27,Person,20,east
p28,Person,72,central
p29,Person,71,east
p30,Person,50,central
p31,Person,21,north
p32,Person,66,west
p33,Person,44,central
p34,Person,37,central
p35,Person,56,west
p36,Person,26,south
p37,Person,52,west
p38,Person,44,east
p39,Person,26,east
p40,Person,44,north
p41,Person,70,east
p42,Person,40,south
p43,Person,63,west
p44,Person,28,north
p45,Person,58,east
p46,Person,35,central
p47,Person,33,east
p48,Person,66,south
p49,Person,51,east
p50,Person,55,west
p51,Person,70,east
p52,Person,70,west
p53,Person,34,west
p54,Person,68,central
p55,Person,71,west
p56,Person,49,north
p57,Person,67,central
p58,Person,60,south
p59,Person,38,north
p60,Person,61,east
p61,Person,59,central
p62,Person,31,central
p63,Person,19,west
p64,Person,26,north
p65,Person,47,central
p66,Person,64,south
p67,Person,30,central
p68,Person,52,south
p69,Person,33,central
p70,Person,29,central
p71,Person,46,east
p72,Person,76,central
p73,Person,44,east
p74,Person,39,east
p75,Person,21,central
p76,Person,53,east
p77,Person,52,north
p78,Person,40,west
p79,Person,20,east
p80,Person,25,west
p81,Person,18,central
p82,Person,51,west
p83,Person,76,central
p84,Person,77,north
p85,Person,37,central
p86,Person,27,south
p87,Person,55,south
p88,Person,62,north
p89,Person,71,east
p90,Person,45,east
p91,Person,56,west
p92,Person,53,north
p93,Person,52,east
p94,Person,21,north
p95,Person,56,north
p96,Person,62,west
p97,Person,52,east
p98,Person,60,west
p99,Person,53,south
p100,Person,38,central
p101,Person,37,central
p102,Person,54,central
p103,Person,36,east
p104,Person,55,south
p105,Person,52,central
p106,Person,69,east
p107,Person,55,east
p108,Person,37,north
p109,Person,59,north
p110,Person,38,south
p111,Person,29,south
p112,Person,28,west
p113,Person,40,north
p114,Person,69,north
p115,Person,49,west
p116,Person,31,central
p117,Person,37,south
p118,Person,32,east
p119,Person,42,central
p120,Person,20,north
p121,Person,40,central
p122,Person,35,east
p123,Person,25,central
p124,Person,55,central
p125,Person,45,east
p126,Person,46,east
p127,Person,25,north
p128,Person,71,south
p129,Person,18,central
p130,Person,18,central
p131,Person,59,west
p132,Person,40,north
p133,Person,30,north
p134,Person,75,central
p135,Person,22,west
p136,Person,21,central
p137,Person,31,east
p138,Person,54,west
p139,Person,43,west
p140,Person,70,central
p141,Person,57,east
p142,Person,73,central
p143,Person,47,west
p144,Person,21,central
p145,Person,40,south
p146,Person,33,north
p147,Person,45,south
p148,Person,70,west
p149,Person,76,south
p150,Person,29,west
p151,Person,72,east
p152,Person,21,west
p153,Person,32,north
p154,Person,69,central
p155,Person,21,west
p156,Person,54,west
p157,Person,55,east
p158,Person,23,central
p159,Person,68,south
p160,Person,50,north
p161,Person,49,north
p162,Person,77,west
p163,Person,71,central
p164,Person,52,east
p165,Person,47,west
p166,Person,26,south
p167,Person,63,south
p168,Person,46,south
p169,Person,76,north
p170,Person,22,south
p171,Person,35,west
p172,Person,69,central
p173,Person,21,east
p174,Person,76,south
p175,Person,56,central
p176,Person,66,central
p177,Person,20,south
p178,Person,31,west
p179,Person,76,south
p180,Person,37,north
p181,Person,68,west
p182,Person,31,central
p183,Person,72,central
p184,Person,71,east
p185,Person,41,north
p186,Person,20,north
p187,Person,47,south
p188,Person,46,east
p189,Person,48,west
p190,Person,37,south
p191,Person,49,east
p192,Person,19,south
p193,Person,55,east
p194,Person,59,central
p195,Person,52,south
p196,Person,26,east
p197,Person,32,west
p198,Person,45,north
p199,Person,31,east
p200,Person,67,west
p201,Person,74,west
p202,Person,25,central
p203,Person,54,central
p204,Person,62,north
p205,Person,21,east
p206,Person,21,central
p207,Person,65,west
p208,Person,47,south
p209,Person,56,west
p210,Person,20,north
p211,Person,62,central
p212,Person,77,east
p213,Person,29,west
p214,Person,63,north
p215,Person,22,north
p216,Person,43,east
p217,Person,72,central
p218,Person,30,north
p219,Person,28,central
p220,Person,48,central
p221,Person,23,central
p222,Person,62,east
p223,Person,65,east
p224,Person,29,east
p225,Person,75,south
p226,Person,27,east
p227,Person,36,east
p228,Person,24,central
p229,Person,73,east
p230,Person,62,east
p231,Person,73,west
p232,Person,52,west
p233,Person,38,central
p234,Person,75,west
p235,Person,34,central
p236,Person,29,south
p237,Person,30,central
p238,Person,48,north
p239,Person,23,central
p240,Person,36,north
p241,Person,45,south
p242,Person,60,north
p243,Person,70,west
p244,Person,29,north
p245,Person,48,north
p246,Person,74,east
p247,Person,28,central
p248,Person,35,west
p249,Person,68,central
p250,Person,48,east
p251,Person,19,west
p252,Person,57,south
p253,Person,45,north
p254,Person,19,north
p255,Person,33,south
p256,Person,59,south
p257,Person,74,north
p258,Person,21,east
p259,Person,67,east
p260,Person,61,west
p261,Person,32,west
p262,Person,66,west
p263,Person,29,west
p264,Person,55,north
p265,Person,29,central
p266,Person,37,north
p267,Person,54,central
p268,Person,39,west
p269,Person,61,east
p270,Person,73,west
p271,Person,41,central
p272,Person,48,south
p273,Person,50,north
p274,Person,73,east
p275,Person,65,east
p276,Person,72,east
p277,Person,45,south
p278,Person,61,north
p279,Person,24,south
p280,Person,67,north
p281,Person,75,north
p282,Person,69,south
p283,Person,70,central
p284,Person,29,west
p285,Person,50,south
p286,Person,58,west
p287,Person,23,south
p288,Person,24,central
p289,Person,68,central
p290,Person,29,east
p291,Person,34,west
p292,Person,29,east
p293,Person,52,north
p294,Person,61,west
p295,Person,26,central
p296,Person,35,east
p297,Person,34,central
p298,Person,63,south
p299,Person,58,west
p300,Person,54,west
p301,Person,76,south
p302,Person,46,north
p303,Person,54,north
p304,Person,43,north
p305,Person,51,north
p306,Person,26,south
p307,Person,56,central
p308,Person,32,east
p309,Person,75,north
p310,Person,24,east
p311,Person,75,central
p312,Person,66,south
p313,Person,47,central
p314,Person,18,north
p315,Person,71,south
p316,Person,35,central
p317,Person,33,north
p318,Person,39,central
p319,Person,35,north
p320,Person,73,east
p321,Person,28,east
p322,Person,18,south
p323,Person,40,south
p324,Person,37,north
p325,Person,48,south
p326,Person,56,east
p327,Person,50,central
p328,Person,68,north
p329,Person,45,central
p330,Person,76,north
p331,Person,46,south
p332,Person,20,central
p333,Person,24,west
p334,Person,31,north
p335,Person,70,north
p336,Person,31,central
p337,Person,26,central
p338,Person,66,central
p339,Person,18,west
p340,Person,28,central
p341,Person,29,south
p342,Person,26,south
p343,Person,71,east
p344,Person,29,central
p345,Person,59,north
p346,Person,44,east
p347,Person,75,central
p348,Person,29,central
p349,Person,54,south
p350,Person,59,west
p351,Person,23,south
p352,Person,64,north
p353,Person,24,west
p354,Person,20,west
p355,Person,58,north
p356,Person,67,south
p357,Person,22,west
p358,Person,61,west
p359,Person,28,central
p360,Person,19,south
p361,Person,43,west
p362,Person,23,north
p363,Person,37,east
p364,Person,59,south
p365,Person,23,north
p366,Person,26,central
p367,Person,69,east
p368,Person,65,east
p369,Person,68,west
p370,Person,56,north
p371,Person,61,south
p372,Person,20,north
p373,Person,36,east
p374,Person,25,south
p375,Person,28,south
p376,Person,67,north
p377,Person,67,east
p378,Person,60,west
p379,Person,69,south
p380,Person,36,central
p381,Person,40,east
p382,Person,66,north
p383,Person,54,north
p384,Person,24,south
p385,Person,42,west
p386,Person,23,east
p387,Person,62,south
p388,Person,56,north
p389,Person,75,north
p390,Person,32,west
p391,Person,60,central
p392,Person,49,east
p393,Person,52,central
p394,Person,41,south
p395,Person,77,south
p396,Person,37,south
p397,Person,41,north
p398,Person,35,east
p399,Person,52,central
p400,Person,69,south
p401,Person,42,north
p402,Person,36,west
p403,Person,18,central
p404,Person,53,north
p405,Person,74,east
p406,Person,48,south
p407,Person,67,south
p408,Person,76,north
p409,Person,72,central
p410,Person,40,south
p411,Person,49,south
p412,Person,41,central
p413,Person,66,central
p414,Person,68,central
p415,Person,43,north
p416,Person,70,north
p417,Person,26,west
p418,Person,37,west
p419,Person,30,central
p420,Person,31,south
p421,Person,75,north
p422,Person,49,north
p423,Person,38,west
p424,Person,60,south
p425,Person,22,west
p426,Person,36,north
p427,Person,64,north
p428,Person,74,central
p429,Person,60,east
p430,Person,55,central
p431,Person,19,south
p432,Person,61,east
p433,Person,40,west
p434,Person,24,central
p435,Person,49,west
p436,Person,48,south
p437,Person,55,west
p438,Person,33,north
p439,Person,31,west
p440,Person,67,south
p441,Person,44,west
p442,Person,67,north
p443,Person,37,south
p444,Person,46,central
p445,Person,44,east
p446,Person,37,north
p447,Person,32,east
p448,Person,46,central
p449,Person,22,east
p450,Person,19,west
p451,Person,49,east
p452,Person,74,central
p453,Person,48,south
p454,Person,64,east
p455,Person,33,central
p456,Person,38,south
p457,Person,24,north
p458,Person,18,west
p459,Person,55,central
p460,Person,35,east
p461,Person,36,south
p462,Person,49,west
p463,Person,28,west
p464,Person,63,north
p465,Person,55,north
p466,Person,20,west
p467,Person,72,central
p468,Person,46,central
p469,Person,77,west
p470,Person,69,north
p471,Person,76,east
p472,Person,75,west
p473,Person,53,south
p474,Person,74,east
p475,Person,32,east
p476,Person,42,south
p477,Person,63,east
p478,Person,34,central
p479,Person,45,west
p480,Person,42,east
p481,Person,35,west
p482,Person,21,central
p483,Person,74,south
p484,Person,42,central
p485,Person,57,central
p486,Person,75,north
p487,Person,69,east
p488,Person,22,west
p489,Person,50,central
p490,Person,33,west
p491,Person,38,west
p492,Person,47,east
p493,Person,25,north
p494,Person,42,central
p495,Person,25,east
p496,Person,53,south
p497,Person,65,east
p498,Person,58,west
p499,Person,33,west
p500,Person,54,south
p501,Person,46,north
p502,Person,66,south
p503,Person,73,central
p504,Person,28,north
p505,Person,38,north
p506,Person,35,north
p507,Person,67,west
p508,Person,43,west
p509,Person,53,south
p510,Person,77,west
p511,Person,50,west
p512,Person,57,central
p513,Person,45,east
p514,Person,73,south
p515,Person,36,central
p516,Person,23,west
p517,Person,39,central
p518,Person,38,south
p519,Person,50,east
p520,Person,38,central
p521,Person,55,south
p522,Person,28,west
p523,Person,48,north
p524,Person,38,east
p525,Person,61,north
p526,Person,74,central
p527,Person,31,central
p528,Person,60,north
p529,Person,33,central
p530,Person,70,central
p531,Person,71,south
p532,Person,65,south
p533,Person,65,south
p534,Person,55,south
p535,Person,69,south
p536,Person,59,west
p537,Person,37,central
p538,Person,38,west
p539,Person,67,south
p540,Person,48,west
p541,Person,51,west
p542,Person,46,north
p543,Person,34,south
p544,Person,39,west
p545,Person,51,north
p546,Person,21,central
p547,Person,59,south
p548,Person,30,north
p549,Person,26,west
p550,Person,50,south
p551,Person,26,south
p552,Person,20,south
p553,Person,70,east
p554,Person,52,east
p555,Person,51,west
p556,Person,60,west
p557,Person,55,west
p558,Person,59,west
p559,Person,61,south
p560,Person,33,south
p561,Person,71,west
p562,Person,45,east
p563,Person,49,north
p564,Person,40,central
p565,Person,54,west
p566,Person,72,central
p567,Person,35,central
p568,Person,35,east
p569,Person,35,north
p570,Person,18,west
p571,Person,34,south
p572,Person,20,south
p573,Person,30,east
p574,Person,41,south
p575,Person,19,north
p576,Person,24,north
p577,Person,74,west
p578,Person,66,east
p579,Person,50,central
p580,Person,65,south
p581,Person,74,central
p582,Person,23,central
p583,Person,34,central
p584,Person,48,north
p585,Person,26,west
p586,Person,34,central
p587,Person,40,west
p588,Person,64,north
p589,Person,72,south
p590,Person,47,east
p591,Person,75,central
p592,Person,29,north
p593,Person,60,east
p594,Person,23,west
p595,Person,59,west
p596,Person,62,central
p597,Person,37,south
p598,Person,33,south
p599,Person,29,west
p600,Person,71,central
p601,Person,45,south
p602,Person,30,east
p603,Person,30,central
p604,Person,47,north
p605,Person,77,central
p606,Person,69,east
p607,Person,24,south
p608,Person,36,central
p609,Person,43,west
p610,Person,46,east
p611,Person,59,central
p612,Person,41,north
p613,Person,55,south
p614,Person,25,central
p615,Person,27,north
p616,Person,48,east
p617,Person,36,south
p618,Person,51,south
p619,Person,64,west
p620,Person,67,north
p621,Person,43,north
p622,Person,36,west
p623,Person,46,east
p624,Person,40,south
p625,Person,76,east
p626,Person,20,south
p627,Person,42,south
p628,Person,35,west
p629,Person,76,north
p630,Person,32,north
p631,Person,44,south
p632,Person,57,east
p633,Person,67,central
p634,Person,58,south
p635,Person,19,west
p636,Person,23,north
p637,Person,59,south
p638,Person,49,west
p639,Person,55,west
p640,Person,32,west
p641,Person,72,east
p642,Person,77,central
p643,Person,50,north
p644,Person,33,north
p645,Person,33,central
p646,Person,35,south
p647,Person,48,east
p648,Person,36,central
p649,Person,28,east
p650,Person,43,east
p651,Person,62,west
p652,Person,29,central
p653,Person,19,central
p654,Person,76,north
p655,Person,73,west
p656,Person,46,east
p657,Person,30,west
p658,Person,60,south
p659,Person,50,west
p660,Person,62,north
p661,Person,50,south
p662,Person,47,west
p663,Person,22,east
p664,Person,76,east
p665,Person,18,east
p666,Person,49,central
p667,Person,44,west
p668,Person,48,east
p669,Person,71,north
p670,Person,74,north
p671,Person,20,west
p672,Person,55,north
p673,Person,75,north
p674,Person,41,east
p675,Person,69,central
p676,Person,76,central
p677,Person,24,central
p678,Person,32,south
p679,Person,69,west
p680,Person,71,west
p681,Person,28,west
p682,Person,69,west
p683,Person,59,central
p684,Person,38,east
p685,Person,65,east
p686,Person,65,south
p687,Person,55,south
p688,Person,76,south
p689,Person,48,south
p690,Person,57,east
p691,Person,60,central
p692,Person,68,west
p693,Person,48,south
p694,Person,68,central
p695,Person,26,south
p696,Person,20,central
p697,Person,66,west
p698,Person,44,south
p699,Person,75,south
p700,Person,76,east
p701,Person,74,west
p702,Person,45,north
p703,Person,75,central
p704,Person,37,south
p705,Person,25,east
p706,Person,51,east
p707,Person,39,central
p708,Person,69,east
p709,Person,37,west
p710,Person,44,west
p711,Person,24,east
p712,Person,65,east
p713,Person,47,south
p714,Person,39,north
p715,Person,19,central
p716,Person,44,west
p717,Person,23,east
p718,Person,18,west
p719,Person,39,central
p720,Person,71,south
p721,Person,63,west
p722,Person,63,north
p723,Person,68,south
p724,Person,70,central
p725,Person,33,west
p726,Person,22,north
p727,Person,57,north
p728,Person,46,north
p729,Person,64,west
p730,Person,51,central
p731,Person,21,central
p732,Person,27,east
p733,Person,74,central
p734,Person,32,north
p735,Person,46,west
p736,Person,30,south
p737,Person,72,south
p738,Person,30,west
p739,Person,38,south
p740,Person,49,east
p741,Person,26,north
p742,Person,49,central
p743,Person,46,south
p744,Person,45,north
p745,Person,46,west
p746,Person,52,north
p747,Person,20,east
p748,Person,49,east
p749,Person,49,north
p750,Person,66,west
p751,Person,18,west
p752,Person,76,west
p753,Person,74,west
p754,Person,42,north
p755,Person,21,north
p756,Person,59,south
p757,Person,24,south
p758,Person,68,north
p759,Person,37,south
p760,Person,52,south
p761,Person,58,south
p762,Person,20,north
p763,Person,23,central
p764,Person,25,central
p765,Person,71,south
p766,Person,40,west
p767,Person,66,south
p768,Person,22,north
p769,Person,33,north
p770,Person,59,north
p771,Person,49,north
p772,Person,73,east
p773,Person,33,central
p774,Person,39,north
p775,Person,58,north
p776,Person,40,north
p777,Person,59,north
p778,Person,40,south
p779,Person,55,east
p780,Person,20,east
p781,Person,52,south
p782,Person,44,west
p783,Person,39,east
p784,Person,19,central
p785,Person,34,west
p786,Person,51,central
p787,Person,62,east
p788,Person,50,south
p789,Person,67,east
p790,Person,77,north
p791,Person,20,east
p792,Person,63,north
p793,Person,71,west
p794,Person,51,west
p795,Person,75,south
p796,Person,70,south
p797,Person,57,east
p798,Person,39,central
p799,Person,70,east
p800,Person,59,south
p801,Person,54,south
p802,Person,77,east
p803,Person,31,north
p804,Person,59,west
p805,Person,32,east
p806,Person,68,west
p807,Person,58,east
p808,Person,69,central
p809,Person,24,east
p810,Person,45,central
p811,Person,34,east
p812,Person,32,north
p813,Person,48,west
p814,Person,76,north
p815,Person,22,north
p816,Person,69,north
p817,Person,35,central
p818,Person,40,south
p819,Person,35,central
p820,Person,74,west
p821,Person,18,west
p822,Person,65,south
p823,Person,37,west
p824,Person,50,south
p825,Person,47,north
p826,Person,72,west
p827,Person,30,north
p828,Person,35,east
p829,Person,51,east
p830,Person,76,south
p831,Person,56,central
p832,Person,26,central
p833,Person,28,east
p834,Person,47,south
p835,Person,62,central
p836,Person,56,north
p837,Person,74,south
p838,Person,71,east
p839,Person,35,west
p840,Person,37,central
p841,Person,20,west
p842,Person,65,west
p843,Person,57,west
p844,Person,22,south
p845,Person,52,south
p846,Person,24,west
p847,Person,18,central
p848,Person,38,central
p849,Person,35,west
p850,Person,57,east
p851,Person,44,west
p852,Person,53,north
p853,Person,47,east
p854,Person,46,central
p855,Person,64,west
p856,Person,27,north
p857,Person,68,west
p858,Person,18,west
p859,Person,21,west
p860,Person,26,west
p861,Person,27,central
p862,Person,51,east
p863,Person,72,north
p864,Person,38,central
p865,Person,68,north
p866,Person,67,west
p867,Person,49,west
p868,Person,32,central
p869,Person,18,east
p870,Person,54,east
p871,Person,55,central
p872,Person,66,south
p873,Person,73,west
p874,Person,36,south
p875,Person,38,east
p876,Person,32,south
p877,Person,49,east
p878,Person,21,south
p879,Person,31,east
p880,Person,20,south
p881,Person,22,north
p882,Person,38,central
p883,Person,50,central
p884,Person,55,north
p885,Person,43,south
p886,Person,63,north
p887,Person,66,central
p888,Person,74,east
p889,Person,23,south
p890,Person,74,east
p891,Person,67,west
p892,Person,76,east
p893,Person,23,north
p894,Person,68,south
p895,Person,56,north
p896,Person,66,west
p897,Person,32,east
p898,Person,73,east
p899,Person,26,central
p900,Person,32,south
p901,Person,59,west
p902,Person,75,west
p903,Person,34,west
p904,Person,76,south
p905,Person,56,north
p906,Person,65,west
p907,Person,67,south
p908,Person,39,north
p909,Person,70,north
p910,Person,19,south
p911,Person,53,north
p912,Person,35,north
p913,Person,59,central
p914,Person,64,west
p915,Person,27,south
p916,Person,73,east
p917,Person,58,south
p918,Person,22,north
p919,Person,62,north
p920,Person,33,south
p921,Person,70,north
p922,Person,22,south
p923,Person,26,north
p924,Person,42,south
p925,Person,40,west
p926,Person,22,north
p927,Person,28,south
p928,Person,20,west
p929,Person,27,east
p930,Person,49,east
p931,Person,77,north
p932,Person,41,east
p933,Person,74,north
p934,Person,67,south
p935,Person,18,central
p936,Person,75,south
p937,Person,18,north
p938,Person,72,west
p939,Person,36,central
p940,Person,49,east
p941,Person,58,west
p942,Person,33,north
p943,Person,66,south
p944,Person,65,south
p945,Person,26,west
p946,Person,77,west
p947,Person,37,south
p948,Person,39,central
p949,Person,28,south
p950,Person,63,north
p951,Person,33,south
p952,Person,57,north
p953,Person,56,central
p954,Person,65,east
p955,Person,18,west
p956,Person,74,east
p957,Person,39,west
p958,Person,58,east
p959,Person,27,north
p960,Person,32,south
p961,Person,32,north
p962,Person,25,central
p963,Person,27,north
p964,Person,54,east
p965,Person,30,east
p966,Person,70,east
p967,Person,45,south
p968,Person,43,west
p969,Person,24,central
p970,Person,53,east
p971,Person,73,central
p972,Person,61,east
p973,Person,54,east
p974,Person,34,west
p975,Person,18,south
p976,Person,60,north
p977,Person,49,central
p978,Person,69,central
p979,Person,70,south
p980,Person,19,central
p981,Person,67,north
p982,Person,43,east
p983,Person,41,north
p984,Person,47,central
p985,Person,61,south
p986,Person,47,east
p987,Person,21,east
p988,Person,66,south
p989,Person,67,south
p990,Person,24,west
p991,Person,74,north
p992,Person,63,west
p993,Person,42,east
p994,Person,55,north
p995,Person,20,east
p996,Person,28,west
p997,Person,35,north
p998,Person,58,east
p999,Person,32,south
p1000,Person,61,central
p1001,Person,73,central
p1002,Person,55,west
p1003,Person,76,west
p1004,Person,54,south
p1005,Person,62,east
p1006,Person,49,central
p1007,Person,76,east
p1008,Person,35,north
p1009,Person,30,west
p1010,Person,62,north
p1011,Person,61,central
p1012,Person,35,east
p1013,Person,57,south
p1014,Person,52,north
p1015,Person,35,east
p1016,Person,51,south
p1017,Person,36,south
p1018,Person,67,north
p1019,Person,45,west
p1020,Person,71,north
p1021,Person,54,central
p1022,Person,57,west
p1023,Person,36,central
p1024,Person,77,east
p1025,Person,57,east
p1026,Person,76,north
p1027,Person,43,east
p1028,Person,46,east
p1029,Person,38,north
p1030,Person,23,central
p1031,Person,56,east
p1032,Person,40,south
p1033,Person,54,north
p1034,Person,77,east
p1035,Person,39,north
p1036,Person,56,south
p1037,Person,68,south
p1038,Person,55,north
p1039,Person,50,central
p1040,Person,49,west
p1041,Person,74,south
p1042,Person,63,south
p1043,Person,63,east
p1044,Person,26,east
p1045,Person,62,north
p1046,Person,54,central
p1047,Person,63,east
p1048,Person,69,east
p1049,Person,60,west
p1050,Person,66,east
p1051,Person,40,west
p1052,Person,70,south
p1053,Person,59,north
p1054,Person,38,central
p1055,Person,49,east
p1056,Person,32,south
p1057,Person,62,central
p1058,Person,77,central
p1059,Person,54,west
p1060,Person,28,south
p1061,Person,38,central
p1062,Person,35,central
p1063,Person,47,central
p1064,Person,44,west
p1065,Person,19,central
p1066,Person,43,south
p1067,Person,41,west
p1068,Person,38,north
p1069,Person,53,east
p1070,Person,66,west
p1071,Person,75,west
p1072,Person,63,west
p1073,Person,38,north
p1074,Person,55,south
p1075,Person,34,central
p1076,Person,40,west
p1077,Person,53,east
p1078,Person,40,east
p1079,Person,48,west
p1080,Person,71,north
p1081,Person,35,north
p1082,Person,47,west
p1083,Person,76,east
p1084,Person,33,north
p1085,Person,28,north
p1086,Person,35,south
p1087,Person,21,west
p1088,Person,71,central
p1089,Person,47,central
p1090,Person,36,east
p1091,Person,26,west
p1092,Person,35,north
p1093,Person,25,central
p1094,Person,74,north
p1095,Person,23,central
p1096,Person,60,east
p1097,Person,21,north
p1098,Person,61,south
p1099,Person,69,north
p1100,Person,35,south
p1101,Person,33,west
p1102,Person,42,east
p1103,Person,37,west
p1104,Person,33,north
p1105,Person,75,south
p1106,Person,26,south
p1107,Person,25,north
p1108,Person,45,north
p1109,Person,42,north
p1110,Person,41,east
p1111,Person,23,south
p1112,Person,34,west
p1113,Person,36,north
p1114,Person,22,south
p1115,Person,41,east
p1116,Person,43,central
p1117,Person,50,central
p1118,Person,74,south
p1119,Person,47,south
p1120,Person,23,north
p1121,Person,40,central
p1122,Person,54,north
p1123,Person,34,west
p1124,Person,39,east
p1125,Person,23,south
p1126,Person,54,north
p1127,Person,56,central
p1128,Person,34,north
p1129,Person,61,west
p1130,Person,63,west
p1131,Person,49,west
p1132,Person,54,east
p1133,Person,23,west
p1134,Person,62,east
p1135,Person,25,west
p1136,Person,18,north
p1137,Person,69,east
p1138,Person,35,south
p1139,Person,36,central
p1140,Person,34,west
p1141,Person,61,south
p1142,Person,35,north
p1143,Person,46,east
p1144,Person,52,central
p1145,Person,49,west
p1146,Person,51,west
p1147,Person,34,central
p1148,Person,59,north
p1149,Person,31,east
p1150,Person,38,central
p1151,Person,40,south
p1152,Person,57,west
p1153,Person,23,north
p1154,Person,70,west
p1155,Person,49,central
p1156,Person,73,east
p1157,Person,18,north
p1158,Person,23,south
p1159,Person,44,central
p1160,Person,55,east
p1161,Person,41,south
p1162,Person,75,central
p1163,Person,66,west
p1164,Person,69,east
p1165,Person,30,north
p1166,Person,64,south
p1167,Person,28,south
p1168,Person,54,east
p1169,Person,30,north
p1170,Person,61,central
p1171,Person,32,west
p1172,Person,27,east
p1173,Person,26,north
p1174,Person,41,south
p1175,Person,42,central
p1176,Person,71,north
p1177,Person,24,north
p1178,Person,64,north
p1179,Person,28,south
p1180,Person,42,east
p1181,Person,51,central
p1182,Person,56,central
p1183,Person,73,north
p1184,Person,58,central
p1185,Person,44,west
p1186,Person,47,north
p1187,Person,19,east
p1188,Person,77,north
p1189,Person,23,north
p1190,Person,33,south
p1191,Person,57,central
p1192,Person,51,south
p1193,Person,74,west
p1194,Person,31,central
p1195,Person,23,central
p1196,Person,45,central
p1197,Person,49,central
p1198,Person,57,east
p1199,Person,77,central
p1200,Person,20,south
p1201,Person,40,south
p1202,Person,23,north
p1203,Person,30,central
p1204,Person,58,central
p1205,Person,43,west
p1206,Person,76,south
p1207,Person,49,west
p1208,Person,72,central
p1209,Person,71,west
p1210,Person,39,east
p1211,Person,40,north
p1212,Person,34,east
p1213,Person,55,north
p1214,Person,40,south
p1215,Person,65,east
p1216,Person,61,east
p1217,Person,59,north
p1218,Person,32,south
p1219,Person,67,central
p1220,Person,27,north
p1221,Person,65,west
p1222,Person,21,north
p1223,Person,20,east
p1224,Person,19,south
p1225,Person,36,central
p1226,Person,27,west
p1227,Person,29,east
p1228,Person,58,central
p1229,Person,60,north
p1230,Person,32,east
p1231,Person,51,north
p1232,Person,74,central
p1233,Person,41,central
p1234,Person,28,central
p1235,Person,48,north
p1236,Person,61,west
p1237,Person,39,west
p1238,Person,48,central
p1239,Person,55,west
p1240,Person,72,east
p1241,Person,27,west
p1242,Person,33,south
p1243,Person,38,central
p1244,Person,74,south
p1245,Person,66,west
p1246,Person,52,west
p1247,Person,51,west
p1248,Person,45,east
p1249,Person,62,south
p1250,Person,38,south
p1251,Person,29,west
p1252,Person,60,south
p1253,Person,21,north
p1254,Person,50,south
p1255,Person,24,south
p1256,Person,77,north
p1257,Person,46,north
p1258,Person,23,west
p1259,Person,65,north
p1260,Person,25,south
p1261,Person,59,east
p1262,Person,18,south
p1263,Person,76,central
p1264,Person,60,north
p1265,Person,68,east
p1266,Person,50,west
p1267,Person,74,west
p1268,Person,34,west
p1269,Person,51,east
p1270,Person,72,west
p1271,Person,44,south
p1272,Person,76,central
p1273,Person,24,central
p1274,Person,49,north
p1275,Person,50,west
p1276,Person,73,west
p1277,Person,69,south
p1278,Person,56,north
p1279,Person,62,north
p1280,Person,58,south
p1281,Person,50,west
p1282,Person,72,south
p1283,Person,65,north
p1284,Person,38,south
p1285,Person,44,north
p1286,Person,62,central
p1287,Person,73,east
p1288,Person,44,east
p1289,Person,52,north
p1290,Person,21,north
p1291,Person,54,east
p1292,Person,34,east
p1293,Person,59,south
p1294,Person,73,north
p1295,Person,24,east
p1296,Person,42,central
p1297,Person,77,north
p1298,Person,42,east
p1299,Person,26,east
p1300,Person,57,central
p1301,Person,65,north
p1302,Person,32,central
p1303,Person,38,west
p1304,Person,73,west
p1305,Person,31,west
p1306,Person,34,central
p1307,Person,31,south
p1308,Person,46,central
p1309,Person,62,east
p1310,Person,59,south
p1311,Person,74,south
p1312,Person,47,west
p1313,Person,31,north
p1314,Person,57,central
p1315,Person,57,west
p1316,Person,32,central
p1317,Person,52,south
p1318,Person,19,central
p1319,Person,77,central
p1320,Person,29,north
p1321,Person,18,east
p1322,Person,74,south
p1323,Person,69,east
p1324,Person,22,west
p1325,Person,26,north
p1326,Person,35,central
p1327,Person,70,west
p1328,Person,72,east
p1329,Person,64,central
p1330,Person,72,east
p1331,Person,76,central
p1332,Person,70,west
p1333,Person,71,central
p1334,Person,61,north
p1335,Person,32,west
p1336,Person,27,east
p1337,Person,48,central
p1338,Person,77,south
p1339,Person,26,central
p1340,Person,48,east
p1341,Person,41,west
p1342,Person,44,east
p1343,Person,23,south
p1344,Person,43,west
p1345,Person,76,north
p1346,Person,25,east
p1347,Person,48,north
p1348,Person,18,west
p1349,Person,61,north
p1350,Person,21,south
p1351,Person,27,east
p1352,Person,38,south
p1353,Person,26,west
p1354,Person,39,east
p1355,Person,45,west
p1356,Person,46,south
p1357,Person,71,south
p1358,Person,22,central
p1359,Person,33,west
p1360,Person,22,central
p1361,Person,59,central
p1362,Person,41,east
p1363,Person,37,west
p1364,Person,53,north
p1365,Person,75,north
p1366,Person,64,east
p1367,Person,63,south
p1368,Person,76,central
p1369,Person,53,central
p1370,Person,38,west
p1371,Person,26,north
p1372,Person,68,west
p1373,Person,49,east
p1374,Person,70,west
p1375,Person,19,north
p1376,Person,53,south
p1377,Person,21,east
p1378,Person,37,east
p1379,Person,68,north
p1380,Person,32,north
p1381,Person,27,west
p1382,Person,37,west
p1383,Person,57,east
p1384,Person,54,east
p1385,Person,24,west
p1386,Person,54,west
p1387,Person,63,central
p1388,Person,76,west
p1389,Person,38,east
p1390,Person,52,north
p1391,Person,24,east
p1392,Person,21,north
p1393,Person,29,east
p1394,Person,21,south
p1395,Person,46,south
p1396,Person,28,west
p1397,Person,29,south
p1398,Person,46,north
p1399,Person,53,central
p1400,Person,26,north
p1401,Person,66,central
p1402,Person,71,west
p1403,Person,72,south
p1404,Person,32,west
p1405,Person,21,north
p1406,Person,52,central
p1407,Person,43,north
p1408,Person,47,central
p1409,Person,76,central
p1410,Person,21,north
p1411,Person,34,north
p1412,Person,49,central
p1413,Person,69,east
p1414,Person,67,west
p1415,Person,68,south
p1416,Person,38,central
p1417,Person,26,north
p1418,Person,38,north
p1419,Person,52,west
p1420,Person,35,east
p1421,Person,21,north
p1422,Person,20,west
p1423,Person,19,east
p1424,Person,55,west
p1425,Person,38,west
p1426,Person,40,west
p1427,Person,51,west
p1428,Person,41,west
p1429,Person,32,central
p1430,Person,60,west
p1431,Person,52,south
p1432,Person,67,central
p1433,Person,36,south
p1434,Person,34,south
p1435,Person,29,west
p1436,Person,50,north
p1437,Person,73,south
p1438,Person,27,east
p1439,Person,40,south
p1440,Person,30,east
p1441,Person,75,west
p1442,Person,44,central
p1443,Person,38,south
p1444,Person,62,south
p1445,Person,22,central
p1446,Person,59,north
p1447,Person,51,south
p1448,Person,33,south
p1449,Person,29,central
p1450,Person,57,east
p1451,Person,39,west
p1452,Person,36,central
p1453,Person,68,central
p1454,Person,33,north
p1455,Person,50,north
p1456,Person,64,central
p1457,Person,25,central
p1458,Person,21,east
p1459,Person,21,west
p1460,Person,39,south
p1461,Person,65,west
p1462,Person,26,central
p1463,Person,23,west
p1464,Person,75,south
p1465,Person,73,north
p1466,Person,71,central
p1467,Person,51,east
p1468,Person,20,west
p1469,Person,31,west
p1470,Person,52,north
p1471,Person,39,west
p1472,Person,55,central
p1473,Person,57,west
p1474,Person,44,central
p1475,Person,65,west
p1476,Person,38,north
p1477,Person,19,east
p1478,Person,43,north
p1479,Person,71,east
p1480,Person,20,central
p1481,Person,74,west
p1482,Person,77,west
p1483,Person,73,north
p1484,Person,61,east
p1485,Person,34,central
p1486,Person,35,south
p1487,Person,65,east
p1488,Person,54,east
p1489,Person,46,central
p1490,Person,77,south
p1491,Person,61,south
p1492,Person,44,north
p1493,Person,52,north
p1494,Person,21,north
p1495,Person,74,south
p1496,Person,60,central
p1497,Person,40,west
p1498,Person,67,east
p1499,Person,61,central
p1500,Person,39,south
p1501,Person,70,west
p1502,Person,29,west
p1503,Person,19,east
p1504,Person,37,east
p1505,Person,23,south
p1506,Person,54,west
p1507,Person,27,west
p1508,Person,77,south
p1509,Person,36,north
p1510,Person,51,west
p1511,Person,65,south
p1512,Person,71,central
p1513,Person,34,west
p1514,Person,27,east
p1515,Person,59,west
p1516,Person,67,central
p1517,Person,52,east
p1518,Person,57,north
p1519,Person,77,north
p1520,Person,59,south
p1521,Person,29,west
p1522,Person,33,west
p1523,Person,56,west
p1524,Person,44,south
p1525,Person,74,central
p1526,Person,37,east
p1527,Person,42,central
p1528,Person,69,west
p1529,Person,42,north
p1530,Person,19,south
p1531,Person,30,south
p1532,Person,40,east
p1533,Person,22,south
p1534,Person,23,central
p1535,Person,43,north
p1536,Person,42,north
p1537,Person,40,east
p1538,Person,46,east
p1539,Person,43,north
p1540,Person,43,west
p1541,Person,36,west
p1542,Person,41,west
p1543,Person,52,central
p1544,Person,32,central
p1545,Person,56,south
p1546,Person,72,east
p1547,Person,26,north
p1548,Person,73,north
p1549,Person,65,south
p1550,Person,46,west
p1551,Person,45,east
p1552,Person,63,east
p1553,Person,33,central
p1554,Person,43,south
p1555,Person,25,south
p1556,Person,43,north
p1557,Person,32,east
p1558,Person,36,east
p1559,Person,39,south
p1560,Person,77,north
p1561,Person,46,east
p1562,Person,27,west
p1563,Person,57,west
p1564,Person,42,south
p1565,Person,26,central
p1566,Person,63,south
p1567,Person,23,east
p1568,Person,50,north
p1569,Person,43,south
p1570,Person,65,west
p1571,Person,68,east
p1572,Person,43,north
p1573,Person,45,east
p1574,Person,47,central
p1575,Person,61,north
p1576,Person,67,north
p1577,Person,42,west
p1578,Person,20,south
p1579,Person,69,south
p1580,Person,29,south
p1581,Person,47,west
p1582,Person,53,north
p1583,Person,28,west
p1584,Person,22,west
p1585,Person,33,north
p1586,Person,30,east
p1587,Person,60,north
p1588,Person,43,north
p1589,Person,40,west
p1590,Person,60,west
p1591,Person,58,central
p1592,Person,55,west
p1593,Person,31,south
p1594,Person,49,south
p1595,Person,26,north
p1596,Person,73,north
p1597,Person,56,east
p1598,Person,57,north
p1599,Person,18,south
p1600,Person,37,north
p1601,Person,20,east
p1602,Person,40,south
p1603,Person,30,west
p1604,Person,67,west
p1605,Person,53,central
p1606,Person,69,north
p1607,Person,71,west
p1608,Person,62,south
p1609,Person,69,south
p1610,Person,44,east
p1611,Person,29,south
p1612,Person,65,north
p1613,Person,47,south
p1614,Person,60,east
p1615,Person,49,central
p1616,Person,60,east
p1617,Person,68,south
p1618,Person,52,west
p1619,Person,37,central
p1620,Person,27,north
p1621,Person,68,west
p1622,Person,77,north
p1623,Person,69,north
p1624,Person,40,west
p1625,Person,22,south
p1626,Person,27,central
p1627,Person,52,south
p1628,Person,70,south
p1629,Person,52,north
p1630,Person,60,east
p1631,Person,29,east
p1632,Person,48,west
p1633,Person,33,south
p1634,Person,24,north
p1635,Person,36,north
p1636,Person,34,south
p1637,Person,53,north
p1638,Person,62,north
p1639,Person,42,north
p1640,Person,73,east
p1641,Person,69,west
p1642,Person,56,central
p1643,Person,34,central
p1644,Person,39,north
p1645,Person,53,central
p1646,Person,70,north
p1647,Person,26,central
p1648,Person,56,south
p1649,Person,77,south
p1650,Person,59,east
p1651,Person,50,south
p1652,Person,43,east
p1653,Person,74,central
p1654,Person,28,west
p1655,Person,28,central
p1656,Person,29,west
p1657,Person,36,east
p1658,Person,38,east
p1659,Person,38,west
p1660,Person,33,east
p1661,Person,25,central
p1662,Person,46,central
p1663,Person,55,north
p1664,Person,75,east
p1665,Person,44,east
p1666,Person,68,central
p1667,Person,53,central
p1668,Person,57,west
p1669,Person,65,south
p1670,Person,58,west
p1671,Person,46,north
p1672,Person,55,south
p1673,Person,70,south
p1674,Person,31,central
p1675,Person,58,south
p1676,Person,52,west
p1677,Person,28,central
p1678,Person,56,east
p1679,Person,25,central
p1680,Person,65,north
p1681,Person,56,west
p1682,Person,30,north
p1683,Person,74,west
p1684,Person,22,north
p1685,Person,56,south
p1686,Person,35,central
p1687,Person,50,central
p1688,Person,41,north
p1689,Person,32,south
p1690,Person,76,north
p1691,Person,52,west
p1692,Person,38,west
p1693,Person,74,north
p1694,Person,18,east
p1695,Person,44,north
p1696,Person,44,central
p1697,Person,27,west
p1698,Person,30,south
p1699,Person,48,west
p1700,Person,23,central
p1701,Person,35,west
p1702,Person,76,west
p1703,Person,58,central
p1704,Person,33,west
p1705,Person,37,south
p1706,Person,50,east
p1707,Person,44,west
p1708,Person,76,east
p1709,Person,37,central
p1710,Person,55,west
p1711,Person,38,east
p1712,Person,48,south
p1713,Person,41,central
p1714,Person,53,west
p1715,Person,69,south
p1716,Person,38,central
p1717,Person,55,central
p1718,Person,63,east
p1719,Person,38,north
p1720,Person,59,central
p1721,Person,64,west
p1722,Person,18,south
p1723,Person,60,north
p1724,Person,28,west
p1725,Person,59,east
p1726,Person,67,central
p1727,Person,47,east
p1728,Person,35,central
p1729,Person,34,south
p1730,Person,59,central
p1731,Person,77,south
p1732,Person,43,north
p1733,Person,30,north
p1734,Person,69,east
p1735,Person,31,south
p1736,Person,23,central
p1737,Person,77,north
p1738,Person,61,west
p1739,Person,43,north
p1740,Person,67,south
p1741,Person,24,west
p1742,Person,42,west
p1743,Person,63,east
p1744,Person,44,west
p1745,Person,18,west
p1746,Person,57,central
p1747,Person,23,north
p1748,Person,61,north
p1749,Person,26,west
p1750,Person,49,west
p1751,Person,72,central
p1752,Person,73,west
p1753,Person,59,south
p1754,Person,28,east
p1755,Person,39,east
p1756,Person,18,central
p1757,Person,76,central
p1758,Person,60,east
p1759,Person,40,west
p1760,Person,31,north
p1761,Person,56,south
p1762,Person,27,west
p1763,Person,61,north
p1764,Person,44,central
p1765,Person,72,south
p1766,Person,70,west
p1767,Person,73,south
p1768,Person,77,south
p1769,Person,71,east
p1770,Person,45,south
p1771,Person,18,south
p1772,Person,56,south
p1773,Person,49,central
p1774,Person,35,south
p1775,Person,47,west
p1776,Person,55,east
p1777,Person,76,west
p1778,Person,59,south
p1779,Person,65,south
p1780,Person,45,north
p1781,Person,45,south
p1782,Person,33,east
p1783,Person,44,north
p1784,Person,58,east
p1785,Person,74,north
p1786,Person,49,east
p1787,Person,59,west
p1788,Person,58,west
p1789,Person,63,central
p1790,Person,74,west
p1791,Person,44,south
p1792,Person,28,south
p1793,Person,53,west
p1794,Person,50,north
p1795,Person,33,south
p1796,Person,36,west
p1797,Person,38,north
p1798,Person,42,east
p1799,Person,68,central
p1800,Person,30,east
p1801,Person,68,central
p1802,Person,29,north
p1803,Person,74,central
p1804,Person,41,central
p1805,Person,57,east
p1806,Person,75,west
p1807,Person,74,central
p1808,Person,28,south
p1809,Person,53,west
p1810,Person,18,south
p1811,Person,20,north
p1812,Person,74,east
p1813,Person,46,south
p1814,Person,70,south
p1815,Person,46,central
p1816,Person,32,east
p1817,Person,60,north
p1818,Person,49,east
p1819,Person,72,east
p1820,Person,64,south
p1821,Person,24,central
p1822,Person,29,north
p1823,Person,51,west
p1824,Person,60,south
p1825,Person,75,west
p1826,Person,49,central
p1827,Person,35,central
p1828,Person,72,south
p1829,Person,60,central
p1830,Person,19,south
p1831,Person,61,south
p1832,Person,45,south
p1833,Person,64,central
p1834,Person,32,west
p1835,Person,47,west
p1836,Person,63,south
p1837,Person,76,east
p1838,Person,21,east
p1839,Person,30,central
p1840,Person,70,east
p1841,Person,21,north
p1842,Person,65,north
p1843,Person,65,central
p1844,Person,46,west
p1845,Person,48,north
p1846,Person,31,east
p1847,Person,42,central
p1848,Person,30,central
p1849,Person,43,west
p1850,Person,57,central
p1851,Person,37,south
p1852,Person,22,central
p1853,Person,65,north
p1854,Person,52,east
p1855,Person,20,east
p1856,Person,22,north
p1857,Person,33,north
p1858,Person,55,east
p1859,Person,60,central
p1860,Person,70,south
p1861,Person,67,north
p1862,Person,37,south
p1863,Person,35,east
p1864,Person,52,east
p1865,Person,24,south
p1866,Person,35,east
p1867,Person,43,south
p1868,Person,59,west
p1869,Person,25,south
p1870,Person,63,central
p1871,Person,47,central
p1872,Person,42,west
p1873,Person,31,north
p1874,Person,58,west
p1875,Person,77,west
p1876,Person,39,north
p1877,Person,45,south
p1878,Person,53,west
p1879,Person,32,west
p1880,Person,69,west
p1881,Person,56,central
p1882,Person,74,central
p1883,Person,30,south
p1884,Person,39,central
p1885,Person,37,west
p1886,Person,31,west
p1887,Person,47,south
p1888,Person,57,south
p1889,Person,67,east
p1890,Person,49,west
p1891,Person,46,north
p1892,Person,37,west
p1893,Person,57,north
p1894,Person,61,south
p1895,Person,32,west
p1896,Person,57,east
p1897,Person,52,east
p1898,Person,77,central
p1899,Person,20,central
p1900,Person,72,west
p1901,Person,29,north
p1902,Person,74,central
p1903,Person,74,west
p1904,Person,30,central
p1905,Person,20,east
p1906,Person,25,east
p1907,Person,40,west
p1908,Person,36,west
p1909,Person,18,west
p1910,Person,67,south
p1911,Person,66,east
p1912,Person,69,east
p1913,Person,68,north
p1914,Person,40,central
p1915,Person,39,east
p1916,Person,54,west
p1917,Person,75,central
p1918,Person,75,north
p1919,Person,30,east
p1920,Person,30,central
p1921,Person,31,central
p1922,Person,66,north
p1923,Person,38,north
p1924,Person,33,east
p1925,Person,20,east
p1926,Person,72,west
p1927,Person,59,north
p1928,Person,39,east
p1929,Person,61,west
p1930,Person,53,east
p1931,Person,59,north
p1932,Person,56,south
p1933,Person,20,east
p1934,Person,27,south
p1935,Person,34,west
p1936,Person,30,west
p1937,Person,58,east
p1938,Person,69,south
p1939,Person,38,central
p1940,Person,30,west
p1941,Person,58,north
p1942,Person,45,north
p1943,Person,70,central
p1944,Person,75,north
p1945,Person,21,north
p1946,Person,28,north
p1947,Person,57,west
p1948,Person,40,north
p1949,Person,50,east
p1950,Person,19,west
p1951,Person,73,north
p1952,Person,25,central
p1953,Person,21,south
p1954,Person,76,east
p1955,Person,27,south
p1956,Person,65,west
p1957,Person,54,south
p1958,Person,51,north
p1959,Person,76,east
p1960,Person,33,central
p1961,Person,32,central
p1962,Person,23,west
p1963,Person,43,central
p1964,Person,49,east
p1965,Person,23,east
p1966,Person,33,east
p1967,Person,63,central
p1968,Person,22,west
p1969,Person,32,south
p1970,Person,20,north
p1971,Person,67,south
p1972,Person,46,west
p1973,Person,44,west
p1974,Person,45,north
p1975,Person,20,central
p1976,Person,44,west
p1977,Person,28,south
p1978,Person,19,central
p1979,Person,44,west
p1980,Person,51,west
p1981,Person,31,south
p1982,Person,43,west
p1983,Person,48,central
p1984,Person,26,east
p1985,Person,49,north
p1986,Person,67,north
p1987,Person,28,south
p1988,Person,62,south
p1989,Person,71,central
p1990,Person,55,central
p1991,Person,33,north
p1992,Person,21,west
p1993,Person,73,south
p1994,Person,20,north
p1995,Person,25,east
p1996,Person,71,south
p1997,Person,61,north
p1998,Person,73,central
p1999,Person,29,south
p2000,Person,69,central
p2001,Person,60,north
p2002,Person,46,west
p2003,Person,35,south
p2004,Person,50,south
p2005,Person,71,west
p2006,Person,24,central
p2007,Person,56,east
p2008,Person,43,east
p2009,Person,37,north
p2010,Person,29,north
p2011,Person,37,south
p2012,Person,67,north
p2013,Person,29,south
p2014,Person,19,east
p2015,Person,39,west
p2016,Person,64,west
p2017,Person,51,west
p2018,Person,28,west
p2019,Person,33,east
p2020,Person,44,west
p2021,Person,46,north
p2022,Person,47,north
p2023,Person,64,north
p2024,Person,57,south
p2025,Person,30,south
p2026,Person,56,east
p2027,Person,57,central
p2028,Person,48,east
p2029,Person,52,north
p2030,Person,58,west
p2031,Person,39,central
p2032,Person,66,south
p2033,Person,68,east
p2034,Person,58,central
p2035,Person,21,south
p2036,Person,47,south
p2037,Person,39,west
p2038,Person,50,north
p2039,Person,58,west
p2040,Person,23,east
p2041,Person,72,south
p2042,Person,48,central
p2043,Person,50,north
p2044,Person,49,west
p2045,Person,65,north
p2046,Person,27,east
p2047,Person,45,south
p2048,Person,71,east
p2049,Person,74,south
p2050,Person,72,south
p2051,Person,27,north
p2052,Person,53,east
p2053,Person,38,south
p2054,Person,28,north
p2055,Person,30,north
p2056,Person,37,north
p2057,Person,50,north
p2058,Person,37,north
p2059,Person,27,south
p2060,Person,36,north
p2061,Person,73,east
p2062,Person,70,north
p2063,Person,44,central
p2064,Person,23,south
p2065,Person,50,west
p2066,Person,35,north
p2067,Person,26,north
p2068,Person,19,south
p2069,Person,35,east
p2070,Person,60,east
p2071,Person,57,north
p2072,Person,19,central
p2073,Person,51,central
p2074,Person,51,east
p2075,Person,29,north
p2076,Person,66,west
p2077,Person,49,central
p2078,Person,56,east
p2079,Person,69,west
p2080,Person,43,north
p2081,Person,50,north
p2082,Person,70,west
p2083,Person,73,west
p2084,Person,46,central
p2085,Person,30,central
p2086,Person,19,west
p2087,Person,42,west
p2088,Person,67,central
p2089,Person,35,central
p2090,Person,41,east
p2091,Person,31,south
p2092,Person,73,west
p2093,Person,69,north
p2094,Person,61,north
p2095,Person,58,west
p2096,Person,77,west
p2097,Person,65,south
p2098,Person,37,south
p2099,Person,50,central
p2100,Person,39,north
p2101,Person,63,east
p2102,Person,67,east
p2103,Person,19,east
p2104,Person,23,east
p2105,Person,43,south
p2106,Person,56,west
p2107,Person,36,north
p2108,Person,26,west
p2109,Person,67,north
p2110,Person,39,north
p2111,Person,55,central
p2112,Person,40,east
p2113,Person,26,east
p2114,Person,75,east
p2115,Person,56,central
p2116,Person,70,south
p2117,Person,27,east
p2118,Person,48,west
p2119,Person,73,west
p2120,Person,19,north
p2121,Person,36,central
p2122,Person,20,south
p2123,Person,68,east
p2124,Person,53,north
p2125,Person,51,central
p2126,Person,25,south
p2127,Person,56,north
p2128,Person,43,north
p2129,Person,75,west
p2130,Person,69,west
p2131,Person,61,east
p2132,Person,42,west
p2133,Person,38,south
p2134,Person,63,east
p2135,Person,77,central
p2136,Person,63,west
p2137,Person,47,south
p2138,Person,52,central
p2139,Person,40,west
p2140,Person,68,central
p2141,Person,20,east
p2142,Person,44,east
p2143,Person,38,south
p2144,Person,67,south
p2145,Person,28,east
p2146,Person,28,west
p2147,Person,56,east
p2148,Person,70,central
p2149,Person,36,west
p2150,Person,35,north
p2151,Person,34,east
p2152,Person,31,east
p2153,Person,40,south
p2154,Person,51,central
p2155,Person,26,south
p2156,Person,46,central
p2157,Person,66,south
p2158,Person,53,central
p2159,Person,34,central
p2160,Person,38,west
p2161,Person,49,west
p2162,Person,29,west
p2163,Person,46,central
p2164,Person,19,south
p2165,Person,68,central
p2166,Person,35,south
p2167,Person,25,east
p2168,Person,44,south
p2169,Person,22,north
p2170,Person,32,south
p2171,Person,45,west
p2172,Person,38,south
p2173,Person,74,south
p2174,Person,37,central
p2175,Person,29,east
p2176,Person,29,north
p2177,Person,68,west
p2178,Person,55,west
p2179,Person,50,west
p2180,Person,31,north
p2181,Person,66,central
p2182,Person,44,south
p2183,Person,25,east
p2184,Person,24,north
p2185,Person,77,east
p2186,Person,42,south
p2187,Person,23,north
p2188,Person,32,north
p2189,Person,62,north
p2190,Person,48,south
p2191,Person,63,south
p2192,Person,71,central
p2193,Person,23,east
p2194,Person,41,east
p2195,Person,76,west
p2196,Person,36,east
p2197,Person,62,south
p2198,Person,52,west
p2199,Person,22,central
p2200,Person,46,north
p2201,Person,71,east
p2202,Person,28,north
p2203,Person,38,south
p2204,Person,67,west
p2205,Person,58,north
p2206,Person,38,west
p2207,Person,73,north
p2208,Person,58,central
p2209,Person,55,north
p2210,Person,20,west
p2211,Person,48,north
p2212,Person,69,north
p2213,Person,60,central
p2214,Person,57,west
p2215,Person,55,west
p2216,Person,27,north
p2217,Person,48,north
p2218,Person,32,central
p2219,Person,76,south
p2220,Person,47,north
p2221,Person,76,east
p2222,Person,71,west
p2223,Person,74,west
p2224,Person,50,north
p2225,Person,31,south
p2226,Person,59,west
p2227,Person,46,south
p2228,Person,52,west
p2229,Person,46,north
p2230,Person,50,north
p2231,Person,33,central
p2232,Person,28,south
p2233,Person,37,north
p2234,Person,20,north
p2235,Person,36,east
p2236,Person,30,east
p2237,Person,47,south
p2238,Person,60,south
p2239,Person,64,north
p2240,Person,21,east
p2241,Person,64,south
p2242,Person,28,east
p2243,Person,34,north
p2244,Person,59,north
p2245,Person,66,east
p2246,Person,60,south
p2247,Person,20,south
p2248,Person,77,north
p2249,Person,22,central
p2250,Person,40,south
p2251,Person,57,east
p2252,Person,60,south
p2253,Person,65,north
p2254,Person,76,central
p2255,Person,58,central
p2256,Person,64,central
p2257,Person,30,south
p2258,Person,23,east
p2259,Person,27,west
p2260,Person,64,east
p2261,Person,55,west
p2262,Person,22,central
p2263,Person,44,west
p2264,Person,35,north
p2265,Person,65,north
p2266,Person,76,south
p2267,Person,55,east
p2268,Person,20,east
p2269,Person,35,east
p2270,Person,49,east
p2271,Person,58,south
p2272,Person,30,west
p2273,Person,60,north
p2274,Person,42,north
p2275,Person,62,central
p2276,Person,31,east
p2277,Person,63,south
p2278,Person,66,south
p2279,Person,57,south
p2280,Person,20,south
p2281,Person,26,south
p2282,Person,58,south
p2283,Person,60,north
p2284,Person,25,south
p2285,Person,32,south
p2286,Person,36,west
p2287,Person,66,south
p2288,Person,70,east
p2289,Person,51,north
p2290,Person,74,south
p2291,Person,52,west
p2292,Person,47,west
p2293,Person,31,north
p2294,Person,34,east
p2295,Person,38,south
p2296,Person,50,west
p2297,Person,31,central
p2298,Person,43,north
p2299,Person,50,central
p2300,Person,63,north
p2301,Person,31,east
p2302,Person,44,north
p2303,Person,48,east
p2304,Person,64,south
p2305,Person,45,central
p2306,Person,68,east
p2307,Person,54,north
p2308,Person,66,east
p2309,Person,42,central
p2310,Person,58,east
p2311,Person,30,south
p2312,Person,41,central
p2313,Person,73,west
p2314,Person,74,central
p2315,Person,45,north
p2316,Person,31,central
p2317,Person,35,east
p2318,Person,43,central
p2319,Person,69,west
p2320,Person,26,east
p2321,Person,66,east
p2322,Person,56,west
p2323,Person,70,central
p2324,Person,63,south
p2325,Person,22,central
p2326,Person,55,central
p2327,Person,56,central
p2328,Person,48,north
p2329,Person,66,west
p2330,Person,31,east
p2331,Person,26,south
p2332,Person,19,central
p2333,Person,21,north
p2334,Person,23,north
p2335,Person,23,west
p2336,Person,49,central
p2337,Person,27,north
p2338,Person,30,east
p2339,Person,53,central
p2340,Person,43,north
p2341,Person,20,east
p2342,Person,62,east
p2343,Person,42,west
p2344,Person,67,east
p2345,Person,38,west
p2346,Person,47,east
p2347,Person,77,north
p2348,Person,25,north
p2349,Person,58,south
p2350,Person,74,east
p2351,Person,49,west
p2352,Person,25,west
p2353,Person,34,south
p2354,Person,61,north
p2355,Person,23,central
p2356,Person,56,east
p2357,Person,28,west
p2358,Person,59,north
p2359,Person,69,west
p2360,Person,41,central
p2361,Person,71,north
p2362,Person,67,central
p2363,Person,67,south
p2364,Person,38,west
p2365,Person,64,west
p2366,Person,62,north
p2367,Person,55,west
p2368,Person,58,central
p2369,Person,50,north
p2370,Person,57,north
p2371,Person,41,central
p2372,Person,58,north
p2373,Person,67,central
p2374,Person,35,central
p2375,Person,61,west
p2376,Person,63,central
p2377,Person,45,central
p2378,Person,71,east
p2379,Person,56,south
p2380,Person,31,south
p2381,Person,55,east
p2382,Person,70,east
p2383,Person,45,east
p2384,Person,18,north
p2385,Person,22,north
p2386,Person,31,south
p2387,Person,67,north
p2388,Person,65,south
p2389,Person,74,east
p2390,Person,59,central
p2391,Person,47,west
p2392,Person,57,east
p2393,Person,36,east
p2394,Person,70,central
p2395,Person,55,central
p2396,Person,45,west
p2397,Person,33,central
p2398,Person,71,west
p2399,Person,71,east
p2400,Person,32,east
p2401,Person,59,east
p2402,Person,20,east
p2403,Person,75,east
p2404,Person,72,east
p2405,Person,77,south
p2406,Person,54,east
p2407,Person,35,west
p2408,Person,18,south
p2409,Person,31,east
p2410,Person,66,west
p2411,Person,43,east
p2412,Person,43,north
p2413,Person,76,north
p2414,Person,71,south
p2415,Person,66,central
p2416,Person,50,north
p2417,Person,24,west
p2418,Person,27,east
p2419,Person,54,north
p2420,Person,71,west
p2421,Person,45,central
p2422,Person,30,central
p2423,Person,20,east
p2424,Person,72,east
p2425,Person,40,east
p2426,Person,40,north
p2427,Person,33,west
p2428,Person,56,central
p2429,Person,23,north
p2430,Person,29,west
p2431,Person,33,east
p2432,Person,73,west
p2433,Person,75,south
p2434,Person,76,central
p2435,Person,56,south
p2436,Person,49,central
p2437,Person,47,west
p2438,Person,73,north
p2439,Person,26,west
p2440,Person,31,central
p2441,Person,69,west
p2442,Person,71,south
p2443,Person,39,south
p2444,Person,59,west
p2445,Person,51,east
p2446,Person,47,south
p2447,Person,48,south
p2448,Person,51,central
p2449,Person,53,north
p2450,Person,51,west
p2451,Person,46,central
p2452,Person,59,north
p2453,Person,22,central
p2454,Person,32,north
p2455,Person,49,east
p2456,Person,52,east
p2457,Person,25,east
p2458,Person,47,east
p2459,Person,70,west
p2460,Person,76,west
p2461,Person,36,south
p2462,Person,76,east
p2463,Person,75,central
p2464,Person,41,north
p2465,Person,57,south
p2466,Person,42,north
p2467,Person,42,central
p2468,Person,43,north
p2469,Person,28,east
p2470,Person,27,south
p2471,Person,55,north
p2472,Person,21,north
p2473,Person,66,central
p2474,Person,60,north
p2475,Person,32,west
p2476,Person,38,north
p2477,Person,68,central
p2478,Person,55,west
p2479,Person,29,west
p2480,Person,41,north
p2481,Person,44,west
p2482,Person,61,central
p2483,Person,22,west
p2484,Person,51,south
p2485,Person,74,north
p2486,Person,35,west
p2487,Person,50,south
p2488,Person,32,east
p2489,Person,69,north
p2490,Person,71,south
p2491,Person,20,west
p2492,Person,67,central
p2493,Person,75,north
p2494,Person,71,east
p2495,Person,35,south
p2496,Person,40,central
p2497,Person,39,east
p2498,Person,39,central
p2499,Person,76,east
p2500,Person,39,south
p2501,Person,63,south
p2502,Person,42,south
p2503,Person,75,east
p2504,Person,19,south
p2505,Person,45,north
p2506,Person,45,south
p2507,Person,72,south
p2508,Person,56,east
p2509,Person,62,south
p2510,Person,33,north
p2511,Person,66,south
p2512,Person,75,north
p2513,Person,48,north
p2514,Person,48,west
p2515,Person,29,central
p2516,Person,40,east
p2517,Person,46,east
p2518,Person,57,west
p2519,Person,71,central
p2520,Person,42,south
p2521,Person,64,east
p2522,Person,60,east
p2523,Person,68,west
p2524,Person,66,east
p2525,Person,40,west
p2526,Person,39,central
p2527,Person,29,west
p2528,Person,74,north
p2529,Person,66,central
p2530,Person,30,central
p2531,Person,20,south
p2532,Person,60,south
p2533,Person,63,east
p2534,Person,52,south
p2535,Person,42,central
p2536,Person,38,west
p2537,Person,22,central
p2538,Person,69,south
p2539,Person,35,south
p2540,Person,37,south
p2541,Person,52,east
p2542,Person,58,east
p2543,Person,34,west
p2544,Person,41,central
p2545,Person,52,west
p2546,Person,60,north
p2547,Person,70,west
p2548,Person,55,central
p2549,Person,39,south
p2550,Person,23,west
p2551,Person,38,north
p2552,Person,22,south
p2553,Person,33,central
p2554,Person,67,north
p2555,Person,59,north
p2556,Person,28,north
p2557,Person,25,north
p2558,Person,77,west
p2559,Person,20,central
p2560,Person,71,south
p2561,Person,51,south
p2562,Person,18,south
p2563,Person,48,north
p2564,Person,31,central
p2565,Person,63,south
p2566,Person,22,north
p2567,Person,50,south
p2568,Person,26,south
p2569,Person,54,west
p2570,Person,52,west
p2571,Person,59,central
p2572,Person,30,south
p2573,Person,25,west
p2574,Person,22,central
p2575,Person,42,east
p2576,Person,73,east
p2577,Person,44,east
p2578,Person,66,west
p2579,Person,54,central
p2580,Person,34,central
p2581,Person,26,south
p2582,Person,31,central
p2583,Person,24,south
p2584,Person,40,east
p2585,Person,53,south
p2586,Person,68,south
p2587,Person,64,east
p2588,Person,52,east
p2589,Person,35,west
p2590,Person,22,west
p2591,Person,27,south
p2592,Person,66,south
p2593,Person,32,north
p2594,Person,53,south
p2595,Person,21,central
p2596,Person,77,central
p2597,Person,64,north
p2598,Person,49,east
p2599,Person,74,central
p2600,Person,60,west
p2601,Person,65,south
p2602,Person,39,central
p2603,Person,67,central
p2604,Person,48,central
p2605,Person,63,south
p2606,Person,18,east
p2607,Person,23,west
p2608,Person,69,central
p2609,Person,51,north
p2610,Person,53,north
p2611,Person,20,south
p2612,Person,60,west
p2613,Person,60,west
p2614,Person,30,south
p2615,Person,21,central
p2616,Person,44,north
p2617,Person,30,north
p2618,Person,66,central
p2619,Person,28,west
p2620,Person,38,west
p2621,Person,39,south
p2622,Person,30,south
p2623,Person,42,north
p2624,Person,76,south
p2625,Person,55,west
p2626,Person,66,west
p2627,Person,40,west
p2628,Person,31,central
p2629,Person,59,south
p2630,Person,58,south
p2631,Person,31,north
p2632,Person,73,south
p2633,Person,29,north
p2634,Person,26,south
p2635,Person,70,central
p2636,Person,20,central
p2637,Person,47,north
p2638,Person,70,south
p2639,Person,23,north
p2640,Person,65,north
p2641,Person,27,west
p2642,Person,53,east
p2643,Person,29,west
p2644,Person,46,central
p2645,Person,50,east
p2646,Person,46,central
p2647,Person,36,west
p2648,Person,56,south
p2649,Person,18,central
p2650,Person,27,east
p2651,Person,29,central
p2652,Person,50,west
p2653,Person,65,west
p2654,Person,75,north
p2655,Person,43,north
p2656,Person,56,central
p2657,Person,56,east
p2658,Person,25,north
p2659,Person,67,south
p2660,Person,72,west
p2661,Person,60,south
p2662,Person,56,south
p2663,Person,43,south
p2664,Person,63,north
p2665,Person,68,north
p2666,Person,53,central
p2667,Person,41,south
p2668,Person,61,west
p2669,Person,40,west
p2670,Person,46,north
p2671,Person,52,south
p2672,Person,57,central
p2673,Person,59,east
p2674,Person,33,central
p2675,Person,46,east
p2676,Person,59,east
p2677,Person,76,north
p2678,Person,55,north
p2679,Person,32,south
p2680,Person,40,west
p2681,Person,70,west
p2682,Person,55,north
p2683,Person,38,north
p2684,Person,69,central
p2685,Person,29,east
p2686,Person,45,north
p2687,Person,58,north
p2688,Person,38,east
p2689,Person,44,west
p2690,Person,39,north
p2691,Person,58,central
p2692,Person,75,east
p2693,Person,63,south
p2694,Person,49,central
p2695,Person,69,north
p2696,Person,57,west
p2697,Person,62,east
p2698,Person,41,west
p2699,Person,76,south
p2700,Person,50,north
p2701,Person,42,south
p2702,Person,48,west
p2703,Person,21,north
p2704,Person,19,south
p2705,Person,38,central
p2706,Person,50,west
p2707,Person,55,central
p2708,Person,44,west
p2709,Person,30,central
p2710,Person,72,north
p2711,Person,59,west
p2712,Person,69,east
p2713,Person,73,east
p2714,Person,44,east
p2715,Person,28,central
p2716,Person,71,north
p2717,Person,28,south
p2718,Person,70,east
p2719,Person,20,south
p2720,Person,70,north
p2721,Person,39,east
p2722,Person,54,west
p2723,Person,76,west
p2724,Person,63,central
p2725,Person,32,central
p2726,Person,59,south
p2727,Person,51,north
p2728,Person,32,west
p2729,Person,77,north
p2730,Person,71,central
p2731,Person,40,north
p2732,Person,33,east
p2733,Person,40,east
p2734,Person,53,west
p2735,Person,58,central
p2736,Person,34,central
p2737,Person,46,west
p2738,Person,64,south
p2739,Person,50,east
p2740,Person,60,west
p2741,Person,39,west
p2742,Person,20,west
p2743,Person,62,south
p2744,Person,42,south
p2745,Person,43,west
p2746,Person,44,north
p2747,Person,23,central
p2748,Person,39,east
p2749,Person,59,central
p2750,Person,36,west
p2751,Person,46,east
p2752,Person,63,south
p2753,Person,75,south
p2754,Person,42,west
p2755,Person,60,south
p2756,Person,57,west
p2757,Person,55,central
p2758,Person,18,east
p2759,Person,38,east
p2760,Person,21,north
p2761,Person,34,east
p2762,Person,46,south
p2763,Person,60,south
p2764,Person,60,west
p2765,Person,24,west
p2766,Person,63,east
p2767,Person,47,south
p2768,Person,22,west
p2769,Person,27,east
p2770,Person,73,north
p2771,Person,35,west
p2772,Person,35,east
p2773,Person,41,south
p2774,Person,45,north
p2775,Person,35,west
p2776,Person,66,south
p2777,Person,67,west
p2778,Person,21,south
p2779,Person,18,west
p2780,Person,19,east
p2781,Person,32,north
p2782,Person,65,central
p2783,Person,74,east
p2784,Person,57,east
p2785,Person,63,north
p2786,Person,58,north
p2787,Person,36,north
p2788,Person,34,west
p2789,Person,65,north
p2790,Person,67,north
p2791,Person,55,central
p2792,Person,31,east
p2793,Person,29,west
p2794,Person,75,north
p2795,Person,23,north
p2796,Person,37,east
p2797,Person,61,north
p2798,Person,21,south
p2799,Person,42,west
p2800,Person,68,north
p2801,Person,26,east
p2802,Person,39,north
p2803,Person,35,north
p2804,Person,70,east
p2805,Person,73,west
p2806,Person,23,north
p2807,Person,66,north
p2808,Person,29,south
p2809,Person,69,central
p2810,Person,41,west
p2811,Person,46,west
p2812,Person,49,south
p2813,Person,50,east
p2814,Person,25,south
p2815,Person,36,north
p2816,Person,39,west
p2817,Person,40,central
p2818,Person,57,east
p2819,Person,26,west
p2820,Person,53,north
p2821,Person,36,south
p2822,Person,56,west
p2823,Person,73,central
p2824,Person,41,north
p2825,Person,20,central
p2826,Person,22,central
p2827,Person,40,central
p2828,Person,55,east
p2829,Person,67,central
p2830,Person,43,south
p2831,Person,35,east
p2832,Person,24,east
p2833,Person,76,central
p2834,Person,29,west
p2835,Person,43,north
p2836,Person,75,central
p2837,Person,42,south
p2838,Person,21,north
p2839,Person,58,central
p2840,Person,66,west
p2841,Person,63,south
p2842,Person,66,east
p2843,Person,37,west
p2844,Person,40,central
p2845,Person,47,east
p2846,Person,58,north
p2847,Person,39,north
p2848,Person,73,west
p2849,Person,26,central
p2850,Person,20,west
p2851,Person,45,east
p2852,Person,72,west
p2853,Person,66,central
p2854,Person,20,west
p2855,Person,70,west
p2856,Person,27,north
p2857,Person,69,south
p2858,Person,21,south
p2859,Person,37,south
p2860,Person,72,east
p2861,Person,34,north
p2862,Person,73,east
p2863,Person,27,south
p2864,Person,49,east
p2865,Person,76,west
p2866,Person,64,west
p2867,Person,62,east
p2868,Person,67,east
p2869,Person,68,east
p2870,Person,71,north
p2871,Person,47,central
p2872,Person,28,central
p2873,Person,74,west
p2874,Person,74,west
p2875,Person,26,south
p2876,Person,42,south
p2877,Person,31,east
p2878,Person,38,central
p2879,Person,44,central
p2880,Person,28,west
p2881,Person,69,west
p2882,Person,60,east
p2883,Person,67,south
p2884,Person,77,south
p2885,Person,52,north
p2886,Person,74,central
p2887,Person,44,central
p2888,Person,44,central
p2889,Person,30,south
p2890,Person,74,west
p2891,Person,24,central
p2892,Person,43,west
p2893,Person,77,north
p2894,Person,44,east
p2895,Person,31,central
p2896,Person,39,east
p2897,Person,77,east
p2898,Person,52,north
p2899,Person,42,south
p2900,Person,57,north
p2901,Person,77,south
p2902,Person,52,north
p2903,Person,37,south
p2904,Person,55,west
p2905,Person,57,west
p2906,Person,36,south
p2907,Person,43,north
p2908,Person,47,north
p2909,Person,69,east
p2910,Person,38,west
p2911,Person,34,west
p2912,Person,24,south
p2913,Person,59,east
p2914,Person,21,central
p2915,Person,36,south
p2916,Person,61,east
p2917,Person,48,north
p2918,Person,60,east
p2919,Person,31,east
p2920,Person,63,west
p2921,Person,74,central
p2922,Person,66,central
p2923,Person,77,south
p2924,Person,60,east
p2925,Person,66,central
p2926,Person,50,central
p2927,Person,76,central
p2928,Person,74,central
p2929,Person,54,south
p2930,Person,55,west
p2931,Person,43,west
p2932,Person,51,central
p2933,Person,28,north
p2934,Person,70,east
p2935,Person,70,central
p2936,Person,75,north
p2937,Person,48,west
p2938,Person,31,south
p2939,Person,53,south
p2940,Person,63,north
p2941,Person,55,north
p2942,Person,22,central
p2943,Person,67,west
p2944,Person,27,west
p2945,Person,35,east
p2946,Person,19,central
p2947,Person,32,north
p2948,Person,66,east
p2949,Person,46,east
p2950,Person,28,south
p2951,Person,74,central
p2952,Person,71,north
p2953,Person,39,south
p2954,Person,55,east
p2955,Person,73,north
p2956,Person,38,west
p2957,Person,74,east
p2958,Person,49,north
p2959,Person,57,north
p2960,Person,73,central
p2961,Person,29,west
p2962,Person,55,central
p2963,Person,58,east
p2964,Person,31,central
p2965,Person,77,north
p2966,Person,70,east
p2967,Person,51,central
p2968,Person,65,east
p2969,Person,66,west
p2970,Person,75,north
p2971,Person,31,central
p2972,Person,49,south
p2973,Person,24,east
p2974,Person,65,east
p2975,Person,37,west
p2976,Person,60,central
p2977,Person,49,north
p2978,Person,26,south
p2979,Person,19,north
p2980,Person,41,central
p2981,Person,33,west
p2982,Person,31,north
p2983,Person,68,east
p2984,Person,45,west
p2985,Person,68,west
p2986,Person,48,west
p2987,Person,30,east
p2988,Person,22,east
p2989,Person,39,west
p2990,Person,69,west
p2991,Person,67,east
p2992,Person,35,north
p2993,Person,70,east
p2994,Person,38,north
p2995,Person,66,west
p2996,Person,56,north
p2997,Person,33,west
p2998,Person,76,east
p2999,Person,28,north
p3000,Person,27,south
p3001,Person,24,south
p3002,Person,67,north
p3003,Person,51,west
p3004,Person,42,north
p3005,Person,33,central
p3006,Person,59,north
p3007,Person,70,south
p3008,Person,51,south
p3009,Person,69,central
p3010,Person,69,central
p3011,Person,22,central
p3012,Person,40,central
p3013,Person,22,central
p3014,Person,31,south
p3015,Person,52,south
p3016,Person,30,central
p3017,Person,52,north
p3018,Person,29,north
p3019,Person,30,west
p3020,Person,63,central
p3021,Person,73,west
p3022,Person,56,east
p3023,Person,61,west
p3024,Person,46,east
p3025,Person,75,north
p3026,Person,59,east
p3027,Person,59,south
p3028,Person,39,central
p3029,Person,58,north
p3030,Person,30,south
p3031,Person,52,south
p3032,Person,49,east
p3033,Person,23,central
p3034,Person,33,central
p3035,Person,54,west
p3036,Person,66,south
p3037,Person,21,east
p3038,Person,28,north
p3039,Person,19,west
p3040,Person,22,east
p3041,Person,77,west
p3042,Person,45,east
p3043,Person,47,central
p3044,Person,30,north
p3045,Person,27,south
p3046,Person,53,east
p3047,Person,74,west
p3048,Person,74,east
p3049,Person,51,west
p3050,Person,52,east
p3051,Person,54,west
p3052,Person,56,east
p3053,Person,55,south
p3054,Person,44,central
p3055,Person,75,east
p3056,Person,77,central
p3057,Person,73,north
p3058,Person,49,west
p3059,Person,51,west
p3060,Person,72,east
p3061,Person,69,east
p3062,Person,42,west
p3063,Person,31,south
p3064,Person,37,west
p3065,Person,70,west
p3066,Person,54,east
p3067,Person,28,east
p3068,Person,32,east
p3069,Person,56,north
p3070,Person,47,central
p3071,Person,57,south
p3072,Person,69,north
p3073,Person,53,north
p3074,Person,18,west
p3075,Person,52,east
p3076,Person,42,east
p3077,Person,75,north
p3078,Person,32,west
p3079,Person,30,north
p3080,Person,22,north
p3081,Person,38,central
p3082,Person,22,south
p3083,Person,48,north
p3084,Person,70,north
p3085,Person,71,north
p3086,Person,41,west
p3087,Person,50,west
p3088,Person,22,central
p3089,Person,40,east
p3090,Person,42,central
p3091,Person,70,north
p3092,Person,52,east
p3093,Person,40,north
p3094,Person,69,north
p3095,Person,34,north
p3096,Person,59,east
p3097,Person,29,south
p3098,Person,26,north
p3099,Person,57,central
p3100,Person,44,east
p3101,Person,49,west
p3102,Person,61,south
p3103,Person,27,south
p3104,Person,74,central
p3105,Person,41,south
p3106,Person,26,north
p3107,Person,59,south
p3108,Person,75,south
p3109,Person,25,north
p3110,Person,33,east
p3111,Person,72,central
p3112,Person,66,north
p3113,Person,29,central
p3114,Person,52,central
p3115,Person,41,west
p3116,Person,33,east
p3117,Person,27,north
p3118,Person,42,north
p3119,Person,51,north
p3120,Person,26,east
p3121,Person,47,east
p3122,Person,59,north
p3123,Person,49,west
p3124,Person,52,south
p3125,Person,24,south
p3126,Person,20,north
p3127,Person,31,east
p3128,Person,75,west
p3129,Person,32,east
p3130,Person,63,north
p3131,Person,20,central
p3132,Person,47,north
p3133,Person,63,east
p3134,Person,71,west
p3135,Person,48,south
p3136,Person,57,north
p3137,Person,70,north
p3138,Person,72,east
p3139,Person,29,central
p3140,Person,75,south
p3141,Person,50,west
p3142,Person,75,east
p3143,Person,69,east
p3144,Person,31,east
p3145,Person,22,central
p3146,Person,19,west
p3147,Person,54,west
p3148,Person,61,east
p3149,Person,65,south
p3150,Person,60,west
p3151,Person,40,south
p3152,Person,24,east
p3153,Person,71,east
p3154,Person,33,west
p3155,Person,52,south
p3156,Person,22,west
p3157,Person,60,south
p3158,Person,62,east
p3159,Person,56,east
p3160,Person,73,central
p3161,Person,56,west
p3162,Person,18,central
p3163,Person,60,south
p3164,Person,26,south
p3165,Person,64,central
p3166,Person,29,central
p3167,Person,30,central
p3168,Person,65,south
p3169,Person,53,south
p3170,Person,34,north
p3171,Person,21,west
p3172,Person,45,west
p3173,Person,53,north
p3174,Person,60,west
p3175,Person,41,west
p3176,Person,53,north
p3177,Person,59,east
p3178,Person,30,west
p3179,Person,27,central
p3180,Person,25,east
p3181,Person,76,central
p3182,Person,64,west
p3183,Person,37,central
p3184,Person,33,south
p3185,Person,30,north
p3186,Person,29,west
p3187,Person,49,south
p3188,Person,48,west
p3189,Person,47,east
p3190,Person,35,north
p3191,Person,23,north
p3192,Person,45,north
p3193,Person,45,west
p3194,Person,27,east
p3195,Person,53,south
p3196,Person,71,east
p3197,Person,52,south
p3198,Person,28,west
p3199,Person,58,central
p3200,Person,22,south
p3201,Person,23,south
p3202,Person,31,south
p3203,Person,52,south
p3204,Person,76,central
p3205,Person,73,east
p3206,Person,70,central
p3207,Person,43,south
p3208,Person,35,central
p3209,Person,27,west
p3210,Person,55,central
p3211,Person,50,south
p3212,Person,37,south
p3213,Person,49,west
p3214,Person,71,central
p3215,Person,47,north
p3216,Person,56,south
p3217,Person,74,east
p3218,Person,27,west
p3219,Person,69,east
p3220,Person,54,central
p3221,Person,32,central
p3222,Person,36,east
p3223,Person,28,north
p3224,Person,48,south
p3225,Person,49,east
p3226,Person,69,central
p3227,Person,55,east
p3228,Person,43,west
p3229,Person,25,south
p3230,Person,56,south
p3231,Person,42,west
p3232,Person,36,east
p3233,Person,64,north
p3234,Person,39,east
p3235,Person,63,east
p3236,Person,74,south
p3237,Person,62,north
p3238,Person,30,north
p3239,Person,63,east
p3240,Person,64,east
p3241,Person,50,east
p3242,Person,56,east
p3243,Person,65,central
p3244,Person,65,east
p3245,Person,31,west
p3246,Person,76,central
p3247,Person,68,west
p3248,Person,51,west
p3249,Person,25,central
p3250,Person,59,east
p3251,Person,38,north
p3252,Person,50,west
p3253,Person,27,east
p3254,Person,31,central
p3255,Person,44,south
p3256,Person,49,south
p3257,Person,33,north
p3258,Person,75,north
p3259,Person,68,north
p3260,Person,62,west
p3261,Person,70,south
p3262,Person,67,north
p3263,Person,69,west
p3264,Person,31,east
p3265,Person,70,north
p3266,Person,43,east
p3267,Person,41,south
p3268,Person,43,east
p3269,Person,44,east
p3270,Person,54,central
p3271,Person,76,central
p3272,Person,25,west
p3273,Person,59,west
p3274,Person,36,west
p3275,Person,34,east
p3276,Person,39,central
p3277,Person,37,north
p3278,Person,44,west
p3279,Person,33,north
p3280,Person,32,east
p3281,Person,73,central
p3282,Person,66,east
p3283,Person,53,north
p3284,Person,46,west
p3285,Person,35,central
p3286,Person,35,east
p3287,Person,23,north
p3288,Person,52,east
p3289,Person,36,east
p3290,Person,50,north
p3291,Person,62,east
p3292,Person,58,south
p3293,Person,76,central
p3294,Person,24,south
p3295,Person,31,east
p3296,Person,46,north
p3297,Person,74,east
p3298,Person,34,north
p3299,Person,37,east
p3300,Person,60,west
p3301,Person,70,central
p3302,Person,46,north
p3303,Person,54,central
p3304,Person,68,south
p3305,Person,44,west
p3306,Person,68,east
p3307,Person,66,west
p3308,Person,53,west
p3309,Person,75,central
p3310,Person,24,north
p3311,Person,69,east
p3312,Person,36,north
p3313,Person,65,central
p3314,Person,73,west
p3315,Person,77,west
p3316,Person,59,west
p3317,Person,20,west
p3318,Person,34,west
p3319,Person,23,west
p3320,Person,51,east
p3321,Person,43,south
p3322,Person,72,south
p3323,Person,25,south
p3324,Person,58,east
p3325,Person,60,east
p3326,Person,61,north
p3327,Person,74,central
p3328,Person,50,central
p3329,Person,56,west
p3330,Person,28,east
p3331,Person,19,south
p3332,Person,65,north
p3333,Person,28,north
p3334,Person,73,central
p3335,Person,63,east
p3336,Person,41,north
p3337,Person,28,central
p3338,Person,23,north
p3339,Person,32,west
p3340,Person,60,north
p3341,Person,27,south
p3342,Person,30,south
p3343,Person,45,west
p3344,Person,65,north
p3345,Person,68,east
p3346,Person,64,west
p3347,Person,24,east
p3348,Person,32,south
p3349,Person,56,south
p3350,Person,44,north
p3351,Person,74,east
p3352,Person,75,central
p3353,Person,19,south
p3354,Person,56,east
p3355,Person,35,west
p3356,Person,49,north
p3357,Person,54,west
p3358,Person,70,east
p3359,Person,35,central
p3360,Person,18,north
p3361,Person,38,west
p3362,Person,69,north
p3363,Person,54,east
p3364,Person,45,south
p3365,Person,72,south
p3366,Person,57,north
p3367,Person,67,east
p3368,Person,76,north
p3369,Person,50,west
p3370,Person,73,south
p3371,Person,31,east
p3372,Person,39,west
p3373,Person,68,north
p3374,Person,76,west
p3375,Person,47,south
p3376,Person,61,central
p3377,Person,42,west
p3378,Person,58,south
p3379,Person,29,south
p3380,Person,69,central
p3381,Person,53,central
p3382,Person,44,central
p3383,Person,70,south
p3384,Person,68,west
p3385,Person,35,east
p3386,Person,70,south
p3387,Person,64,south
p3388,Person,61,central
p3389,Person,36,west
p3390,Person,60,west
p3391,Person,32,west
p3392,Person,48,east
p3393,Person,21,west
p3394,Person,75,south
p3395,Person,26,west
p3396,Person,48,central
p3397,Person,31,west
p3398,Person,74,central
p3399,Person,38,south
p3400,Person,37,east
p3401,Person,73,central
p3402,Person,77,east
p3403,Person,48,east
p3404,Person,44,north
p3405,Person,75,north
p3406,Person,51,south
p3407,Person,48,north
p3408,Person,49,south
p3409,Person,28,central
p3410,Person,62,east
p3411,Person,45,north
p3412,Person,33,east
p3413,Person,71,south
p3414,Person,52,west
p3415,Person,28,west
p3416,Person,49,south
p3417,Person,18,south
p3418,Person,41,east
p3419,Person,52,south
p3420,Person,39,south
p3421,Person,66,west
p3422,Person,51,central
p3423,Person,47,south
p3424,Person,44,west
p3425,Person,23,north
p3426,Person,29,central
p3427,Person,68,south
p3428,Person,59,east
p3429,Person,55,east
p3430,Person,21,central
p3431,Person,55,central
p3432,Person,64,central
p3433,Person,46,south
p3434,Person,22,east
p3435,Person,52,west
p3436,Person,76,south
p3437,Person,49,east
p3438,Person,63,central
p3439,Person,77,west
p3440,Person,68,north
p3441,Person,32,north
p3442,Person,44,east
p3443,Person,31,south
p3444,Person,22,north
p3445,Person,48,east
p3446,Person,49,west
p3447,Person,20,central
p3448,Person,54,west
p3449,Person,77,south
p3450,Person,70,central
p3451,Person,69,east
p3452,Person,36,central
p3453,Person,32,east
p3454,Person,48,central
p3455,Person,29,north
p3456,Person,52,west
p3457,Person,68,north
p3458,Person,42,east
p3459,Person,46,south
p3460,Person,44,east
p3461,Person,18,west
p3462,Person,57,east
p3463,Person,29,north
p3464,Person,66,east
p3465,Person,21,east
p3466,Person,26,south
p3467,Person,33,south
p3468,Person,75,west
p3469,Person,45,south
p3470,Person,29,north
p3471,Person,19,central
p3472,Person,21,south
p3473,Person,35,south
p3474,Person,70,south
p3475,Person,45,south
p3476,Person,18,south
p3477,Person,59,central
p3478,Person,44,south
p3479,Person,71,west
p3480,Person,53,north
p3481,Person,24,south
p3482,Person,27,south
p3483,Person,25,central
p3484,Person,28,north
p3485,Person,44,west
p3486,Person,31,west
p3487,Person,73,south
p3488,Person,77,central
p3489,Person,62,north
p3490,Person,40,west
p3491,Person,69,north
p3492,Person,26,central
p3493,Person,69,west
p3494,Person,40,central
p3495,Person,67,north
p3496,Person,63,east
p3497,Person,28,central
p3498,Person,27,south
p3499,Person,20,west
p3500,Person,39,south
p3501,Person,64,north
p3502,Person,30,east
p3503,Person,71,east
p3504,Person,22,north
p3505,Person,37,west
p3506,Person,32,north
p3507,Person,77,south
p3508,Person,47,north
p3509,Person,27,south
p3510,Person,20,east
p3511,Person,23,west
p3512,Person,69,central
p3513,Person,39,west
p3514,Person,70,north
p3515,Person,32,south
p3516,Person,58,central
p3517,Person,26,north
p3518,Person,28,west
p3519,Person,65,north
p3520,Person,55,central
p3521,Person,33,central
p3522,Person,63,south
p3523,Person,60,east
p3524,Person,77,east
p3525,Person,72,north
p3526,Person,34,east
p3527,Person,32,south
p3528,Person,55,west
p3529,Person,32,west
p3530,Person,30,east
p3531,Person,52,central
p3532,Person,54,west
p3533,Person,70,south
p3534,Person,60,south
p3535,Person,57,east
p3536,Person,30,central
p3537,Person,45,west
p3538,Person,37,south
p3539,Person,54,west
p3540,Person,38,east
p3541,Person,77,north
p3542,Person,59,west
p3543,Person,39,central
p3544,Person,67,east
p3545,Person,22,central
p3546,Person,28,north
p3547,Person,77,south
p3548,Person,40,south
p3549,Person,73,central
p3550,Person,45,central
p3551,Person,55,south
p3552,Person,27,north
p3553,Person,38,south
p3554,Person,56,central
p3555,Person,53,north
p3556,Person,77,south
p3557,Person,25,north
p3558,Person,74,central
p3559,Person,41,west
p3560,Person,34,west
p3561,Person,25,east
p3562,Person,45,north
p3563,Person,77,central
p3564,Person,41,east
p3565,Person,26,west
p3566,Person,71,central
p3567,Person,22,central
p3568,Person,51,west
p3569,Person,45,central
p3570,Person,25,north
p3571,Person,30,west
p3572,Person,32,west
p3573,Person,55,west
p3574,Person,38,west
p3575,Person,75,central
p3576,Person,32,south
p3577,Person,43,east
p3578,Person,44,west
p3579,Person,54,west
p3580,Person,22,north
p3581,Person,18,west
p3582,Person,75,west
p3583,Person,69,south
p3584,Person,40,east
p3585,Person,34,central
p3586,Person,24,north
p3587,Person,70,north
p3588,Person,31,north
p3589,Person,37,south
p3590,Person,63,east
p3591,Person,42,south
p3592,Person,56,central
p3593,Person,52,west
p3594,Person,35,east
p3595,Person,76,east
p3596,Person,31,east
p3597,Person,59,south
p3598,Person,71,south
p3599,Person,50,east
p3600,Person,43,west
p3601,Person,51,south
p3602,Person,49,north
p3603,Person,72,east
p3604,Person,42,south
p3605,Person,62,west
p3606,Person,43,west
p3607,Person,57,west
p3608,Person,49,east
p3609,Person,57,south
p3610,Person,37,east
p3611,Person,38,north
p3612,Person,53,east
p3613,Person,50,west
p3614,Person,53,central
p3615,Person,30,west
p3616,Person,70,north
p3617,Person,40,central
p3618,Person,20,east
p3619,Person,23,west
p3620,Person,74,central
p3621,Person,46,central
p3622,Person,27,west
p3623,Person,66,east
p3624,Person,63,west
p3625,Person,50,central
p3626,Person,54,west
p3627,Person,53,east
p3628,Person,49,west
p3629,Person,66,east
p3630,Person,67,south
p3631,Person,77,north
p3632,Person,77,central
p3633,Person,27,south
p3634,Person,57,west
p3635,Person,70,south
p3636,Person,22,north
p3637,Person,47,east
p3638,Person,53,central
p3639,Person,55,south
p3640,Person,70,north
p3641,Person,72,west
p3642,Person,31,north
p3643,Person,24,south
p3644,Person,76,north
p3645,Person,59,central
p3646,Person,65,north
p3647,Person,64,east
p3648,Person,69,central
p3649,Person,76,north
p3650,Person,28,central
p3651,Person,49,north
p3652,Person,76,central
p3653,Person,53,east
p3654,Person,68,east
p3655,Person,23,west
p3656,Person,75,north
p3657,Person,33,central
p3658,Person,30,east
p3659,Person,47,west
p3660,Person,57,central
p3661,Person,19,central
p3662,Person,44,west
p3663,Person,21,central
p3664,Person,75,west
p3665,Person,45,south
p3666,Person,77,west
p3667,Person,21,east
p3668,Person,43,central
p3669,Person,35,east
p3670,Person,66,south
p3671,Person,40,east
p3672,Person,22,west
p3673,Person,18,east
p3674,Person,23,east
p3675,Person,28,east
p3676,Person,19,north
p3677,Person,76,east
p3678,Person,29,west
p3679,Person,41,central
p3680,Person,75,west
p3681,Person,62,east
p3682,Person,54,central
p3683,Person,30,south
p3684,Person,66,south
p3685,Person,51,central
p3686,Person,54,north
p3687,Person,50,east
p3688,Person,21,east
p3689,Person,21,south
p3690,Person,54,west
p3691,Person,65,west
p3692,Person,33,north
p3693,Person,18,south
p3694,Person,53,north
p3695,Person,36,central
p3696,Person,22,west
p3697,Person,30,south
p3698,Person,75,south
p3699,Person,57,south
p3700,Person,54,west
p3701,Person,43,south
p3702,Person,74,east
p3703,Person,19,south
p3704,Person,32,central
p3705,Person,43,east
p3706,Person,63,east
p3707,Person,43,east
p3708,Person,34,south
p3709,Person,41,south
p3710,Person,27,central
p3711,Person,40,west
p3712,Person,46,north
p3713,Person,39,central
p3714,Person,41,north
p3715,Person,30,north
p3716,Person,49,south
p3717,Person,30,south
p3718,Person,56,west
p3719,Person,63,north
p3720,Person,56,west
p3721,Person,57,north
p3722,Person,71,central
p3723,Person,61,south
p3724,Person,38,east
p3725,Person,53,west
p3726,Person,42,central
p3727,Person,28,west
p3728,Person,62,north
p3729,Person,60,central
p3730,Person,64,west
p3731,Person,38,south
p3732,Person,54,east
p3733,Person,64,east
p3734,Person,50,central
p3735,Person,64,south
p3736,Person,40,west
p3737,Person,69,north
p3738,Person,60,central
p3739,Person,34,south
p3740,Person,74,east
p3741,Person,48,north
p3742,Person,55,east
p3743,Person,42,west
p3744,Person,45,east
p3745,Person,70,central
p3746,Person,50,east
p3747,Person,52,central
p3748,Person,52,east
p3749,Person,39,east
p3750,Person,42,north
p3751,Person,22,east
p3752,Person,47,south
p3753,Person,42,west
p3754,Person,31,west
p3755,Person,20,north
p3756,Person,70,east
p3757,Person,77,central
p3758,Person,66,south
p3759,Person,66,south
p3760,Person,22,central
p3761,Person,19,central
p3762,Person,49,east
p3763,Person,47,east
p3764,Person,71,west
p3765,Person,19,north
p3766,Person,20,north
p3767,Person,61,central
p3768,Person,24,south
p3769,Person,56,east
p3770,Person,50,west
p3771,Person,70,central
p3772,Person,30,central
p3773,Person,53,north
p3774,Person,44,north
p3775,Person,71,central
p3776,Person,63,central
p3777,Person,67,south
p3778,Person,36,central
p3779,Person,44,west
p3780,Person,26,north
p3781,Person,69,east
p3782,Person,64,south
p3783,Person,39,south
p3784,Person,19,west
p3785,Person,18,north
p3786,Person,32,south
p3787,Person,76,south
p3788,Person,27,east
p3789,Person,20,central
p3790,Person,57,central
p3791,Person,31,south
p3792,Person,19,west
p3793,Person,72,north
p3794,Person,26,central
p3795,Person,61,north
p3796,Person,27,west
p3797,Person,59,east
p3798,Person,49,west
p3799,Person,65,west
p3800,Person,37,central
p3801,Person,67,south
p3802,Person,73,south
p3803,Person,53,east
p3804,Person,77,west
p3805,Person,37,north
p3806,Person,25,north
p3807,Person,38,north
p3808,Person,33,south
p3809,Person,60,south
p3810,Person,27,east
p3811,Person,62,south
p3812,Person,36,central
p3813,Person,72,east
p3814,Person,43,north
p3815,Person,33,central
p3816,Person,18,west
p3817,Person,65,east
p3818,Person,35,south
p3819,Person,77,north
p3820,Person,56,east
p3821,Person,57,south
p3822,Person,32,north
p3823,Person,58,central
p3824,Person,74,west
p3825,Person,73,east
p3826,Person,68,east
p3827,Person,61,north
p3828,Person,19,east
p3829,Person,30,north
p3830,Person,42,north
p3831,Person,24,west
p3832,Person,32,east
p3833,Person,76,east
p3834,Person,43,central
p3835,Person,51,south
p3836,Person,21,north
p3837,Person,54,south
p3838,Person,69,west
p3839,Person,49,central
p3840,Person,30,south
p3841,Person,19,central
p3842,Person,73,central
p3843,Person,51,north
p3844,Person,70,west
p3845,Person,41,central
p3846,Person,69,north
p3847,Person,33,north
p3848,Person,54,south
p3849,Person,22,central
p3850,Person,29,south
p3851,Person,72,central
p3852,Person,44,north
p3853,Person,27,east
p3854,Person,71,north
p3855,Person,23,west
p3856,Person,42,south
p3857,Person,62,west
p3858,Person,60,west
p3859,Person,67,central
p3860,Person,47,central
p3861,Person,63,central
p3862,Person,55,south
p3863,Person,38,east
p3864,Person,31,west
p3865,Person,33,east
p3866,Person,44,north
p3867,Person,37,west
p3868,Person,46,north
p3869,Person,43,central
p3870,Person,49,east
p3871,Person,22,north
p3872,Person,35,west
p3873,Person,53,east
p3874,Person,43,west
p3875,Person,75,north
p3876,Person,47,west
p3877,Person,23,west
p3878,Person,26,central
p3879,Person,34,east
p3880,Person,71,central
p3881,Person,50,north
p3882,Person,23,central
p3883,Person,46,north
p3884,Person,34,west
p3885,Person,67,west
p3886,Person,27,north
p3887,Person,37,east
p3888,Person,46,south
p3889,Person,26,east
p3890,Person,70,central
p3891,Person,20,central
p3892,Person,73,north
p3893,Person,57,north
p3894,Person,62,north
p3895,Person,70,east
p3896,Person,31,central
p3897,Person,61,east
p3898,Person,54,west
p3899,Person,74,east
p3900,Person,67,west
p3901,Person,70,central
p3902,Person,33,central
p3903,Person,43,north
p3904,Person,76,north
p3905,Person,48,north
p3906,Person,27,east
p3907,Person,60,east
p3908,Person,37,central
p3909,Person,46,south
p3910,Person,57,east
p3911,Person,45,north
p3912,Person,20,south
p3913,Person,25,east
p3914,Person,45,east
p3915,Person,35,east
p3916,Person,75,east
p3917,Person,28,central
p3918,Person,30,east
p3919,Person,40,west
p3920,Person,61,west
p3921,Person,32,central
p3922,Person,74,south
p3923,Person,59,north
p3924,Person,43,south
p3925,Person,46,east
p3926,Person,69,west
p3927,Person,68,west
p3928,Person,32,north
p3929,Person,39,central
p3930,Person,34,west
p3931,Person,42,north
p3932,Person,51,south
p3933,Person,63,central
p3934,Person,43,west
p3935,Person,61,north
p3936,Person,68,east
p3937,Person,52,south
p3938,Person,23,west
p3939,Person,51,south
p3940,Person,24,east
p3941,Person,50,west
p3942,Person,36,south
p3943,Person,56,north
p3944,Person,52,central
p3945,Person,41,north
p3946,Person,72,north
p3947,Person,30,south
p3948,Person,34,east
p3949,Person,59,east
p3950,Person,56,east
p3951,Person,47,central
p3952,Person,46,south
p3953,Person,56,south
p3954,Person,74,north
p3955,Person,27,west
p3956,Person,61,south
p3957,Person,29,north
p3958,Person,75,south
p3959,Person,18,west
p3960,Person,25,south
p3961,Person,47,west
p3962,Person,58,north
p3963,Person,77,central
p3964,Person,66,east
p3965,Person,39,central
p3966,Person,60,central
p3967,Person,24,south
p3968,Person,18,east
p3969,Person,73,north
p3970,Person,75,south
p3971,Person,20,west
p3972,Person,71,east
p3973,Person,19,west
p3974,Person,55,south
p3975,Person,46,south
p3976,Person,77,east
p3977,Person,21,north
p3978,Person,32,north
p3979,Person,23,central
p3980,Person,35,east
p3981,Person,63,central
p3982,Person,24,east
p3983,Person,43,central
p3984,Person,30,central
p3985,Person,40,east
p3986,Person,69,central
p3987,Person,58,west
p3988,Person,51,north
p3989,Person,29,south
p3990,Person,38,west
p3991,Person,58,south
p3992,Person,53,south
p3993,Person,19,west
p3994,Person,28,east
p3995,Person,68,south
p3996,Person,58,north
p3997,Person,70,north
p3998,Person,60,north
p3999,Person,19,north
p4000,Person,20,east
p4001,Person,55,north
p4002,Person,35,central
p4003,Person,57,east
p4004,Person,32,west
p4005,Person,68,south
p4006,Person,29,east
p4007,Person,27,central
p4008,Person,73,west
p4009,Person,67,west
p4010,Person,26,south
p4011,Person,73,south
p4012,Person,45,south
p4013,Person,31,north
p4014,Person,67,central
p4015,Person,24,central
p4016,Person,40,south
p4017,Person,22,north
p4018,Person,45,east
p4019,Person,56,east
p4020,Person,32,west
p4021,Person,51,east
p4022,Person,44,west
p4023,Person,47,central
p4024,Person,40,north
p4025,Person,76,north
p4026,Person,74,south
p4027,Person,25,central
p4028,Person,45,central
p4029,Person,39,north
p4030,Person,66,central
p4031,Person,18,south
p4032,Person,70,central
p4033,Person,72,east
p4034,Person,23,east
p4035,Person,49,central
p4036,Person,40,north
p4037,Person,22,east
p4038,Person,25,north
p4039,Person,56,north
p4040,Person,64,west
p4041,Person,54,central
p4042,Person,64,north
p4043,Person,23,east
p4044,Person,47,north
p4045,Person,51,west
p4046,Person,57,east
p4047,Person,52,central
p4048,Person,29,south
p4049,Person,72,central
p4050,Person,23,west
p4051,Person,38,north
p4052,Person,41,east
p4053,Person,69,south
p4054,Person,28,central
p4055,Person,21,south
p4056,Person,19,east
p4057,Person,47,south
p4058,Person,73,south
p4059,Person,67,east
p4060,Person,73,north
p4061,Person,46,north
p4062,Person,70,north
p4063,Person,58,north
p4064,Person,62,central
p4065,Person,30,north
p4066,Person,73,south
p4067,Person,67,south
p4068,Person,48,central
p4069,Person,35,west
p4070,Person,74,central
p4071,Person,57,west
p4072,Person,40,south
p4073,Person,32,central
p4074,Person,45,west
p4075,Person,47,north
p4076,Person,77,west
p4077,Person,77,north
p4078,Person,21,west
p4079,Person,33,west
p4080,Person,32,south
p4081,Person,21,south
p4082,Person,26,north
p4083,Person,54,north
p4084,Person,54,central
p4085,Person,58,central
p4086,Person,52,south
p4087,Person,54,west
p4088,Person,58,east
p4089,Person,61,east
p4090,Person,30,east
p4091,Person,54,south
p4092,Person,53,central
p4093,Person,24,north
p4094,Person,26,north
p4095,Person,72,central
p4096,Person,45,north
p4097,Person,68,west
p4098,Person,62,west
p4099,Person,60,south
p4100,Person,24,east
p4101,Person,29,north
p4102,Person,44,west
p4103,Person,74,central
p4104,Person,39,central
p4105,Person,35,south
p4106,Person,66,central
p4107,Person,50,south
p4108,Person,75,south
p4109,Person,54,east
p4110,Person,73,north
p4111,Person,56,central
p4112,Person,26,east
p4113,Person,47,east
p4114,Person,67,central
p4115,Person,67,north
p4116,Person,59,west
p4117,Person,47,north
p4118,Person,25,east
p4119,Person,21,east
p4120,Person,53,south
p4121,Person,44,north
p4122,Person,35,west
p4123,Person,51,west
p4124,Person,26,north
p4125,Person,36,north
p4126,Person,23,south
p4127,Person,35,north
p4128,Person,24,north
p4129,Person,58,north
p4130,Person,33,south
p4131,Person,77,north
p4132,Person,33,central
p4133,Person,46,north
p4134,Person,27,north
p4135,Person,73,north
p4136,Person,54,east
p4137,Person,35,west
p4138,Person,26,south
p4139,Person,42,west
p4140,Person,48,north
p4141,Person,71,central
p4142,Person,60,west
p4143,Person,31,east
p4144,Person,69,east
p4145,Person,73,north
p4146,Person,59,north
p4147,Person,39,east
p4148,Person,65,west
p4149,Person,38,central
p4150,Person,20,central
p4151,Person,58,north
p4152,Person,48,east
p4153,Person,54,west
p4154,Person,77,north
p4155,Person,30,south
p4156,Person,58,east
p4157,Person,28,central
p4158,Person,33,north
p4159,Person,23,south
p4160,Person,50,east
p4161,Person,31,north
p4162,Person,52,east
p4163,Person,41,east
p4164,Person,44,central
p4165,Person,45,north
p4166,Person,26,east
p4167,Person,75,west
p4168,Person,58,north
p4169,Person,35,central
p4170,Person,54,central
p4171,Person,70,north
p4172,Person,22,west
p4173,Person,71,north
p4174,Person,19,west
p4175,Person,45,east
p4176,Person,26,south
p4177,Person,50,west
p4178,Person,69,central
p4179,Person,18,south
p4180,Person,36,north
p4181,Person,36,east
p4182,Person,63,central
p4183,Person,65,east
p4184,Person,21,south
p4185,Person,59,south
p4186,Person,35,east
p4187,Person,72,central
p4188,Person,21,east
p4189,Person,39,central
p4190,Person,56,south
p4191,Person,25,north
p4192,Person,60,south
p4193,Person,69,central
p4194,Person,59,central
p4195,Person,33,south
p4196,Person,33,east
p4197,Person,69,north
p4198,Person,46,west
p4199,Person,25,south
p4200,Person,51,south
p4201,Person,66,central
p4202,Person,74,north
p4203,Person,25,west
p4204,Person,48,east
p4205,Person,69,central
p4206,Person,21,central
p4207,Person,52,east
p4208,Person,18,north
p4209,Person,32,north
p4210,Person,47,central
p4211,Person,25,east
p4212,Person,56,central
p4213,Person,66,south
p4214,Person,59,south
p4215,Person,27,west
p4216,Person,39,south
p4217,Person,60,east
p4218,Person,43,west
p4219,Person,53,central
p4220,Person,25,north
p4221,Person,56,south
p4222,Person,65,north
p4223,Person,68,north
p4224,Person,30,central
p4225,Person,26,south
p4226,Person,71,west
p4227,Person,69,west
p4228,Person,22,east
p4229,Person,44,central
p4230,Person,21,south
p4231,Person,20,central
p4232,Person,47,west
p4233,Person,76,east
p4234,Person,76,north
p4235,Person,47,central
p4236,Person,68,south
p4237,Person,23,north
p4238,Person,33,east
p4239,Person,72,west
p4240,Person,39,south
p4241,Person,61,south
p4242,Person,52,east
p4243,Person,48,central
p4244,Person,21,south
p4245,Person,76,north
p4246,Person,48,north
p4247,Person,27,south
p4248,Person,29,north
p4249,Person,20,west
p4250,Person,68,west
p4251,Person,51,west
p4252,Person,31,central
p4253,Person,34,north
p4254,Person,68,east
p4255,Person,75,north
p4256,Person,43,south
p4257,Person,60,central
p4258,Person,40,north
p4259,Person,33,west
p4260,Person,20,west
p4261,Person,49,south
p4262,Person,74,east
p4263,Person,62,south
p4264,Person,46,west
p4265,Person,24,central
p4266,Person,73,east
p4267,Person,48,north
p4268,Person,38,west
p4269,Person,36,north
p4270,Person,27,west
p4271,Person,54,west
p4272,Person,54,north
p4273,Person,22,south
p4274,Person,42,west
p4275,Person,37,west
p4276,Person,20,central
p4277,Person,53,north
p4278,Person,47,south
p4279,Person,39,south
p4280,Person,50,south
p4281,Person,69,central
p4282,Person,49,north
p4283,Person,30,north
p4284,Person,25,central
p4285,Person,63,central
p4286,Person,56,east
p4287,Person,77,north
p4288,Person,50,central
p4289,Person,57,south
p4290,Person,52,north
p4291,Person,23,west
p4292,Person,39,east
p4293,Person,70,east
p4294,Person,46,south
p4295,Person,50,south
p4296,Person,37,south
p4297,Person,72,east
p4298,Person,27,central
p4299,Person,70,north
p4300,Person,62,central
p4301,Person,66,south
p4302,Person,53,south
p4303,Person,35,east
p4304,Person,46,north
p4305,Person,21,east
p4306,Person,47,south
p4307,Person,50,south
p4308,Person,55,north
p4309,Person,40,north
p4310,Person,46,west
p4311,Person,20,north
p4312,Person,22,south
p4313,Person,70,south
p4314,Person,54,west
p4315,Person,32,west
p4316,Person,44,south
p4317,Person,62,west
p4318,Person,43,central
p4319,Person,41,central
p4320,Person,23,south
p4321,Person,44,west
p4322,Person,72,north
p4323,Person,46,north
p4324,Person,74,central
p4325,Person,47,south
p4326,Person,20,central
p4327,Person,61,west
p4328,Person,68,east
p4329,Person,67,south
p4330,Person,36,central
p4331,Person,73,east
p4332,Person,56,north
p4333,Person,63,central
p4334,Person,62,central
p4335,Person,26,east
p4336,Person,20,east
p4337,Person,43,north
p4338,Person,50,east
p4339,Person,18,west
p4340,Person,53,east
p4341,Person,63,north
p4342,Person,43,west
p4343,Person,24,central
p4344,Person,67,north
p4345,Person,63,north
p4346,Person,33,west
p4347,Person,61,east
p4348,Person,71,south
p4349,Person,19,south
p4350,Person,76,central
p4351,Person,63,west
p4352,Person,35,north
p4353,Person,77,central
p4354,Person,62,east
p4355,Person,75,north
p4356,Person,71,north
p4357,Person,75,east
p4358,Person,18,west
p4359,Person,43,north
p4360,Person,47,west
p4361,Person,55,east
p4362,Person,58,central
p4363,Person,56,north
p4364,Person,70,east
p4365,Person,62,north
p4366,Person,41,east
p4367,Person,40,north
p4368,Person,35,central
p4369,Person,25,east
p4370,Person,76,east
p4371,Person,46,west
p4372,Person,49,central
p4373,Person,55,west
p4374,Person,48,west
p4375,Person,28,south
p4376,Person,65,north
p4377,Person,38,north
p4378,Person,27,south
p4379,Person,21,south
p4380,Person,59,south
p4381,Person,76,east
p4382,Person,62,south
p4383,Person,50,central
p4384,Person,42,west
p4385,Person,25,west
p4386,Person,37,north
p4387,Person,39,east
p4388,Person,68,north
p4389,Person,54,west
p4390,Person,45,west
p4391,Person,57,north
p4392,Person,60,west
p4393,Person,69,east
p4394,Person,47,central
p4395,Person,34,north
p4396,Person,19,west
p4397,Person,60,north
p4398,Person,51,south
p4399,Person,40,south
p4400,Person,19,north
p4401,Person,66,central
p4402,Person,64,west
p4403,Person,42,south
p4404,Person,72,west
p4405,Person,73,central
p4406,Person,65,north
p4407,Person,42,north
p4408,Person,43,west
p4409,Person,48,north
p4410,Person,50,east
p4411,Person,71,east
p4412,Person,44,west
p4413,Person,59,south
p4414,Person,56,south
p4415,Person,57,north
p4416,Person,53,south
p4417,Person,41,west
p4418,Person,55,east
p4419,Person,52,north
p4420,Person,34,central
p4421,Person,69,north
p4422,Person,73,south
p4423,Person,48,west
p4424,Person,64,south
p4425,Person,24,west
p4426,Person,29,central
p4427,Person,76,east
p4428,Person,40,east
p4429,Person,58,east
p4430,Person,68,north
p4431,Person,30,central
p4432,Person,51,north
p4433,Person,42,south
p4434,Person,60,central
p4435,Person,69,east
p4436,Person,55,south
p4437,Person,65,east
p4438,Person,75,central
p4439,Person,59,north
p4440,Person,76,east
p4441,Person,38,east
p4442,Person,26,south
p4443,Person,23,west
p4444,Person,59,south
p4445,Person,32,north
p4446,Person,43,south
p4447,Person,56,east
p4448,Person,42,north
p4449,Person,55,west
p4450,Person,42,east
p4451,Person,70,south
p4452,Person,29,central
p4453,Person,46,west
p4454,Person,27,east
p4455,Person,31,south
p4456,Person,54,west
p4457,Person,72,south
p4458,Person,22,north
p4459,Person,45,south
p4460,Person,40,west
p4461,Person,59,north
p4462,Person,56,north
p4463,Person,56,east
p4464,Person,20,central
p4465,Person,56,central
p4466,Person,22,central
p4467,Person,31,north
p4468,Person,59,east
p4469,Person,62,central
p4470,Person,29,west
p4471,Person,77,north
p4472,Person,23,east
p4473,Person,73,west
p4474,Person,76,central
p4475,Person,33,north
p4476,Person,48,central
p4477,Person,70,east
p4478,Person,33,south
p4479,Person,38,east
p4480,Person,18,east
p4481,Person,55,south
p4482,Person,40,east
p4483,Person,65,central
p4484,Person,61,central
p4485,Person,66,central
p4486,Person,30,south
p4487,Person,51,central
p4488,Person,18,north
p4489,Person,48,south
p4490,Person,46,south
p4491,Person,20,south
p4492,Person,20,east
p4493,Person,29,north
p4494,Person,27,north
p4495,Person,38,east
p4496,Person,57,east
p4497,Person,30,west
p4498,Person,51,central
p4499,Person,38,west
p4500,Person,29,north
p4501,Person,27,north
p4502,Person,71,north
p4503,Person,77,south
p4504,Person,65,west
p4505,Person,64,north
p4506,Person,27,west
p4507,Person,75,central
p4508,Person,36,west
p4509,Person,27,east
p4510,Person,36,east
p4511,Person,49,east
p4512,Person,49,west
p4513,Person,39,south
p4514,Person,18,central
p4515,Person,64,south
p4516,Person,39,north
p4517,Person,51,west
p4518,Person,25,north
p4519,Person,72,north
p4520,Person,30,east
p4521,Person,56,south
p4522,Person,55,north
p4523,Person,74,east
p4524,Person,54,east
p4525,Person,54,west
p4526,Person,41,central
p4527,Person,65,central
p4528,Person,21,east
p4529,Person,56,west
p4530,Person,41,east
p4531,Person,56,south
p4532,Person,70,central
p4533,Person,42,west
p4534,Person,47,south
p4535,Person,28,west
p4536,Person,50,north
p4537,Person,39,south
p4538,Person,21,south
p4539,Person,31,central
p4540,Person,41,north
p4541,Person,55,east
p4542,Person,39,central
p4543,Person,76,north
p4544,Person,42,south
p4545,Person,36,central
p4546,Person,31,east
p4547,Person,65,central
p4548,Person,53,east
p4549,Person,70,north
p4550,Person,53,north
p4551,Person,35,west
p4552,Person,65,central
p4553,Person,23,west
p4554,Person,35,west
p4555,Person,49,west
p4556,Person,50,central
p4557,Person,72,central
p4558,Person,19,north
p4559,Person,32,north
p4560,Person,55,south
p4561,Person,68,west
p4562,Person,71,central
p4563,Person,25,east
p4564,Person,40,south
p4565,Person,24,east
p4566,Person,56,east
p4567,Person,44,west
p4568,Person,27,north
p4569,Person,69,south
p4570,Person,34,central
p4571,Person,50,south
p4572,Person,43,south
p4573,Person,40,north
p4574,Person,34,west
p4575,Person,44,central
p4576,Person,75,north
p4577,Person,73,west
p4578,Person,27,north
p4579,Person,26,east
p4580,Person,30,east
p4581,Person,60,north
p4582,Person,48,west
p4583,Person,70,west
p4584,Person,46,central
p4585,Person,55,north
p4586,Person,42,west
p4587,Person,46,central
p4588,Person,43,central
p4589,Person,75,south
p4590,Person,53,south
p4591,Person,59,south
p4592,Person,26,central
p4593,Person,75,east
p4594,Person,19,north
p4595,Person,53,west
p4596,Person,67,south
p4597,Person,48,central
p4598,Person,26,west
p4599,Person,44,central
p4600,Person,42,east
p4601,Person,68,south
p4602,Person,52,south
p4603,Person,59,south
p4604,Person,54,central
p4605,Person,48,central
p4606,Person,21,central
p4607,Person,41,west
p4608,Person,38,south
p4609,Person,51,north
p4610,Person,62,north
p4611,Person,28,west
p4612,Person,29,west
p4613,Person,48,west
p4614,Person,59,south
p4615,Person,32,south
p4616,Person,66,south
p4617,Person,59,south
p4618,Person,35,south
p4619,Person,28,west
p4620,Person,20,west
p4621,Person,66,north
p4622,Person,33,central
p4623,Person,51,west
p4624,Person,71,north
p4625,Person,18,central
p4626,Person,37,north
p4627,Person,56,east
p4628,Person,52,south
p4629,Person,43,south
p4630,Person,66,west
p4631,Person,33,west
p4632,Person,24,west
p4633,Person,73,east
p4634,Person,73,north
p4635,Person,24,central
p4636,Person,55,central
p4637,Person,75,east
p4638,Person,48,east
p4639,Person,60,south
p4640,Person,75,east
p4641,Person,36,central
p4642,Person,22,west
p4643,Person,37,central
p4644,Person,38,central
p4645,Person,67,east
p4646,Person,54,central
p4647,Person,61,central
p4648,Person,29,west
p4649,Person,50,north
p4650,Person,39,south
p4651,Person,44,central
p4652,Person,77,central
p4653,Person,50,west
p4654,Person,41,east
p4655,Person,32,south
p4656,Person,76,north
p4657,Person,24,north
p4658,Person,23,east
p4659,Person,45,west
p4660,Person,46,east
p4661,Person,64,west
p4662,Person,57,west
p4663,Person,70,east
p4664,Person,74,east
p4665,Person,23,east
p4666,Person,68,west
p4667,Person,35,west
p4668,Person,67,west
p4669,Person,52,south
p4670,Person,26,south
p4671,Person,37,south
p4672,Person,50,north
p4673,Person,23,east
p4674,Person,46,central
p4675,Person,68,west
p4676,Person,73,north
p4677,Person,62,west
p4678,Person,43,north
p4679,Person,54,east
p4680,Person,18,north
p4681,Person,23,east
p4682,Person,33,west
p4683,Person,44,north
p4684,Person,33,central
p4685,Person,60,south
p4686,Person,47,east
p4687,Person,24,north
p4688,Person,30,east
p4689,Person,74,south
p4690,Person,54,west
p4691,Person,20,west
p4692,Person,24,east
p4693,Person,49,north
p4694,Person,21,central
p4695,Person,66,west
p4696,Person,56,south
p4697,Person,29,west
p4698,Person,21,north
p4699,Person,19,west
p4700,Person,58,west
p4701,Person,59,west
p4702,Person,56,west
p4703,Person,21,east
p4704,Person,72,north
p4705,Person,32,east
p4706,Person,73,east
p4707,Person,25,central
p4708,Person,34,north
p4709,Person,71,south
p4710,Person,39,north
p4711,Person,46,central
p4712,Person,21,east
p4713,Person,45,north
p4714,Person,32,west
p4715,Person,31,north
p4716,Person,65,east
p4717,Person,40,south
p4718,Person,59,south
p4719,Person,29,west
p4720,Person,77,east
p4721,Person,67,south
p4722,Person,48,west
p4723,Person,28,east
p4724,Person,77,central
p4725,Person,73,north
p4726,Person,50,east
p4727,Person,34,east
p4728,Person,34,north
p4729,Person,73,east
p4730,Person,76,west
p4731,Person,56,east
p4732,Person,26,north
p4733,Person,22,south
p4734,Person,73,east
p4735,Person,70,east
p4736,Person,73,east
p4737,Person,64,west
p4738,Person,18,north
p4739,Person,63,west
p4740,Person,27,central
p4741,Person,73,south
p4742,Person,23,west
p4743,Person,63,south
p4744,Person,36,west
p4745,Person,30,west
p4746,Person,55,north
p4747,Person,24,central
p4748,Person,53,east
p4749,Person,22,south
p4750,Person,65,north
p4751,Person,54,central
p4752,Person,27,east
p4753,Person,38,central
p4754,Person,30,central
p4755,Person,46,east
p4756,Person,26,central
p4757,Person,19,central
p4758,Person,23,east
p4759,Person,28,west
p4760,Person,54,south
p4761,Person,56,north
p4762,Person,32,south
p4763,Person,70,north
p4764,Person,44,north
p4765,Person,24,east
p4766,Person,41,west
p4767,Person,33,south
p4768,Person,72,east
p4769,Person,64,north
p4770,Person,34,east
p4771,Person,71,south
p4772,Person,44,north
p4773,Person,37,east
p4774,Person,54,west
p4775,Person,43,central
p4776,Person,21,north
p4777,Person,69,south
p4778,Person,32,central
p4779,Person,56,east
p4780,Person,47,north
p4781,Person,49,east
p4782,Person,60,north
p4783,Person,64,north
p4784,Person,33,east
p4785,Person,76,north
p4786,Person,22,north
p4787,Person,25,central
p4788,Person,41,west
p4789,Person,39,north
p4790,Person,57,east
p4791,Person,34,south
p4792,Person,50,south
p4793,Person,75,north
p4794,Person,31,west
p4795,Person,74,east
p4796,Person,52,central
p4797,Person,66,west
p4798,Person,20,west
p4799,Person,66,east
p4800,Person,61,central
p4801,Person,56,west
p4802,Person,52,east
p4803,Person,58,west
p4804,Person,32,south
p4805,Person,55,west
p4806,Person,24,west
p4807,Person,52,north
p4808,Person,33,south
p4809,Person,36,east
p4810,Person,41,south
p4811,Person,73,south
p4812,Person,22,central
p4813,Person,30,north
p4814,Person,18,south
p4815,Person,37,south
p4816,Person,55,south
p4817,Person,57,central
p4818,Person,40,north
p4819,Person,20,north
p4820,Person,71,central
p4821,Person,70,east
p4822,Person,73,west
p4823,Person,77,east
p4824,Person,59,north
p4825,Person,34,south
p4826,Person,70,east
p4827,Person,53,east
p4828,Person,51,east
p4829,Person,19,east
p4830,Person,47,central
p4831,Person,72,south
p4832,Person,29,east
p4833,Person,44,east
p4834,Person,32,east
p4835,Person,41,central
p4836,Person,25,east
p4837,Person,62,south
p4838,Person,76,central
p4839,Person,46,east
p4840,Person,62,central
p4841,Person,24,east
p4842,Person,57,west
p4843,Person,53,west
p4844,Person,45,east
p4845,Person,25,east
p4846,Person,21,south
p4847,Person,24,east
p4848,Person,54,south
p4849,Person,41,west
p4850,Person,68,west
p4851,Person,49,north
p4852,Person,68,west
p4853,Person,64,north
p4854,Person,29,west
p4855,Person,69,north
p4856,Person,22,central
p4857,Person,53,central
p4858,Person,46,north
p4859,Person,76,east
p4860,Person,74,east
p4861,Person,52,central
p4862,Person,49,west
p4863,Person,71,central
p4864,Person,48,south
p4865,Person,47,west
p4866,Person,38,west
p4867,Person,35,east
p4868,Person,34,east
p4869,Person,51,central
p4870,Person,49,north
p4871,Person,22,central
p4872,Person,18,north
p4873,Person,75,south
p4874,Person,29,west
p4875,Person,39,north
p4876,Person,24,west
p4877,Person,69,west
p4878,Person,22,west
p4879,Person,58,north
p4880,Person,59,east
p4881,Person,45,central
p4882,Person,39,south
p4883,Person,54,east
p4884,Person,52,central
p4885,Person,64,west
p4886,Person,45,south
p4887,Person,33,central
p4888,Person,31,east
p4889,Person,25,west
p4890,Person,53,north
p4891,Person,71,west
p4892,Person,25,south
p4893,Person,40,south
p4894,Person,67,central
p4895,Person,33,west
p4896,Person,44,west
p4897,Person,26,central
p4898,Person,75,south
p4899,Person,53,north
p4900,Person,68,west
p4901,Person,29,central
p4902,Person,45,central
p4903,Person,44,west
p4904,Person,28,south
p4905,Person,55,south
p4906,Person,65,east
p4907,Person,38,west
p4908,Person,41,central
p4909,Person,31,east
p4910,Person,52,central
p4911,Person,56,central
p4912,Person,45,north
p4913,Person,35,west
p4914,Person,57,north
p4915,Person,22,west
p4916,Person,26,west
p4917,Person,37,east
p4918,Person,34,west
p4919,Person,69,north
p4920,Person,38,west
p4921,Person,36,east
p4922,Person,34,west
p4923,Person,73,west
p4924,Person,59,south
p4925,Person,59,central
p4926,Person,43,west
p4927,Person,71,east
p4928,Person,41,south
p4929,Person,26,central
p4930,Person,77,south
p4931,Person,56,west
p4932,Person,21,west
p4933,Person,64,west
p4934,Person,20,north
p4935,Person,75,central
p4936,Person,66,west
p4937,Person,57,north
p4938,Person,33,west
p4939,Person,33,west
p4940,Person,73,north
p4941,Person,47,central
p4942,Person,37,east
p4943,Person,58,west
p4944,Person,26,central
p4945,Person,31,north
p4946,Person,54,south
p4947,Person,27,north
p4948,Person,73,south
p4949,Person,45,east
p4950,Person,66,east
p4951,Person,47,east
p4952,Person,41,central
p4953,Person,68,south
p4954,Person,26,south
p4955,Person,22,central
p4956,Person,76,west
p4957,Person,74,central
p4958,Person,24,south
p4959,Person,63,central
p4960,Person,31,east
p4961,Person,58,central
p4962,Person,49,north
p4963,Person,62,central
p4964,Person,42,west
p4965,Person,23,west
p4966,Person,46,east
p4967,Person,69,central
p4968,Person,21,north
p4969,Person,53,south
p4970,Person,29,east
p4971,Person,62,central
p4972,Person,49,central
p4973,Person,74,central
p4974,Person,52,north
p4975,Person,50,south
p4976,Person,51,south
p4977,Person,24,south
p4978,Person,37,west
p4979,Person,31,east
p4980,Person,27,west
p4981,Person,29,north
p4982,Person,63,south
p4983,Person,63,west
p4984,Person,49,south
p4985,Person,62,south
p4986,Person,53,south
p4987,Person,53,south
p4988,Person,28,central
p4989,Person,76,south
p4990,Person,72,north
p4991,Person,53,south
p4992,Person,65,north
p4993,Person,76,west
p4994,Person,43,central
p4995,Person,27,west
p4996,Person,47,west
p4997,Person,66,south
p4998,Person,21,south
p4999,Person,55,central
p5000,Person,19,north
p5001,Person,59,west
p5002,Person,53,north
p5003,Person,64,west
p5004,Person,40,north
p5005,Person,66,south
p5006,Person,35,central
p5007,Person,20,south
p5008,Person,43,south
p5009,Person,64,south
p5010,Person,71,east
p5011,Person,61,central
p5012,Person,53,east
p5013,Person,30,west
p5014,Person,32,south
p5015,Person,27,south
p5016,Person,52,north
p5017,Person,52,west
p5018,Person,20,south
p5019,Person,66,central
p5020,Person,55,north
p5021,Person,35,south
p5022,Person,75,south
p5023,Person,52,central
p5024,Person,62,south
p5025,Person,23,central
p5026,Person,59,west
p5027,Person,22,west
p5028,Person,69,east
p5029,Person,65,north
p5030,Person,20,east
p5031,Person,38,north
p5032,Person,76,central
p5033,Person,32,east
p5034,Person,31,east
p5035,Person,60,west
p5036,Person,18,east
p5037,Person,62,east
p5038,Person,57,north
p5039,Person,19,central
p5040,Person,43,east
p5041,Person,39,north
p5042,Person,56,east
p5043,Person,28,north
p5044,Person,73,east
p5045,Person,45,east
p5046,Person,75,south
p5047,Person,42,north
p5048,Person,19,west
p5049,Person,29,central
p5050,Person,39,east
p5051,Person,59,east
p5052,Person,60,north
p5053,Person,62,west
p5054,Person,64,north
p5055,Person,49,central
p5056,Person,22,central
p5057,Person,56,north
p5058,Person,72,central
p5059,Person,58,south
p5060,Person,52,north
p5061,Person,25,east
p5062,Person,71,west
p5063,Person,56,east
p5064,Person,35,north
p5065,Person,75,central
p5066,Person,57,south
p5067,Person,37,central
p5068,Person,70,central
p5069,Person,67,east
p5070,Person,72,west
p5071,Person,74,south
p5072,Person,43,north
p5073,Person,77,east
p5074,Person,72,central
p5075,Person,25,west
p5076,Person,19,south
p5077,Person,49,central
p5078,Person,28,central
p5079,Person,26,central
p5080,Person,37,west
p5081,Person,46,east
p5082,Person,42,south
p5083,Person,34,north
p5084,Person,41,central
p5085,Person,46,north
p5086,Person,55,central
p5087,Person,37,east
p5088,Person,62,north
p5089,Person,23,south
p5090,Person,23,east
p5091,Person,61,east
p5092,Person,31,west
p5093,Person,29,north
p5094,Person,19,central
p5095,Person,23,south
p5096,Person,53,west
p5097,Person,27,central
p5098,Person,31,central
p5099,Person,38,east
p5100,Person,48,south
p5101,Person,21,east
p5102,Person,76,central
p5103,Person,51,east
p5104,Person,47,north
p5105,Person,62,north
p5106,Person,36,central
p5107,Person,74,north
p5108,Person,39,west
p5109,Person,60,central
p5110,Person,41,west
p5111,Person,77,west
p5112,Person,27,south
p5113,Person,44,east
p5114,Person,23,central
p5115,Person,71,south
p5116,Person,55,south
p5117,Person,54,central
p5118,Person,52,east
p5119,Person,31,west
p5120,Person,31,south
p5121,Person,69,north
p5122,Person,75,central
p5123,Person,18,west
p5124,Person,20,north
p5125,Person,50,south
p5126,Person,18,north
p5127,Person,43,north
p5128,Person,51,east
p5129,Person,77,south
p5130,Person,66,north
p5131,Person,54,east
p5132,Person,66,west
p5133,Person,58,east
p5134,Person,30,south
p5135,Person,59,west
p5136,Person,33,east
p5137,Person,38,central
p5138,Person,49,north
p5139,Person,27,west
p5140,Person,43,north
p5141,Person,31,north
p5142,Person,73,central
p5143,Person,71,south
p5144,Person,64,central
p5145,Person,37,south
p5146,Person,35,west
p5147,Person,28,east
p5148,Person,41,north
p5149,Person,37,central
p5150,Person,63,east
p5151,Person,36,north
p5152,Person,45,central
p5153,Person,55,east
p5154,Person,32,central
p5155,Person,76,east
p5156,Person,20,east
p5157,Person,49,central
p5158,Person,50,central
p5159,Person,70,south
p5160,Person,70,south
p5161,Person,76,west
p5162,Person,64,east
p5163,Person,67,west
p5164,Person,56,east
p5165,Person,36,central
p5166,Person,31,east
p5167,Person,37,west
p5168,Person,48,south
p5169,Person,23,west
p5170,Person,28,south
p5171,Person,27,south
p5172,Person,71,central
p5173,Person,50,south
p5174,Person,26,east
p5175,Person,58,south
p5176,Person,35,east
p5177,Person,73,east
p5178,Person,54,east
p5179,Person,66,east
p5180,Person,40,south
p5181,Person,41,north
p5182,Person,33,east
p5183,Person,57,east
p5184,Person,52,central
p5185,Person,22,central
p5186,Person,59,north
p5187,Person,24,east
p5188,Person,77,east
p5189,Person,75,west
p5190,Person,55,central
p5191,Person,54,east
p5192,Person,23,east
p5193,Person,43,central
p5194,Person,45,south
p5195,Person,26,central
p5196,Person,35,central
p5197,Person,60,east
p5198,Person,75,central
p5199,Person,53,north
p5200,Person,72,south
p5201,Person,24,north
p5202,Person,31,east
p5203,Person,69,east
p5204,Person,20,central
p5205,Person,45,east
p5206,Person,47,south
p5207,Person,68,central
p5208,Person,72,east
p5209,Person,76,west
p5210,Person,28,east
p5211,Person,44,west
p5212,Person,55,central
p5213,Person,33,west
p5214,Person,50,central
p5215,Person,63,north
p5216,Person,23,north
p5217,Person,19,south
p5218,Person,27,north
p5219,Person,23,central
p5220,Person,29,south
p5221,Person,44,north
p5222,Person,58,south
p5223,Person,22,central
p5224,Person,38,central
p5225,Person,20,south
p5226,Person,53,west
p5227,Person,25,north
p5228,Person,34,west
p5229,Person,52,east
p5230,Person,66,west
p5231,Person,31,central
p5232,Person,33,east
p5233,Person,61,central
p5234,Person,49,south
p5235,Person,43,north
p5236,Person,44,central
p5237,Person,21,east
p5238,Person,34,central
p5239,Person,37,central
p5240,Person,67,central
p5241,Person,28,south
p5242,Person,31,west
p5243,Person,65,north
p5244,Person,44,north
p5245,Person,41,south
p5246,Person,69,east
p5247,Person,36,south
p5248,Person,66,north
p5249,Person,49,south
p5250,Person,43,central
p5251,Person,59,north
p5252,Person,45,north
p5253,Person,75,south
p5254,Person,77,west
p5255,Person,42,east
p5256,Person,58,north
p5257,Person,27,north
p5258,Person,71,east
p5259,Person,19,north
p5260,Person,62,west
p5261,Person,56,central
p5262,Person,68,west
p5263,Person,31,east
p5264,Person,50,east
p5265,Person,32,north
p5266,Person,41,south
p5267,Person,18,east
p5268,Person,36,east
p5269,Person,51,east
p5270,Person,67,south
p5271,Person,39,west
p5272,Person,34,north
p5273,Person,47,west
p5274,Person,50,north
p5275,Person,40,north
p5276,Person,59,central
p5277,Person,48,north
p5278,Person,24,west
p5279,Person,72,south
p5280,Person,28,central
p5281,Person,59,central
p5282,Person,41,west
p5283,Person,67,west
p5284,Person,73,north
p5285,Person,31,central
p5286,Person,75,north
p5287,Person,71,west
p5288,Person,26,north
p5289,Person,22,central
p5290,Person,75,north
p5291,Person,44,central
p5292,Person,69,central
p5293,Person,45,central
p5294,Person,57,central
p5295,Person,35,north
p5296,Person,72,north
p5297,Person,23,central
p5298,Person,40,east
p5299,Person,55,north
p5300,Person,53,east
p5301,Person,34,west
p5302,Person,58,west
p5303,Person,48,north
p5304,Person,42,south
p5305,Person,24,west
p5306,Person,42,south
p5307,Person,72,north
p5308,Person,73,south
p5309,Person,59,central
p5310,Person,21,central
p5311,Person,20,north
p5312,Person,34,east
p5313,Person,48,central
p5314,Person,52,west
p5315,Person,55,west
p5316,Person,60,west
p5317,Person,31,central
p5318,Person,54,south
p5319,Person,38,south
p5320,Person,56,south
p5321,Person,74,north
p5322,Person,44,north
p5323,Person,64,east
p5324,Person,51,east
p5325,Person,22,west
p5326,Person,38,central
p5327,Person,37,north
p5328,Person,75,central
p5329,Person,48,central
p5330,Person,28,west
p5331,Person,29,south
p5332,Person,76,south
p5333,Person,46,east
p5334,Person,42,south
p5335,Person,55,north
p5336,Person,57,central
p5337,Person,45,east
p5338,Person,64,north
p5339,Person,26,central
p5340,Person,36,north
p5341,Person,47,central
p5342,Person,28,central
p5343,Person,59,central
p5344,Person,51,east
p5345,Person,21,central
p5346,Person,72,west
p5347,Person,57,east
p5348,Person,68,south
p5349,Person,69,east
p5350,Person,69,east
p5351,Person,66,north
p5352,Person,56,east
p5353,Person,37,west
p5354,Person,65,central
p5355,Person,64,south
p5356,Person,77,west
p5357,Person,20,north
p5358,Person,65,central
p5359,Person,56,south
p5360,Person,48,north
p5361,Person,57,central
p5362,Person,45,central
p5363,Person,49,central
p5364,Person,47,south
p5365,Person,27,east
p5366,Person,22,south
p5367,Person,56,south
p5368,Person,33,south
p5369,Person,70,west
p5370,Person,59,east
p5371,Person,23,north
p5372,Person,51,south
p5373,Person,46,north
p5374,Person,27,east
p5375,Person,63,north
p5376,Person,25,north
p5377,Person,30,west
p5378,Person,46,east
p5379,Person,39,central
p5380,Person,41,central
p5381,Person,51,west
p5382,Person,34,west
p5383,Person,66,west
p5384,Person,60,south
p5385,Person,24,west
p5386,Person,62,east
p5387,Person,74,east
p5388,Person,51,west
p5389,Person,35,north
p5390,Person,49,east
p5391,Person,68,north
p5392,Person,34,central
p5393,Person,25,central
p5394,Person,41,south
p5395,Person,56,north
p5396,Person,67,north
p5397,Person,18,south
p5398,Person,38,north
p5399,Person,32,south
p5400,Person,69,east
p5401,Person,67,north
p5402,Person,70,central
p5403,Person,19,east
p5404,Person,42,north
p5405,Person,38,central
p5406,Person,34,south
p5407,Person,60,east
p5408,Person,55,east
p5409,Person,38,south
p5410,Person,57,central
p5411,Person,59,north
p5412,Person,73,north
p5413,Person,48,south
p5414,Person,23,central
p5415,Person,66,west
p5416,Person,43,north
p5417,Person,33,west
p5418,Person,51,central
p5419,Person,72,central
p5420,Person,72,east
p5421,Person,19,central
p5422,Person,63,central
p5423,Person,28,north
p5424,Person,46,east
p5425,Person,25,south
p5426,Person,61,west
p5427,Person,27,central
p5428,Person,41,west
p5429,Person,19,west
p5430,Person,29,central
p5431,Person,32,north
p5432,Person,32,east
p5433,Person,32,north
p5434,Person,60,north
p5435,Person,19,west
p5436,Person,69,west
p5437,Person,69,east
p5438,Person,35,south
p5439,Person,33,south
p5440,Person,27,south
p5441,Person,51,south
p5442,Person,60,east
p5443,Person,23,central
p5444,Person,48,central
p5445,Person,64,east
p5446,Person,42,east
p5447,Person,21,central
p5448,Person,45,north
p5449,Person,48,north
p5450,Person,40,east
p5451,Person,38,central
p5452,Person,66,north
p5453,Person,27,west
p5454,Person,42,east
p5455,Person,76,east
p5456,Person,37,north
p5457,Person,57,west
p5458,Person,32,west
p5459,Person,45,north
p5460,Person,37,central
p5461,Person,75,south
p5462,Person,56,east
p5463,Person,59,east
p5464,Person,40,east
p5465,Person,21,north
p5466,Person,25,east
p5467,Person,21,west
p5468,Person,28,south
p5469,Person,28,central
p5470,Person,50,west
p5471,Person,65,central
p5472,Person,52,north
p5473,Person,74,central
p5474,Person,23,east
p5475,Person,36,south
p5476,Person,73,west
p5477,Person,70,east
p5478,Person,54,central
p5479,Person,47,south
p5480,Person,45,central
p5481,Person,55,south
p5482,Person,48,east
p5483,Person,44,central
p5484,Person,52,west
p5485,Person,56,north
p5486,Person,56,central
p5487,Person,52,central
p5488,Person,58,west
p5489,Person,42,south
p5490,Person,61,east
p5491,Person,29,west
p5492,Person,28,north
p5493,Person,47,west
p5494,Person,46,west
p5495,Person,76,central
p5496,Person,31,east
p5497,Person,65,east
p5498,Person,61,central
p5499,Person,35,north
p5500,Person,27,west
p5501,Person,71,north
p5502,Person,61,east
p5503,Person,67,south
p5504,Person,31,west
p5505,Person,19,south
p5506,Person,65,central
p5507,Person,62,north
p5508,Person,25,north
p5509,Person,74,central
p5510,Person,51,west
p5511,Person,67,south
p5512,Person,76,north
p5513,Person,49,west
p5514,Person,51,east
p5515,Person,70,east
p5516,Person,77,south
p5517,Person,46,north
p5518,Person,18,north
p5519,Person,74,north
p5520,Person,46,central
p5521,Person,64,east
p5522,Person,75,east
p5523,Person,72,south
p5524,Person,22,south
p5525,Person,42,north
p5526,Person,43,west
p5527,Person,66,west
p5528,Person,47,west
p5529,Person,45,central
p5530,Person,36,east
p5531,Person,31,south
p5532,Person,77,east
p5533,Person,22,west
p5534,Person,18,west
p5535,Person,56,north
p5536,Person,67,central
p5537,Person,57,central
p5538,Person,37,west
p5539,Person,52,east
p5540,Person,35,south
p5541,Person,30,south
p5542,Person,18,south
p5543,Person,41,west
p5544,Person,35,south
p5545,Person,55,north
p5546,Person,36,east
p5547,Person,65,north
p5548,Person,39,east
p5549,Person,41,west
p5550,Person,68,east
p5551,Person,35,central
p5552,Person,58,west
p5553,Person,71,central
p5554,Person,26,north
p5555,Person,73,east
p5556,Person,36,east
p5557,Person,42,east
p5558,Person,29,east
p5559,Person,62,east
p5560,Person,39,east
p5561,Person,53,west
p5562,Person,38,central
p5563,Person,24,central
p5564,Person,53,central
p5565,Person,41,east
p5566,Person,54,north
p5567,Person,74,central
p5568,Person,20,south
p5569,Person,58,central
p5570,Person,29,north
p5571,Person,58,south
p5572,Person,40,south
p5573,Person,31,west
p5574,Person,35,west
p5575,Person,29,west
p5576,Person,47,central
p5577,Person,52,central
p5578,Person,71,west
p5579,Person,21,north
p5580,Person,73,south
p5581,Person,74,east
p5582,Person,54,north
p5583,Person,75,south
p5584,Person,33,west
p5585,Person,51,west
p5586,Person,36,west
p5587,Person,30,west
p5588,Person,47,east
p5589,Person,77,south
p5590,Person,38,south
p5591,Person,69,east
p5592,Person,48,east
p5593,Person,52,central
p5594,Person,38,north
p5595,Person,33,east
p5596,Person,26,central
p5597,Person,48,central
p5598,Person,43,east
p5599,Person,66,east
p5600,Person,46,south
p5601,Person,24,west
p5602,Person,53,east
p5603,Person,36,central
p5604,Person,44,central
p5605,Person,25,north
p5606,Person,52,north
p5607,Person,44,central
p5608,Person,77,south
p5609,Person,75,west
p5610,Person,37,south
p5611,Person,46,east
p5612,Person,65,south
p5613,Person,19,north
p5614,Person,45,south
p5615,Person,61,west
p5616,Person,47,east
p5617,Person,56,west
p5618,Person,62,central
p5619,Person,53,east
p5620,Person,76,east
p5621,Person,51,west
p5622,Person,26,east
p5623,Person,33,central
p5624,Person,64,north
p5625,Person,20,north
p5626,Person,24,central
p5627,Person,46,south
p5628,Person,37,north
p5629,Person,73,central
p5630,Person,48,east
p5631,Person,24,west
p5632,Person,43,east
p5633,Person,36,central
p5634,Person,51,north
p5635,Person,33,west
p5636,Person,50,west
p5637,Person,33,east
p5638,Person,23,north
p5639,Person,66,south
p5640,Person,29,north
p5641,Person,60,west
p5642,Person,44,east
p5643,Person,29,south
p5644,Person,77,north
p5645,Person,37,central
p5646,Person,69,south
p5647,Person,27,north
p5648,Person,30,north
p5649,Person,43,north
p5650,Person,60,north
p5651,Person,27,north
p5652,Person,35,north
p5653,Person,36,west
p5654,Person,29,south
p5655,Person,29,north
p5656,Person,32,west
p5657,Person,58,central
p5658,Person,59,central
p5659,Person,41,east
p5660,Person,24,west
p5661,Person,28,east
p5662,Person,76,central
p5663,Person,41,east
p5664,Person,59,south
p5665,Person,40,north
p5666,Person,57,central
p5667,Person,20,south
p5668,Person,54,west
p5669,Person,46,south
p5670,Person,58,south
p5671,Person,33,west
p5672,Person,22,east
p5673,Person,69,north
p5674,Person,60,south
p5675,Person,60,west
p5676,Person,26,west
p5677,Person,26,north
p5678,Person,37,north
p5679,Person,34,north
p5680,Person,38,east
p5681,Person,70,east
p5682,Person,29,west
p5683,Person,53,east
p5684,Person,20,north
p5685,Person,24,north
p5686,Person,67,central
p5687,Person,66,south
p5688,Person,25,east
p5689,Person,23,east
p5690,Person,64,central
p5691,Person,39,east
p5692,Person,41,south
p5693,Person,26,north
p5694,Person,28,west
p5695,Person,27,central
p5696,Person,42,north
p5697,Person,21,south
p5698,Person,68,north
p5699,Person,66,central
p5700,Person,64,north
p5701,Person,59,east
p5702,Person,28,central
p5703,Person,56,central
p5704,Person,31,north
p5705,Person,24,central
p5706,Person,73,south
p5707,Person,41,west
p5708,Person,34,central
p5709,Person,57,south
p5710,Person,34,north
p5711,Person,59,central
p5712,Person,32,east
p5713,Person,64,east
p5714,Person,48,central
p5715,Person,41,east
p5716,Person,49,north
p5717,Person,56,east
p5718,Person,19,west
p5719,Person,56,south
p5720,Person,68,central
p5721,Person,70,north
p5722,Person,75,south
p5723,Person,20,east
p5724,Person,68,east
p5725,Person,59,south
p5726,Person,44,east
p5727,Person,22,east
p5728,Person,61,west
p5729,Person,46,north
p5730,Person,31,west
p5731,Person,64,north
p5732,Person,53,east
p5733,Person,70,north
p5734,Person,68,south
p5735,Person,54,south
p5736,Person,32,west
p5737,Person,54,north
p5738,Person,29,south
p5739,Person,35,west
p5740,Person,31,north
p5741,Person,73,west
p5742,Person,27,west
p5743,Person,70,west
p5744,Person,19,central
p5745,Person,76,east
p5746,Person,18,central
p5747,Person,23,west
p5748,Person,65,east
p5749,Person,49,east
p5750,Person,19,south
p5751,Person,53,south
p5752,Person,26,central
p5753,Person,31,south
p5754,Person,35,east
p5755,Person,37,north
p5756,Person,22,north
p5757,Person,47,north
p5758,Person,75,south
p5759,Person,67,west
p5760,Person,18,east
p5761,Person,27,central
p5762,Person,33,central
p5763,Person,50,central
p5764,Person,24,west
p5765,Person,65,west
p5766,Person,69,south
p5767,Person,31,west
p5768,Person,59,central
p5769,Person,35,central
p5770,Person,69,east
p5771,Person,45,west
p5772,Person,34,west
p5773,Person,32,east
p5774,Person,23,west
p5775,Person,55,west
p5776,Person,32,north
p5777,Person,62,west
p5778,Person,56,east
p5779,Person,56,west
p5780,Person,74,east
p5781,Person,48,central
p5782,Person,59,central
p5783,Person,61,north
p5784,Person,66,south
p5785,Person,74,north
p5786,Person,66,central
p5787,Person,38,east
p5788,Person,54,south
p5789,Person,38,south
p5790,Person,43,south
p5791,Person,77,east
p5792,Person,46,central
p5793,Person,38,north
p5794,Person,31,central
p5795,Person,50,central
p5796,Person,71,central
p5797,Person,56,south
p5798,Person,65,north
p5799,Person,74,north
p5800,Person,32,east
p5801,Person,24,north
p5802,Person,53,south
p5803,Person,74,south
p5804,Person,52,east
p5805,Person,45,east
p5806,Person,44,east
p5807,Person,75,west
p5808,Person,57,central
p5809,Person,58,west
p5810,Person,31,north
p5811,Person,40,central
p5812,Person,76,east
p5813,Person,63,south
p5814,Person,32,north
p5815,Person,62,south
p5816,Person,25,west
p5817,Person,39,south
p5818,Person,35,east
p5819,Person,70,west
p5820,Person,34,north
p5821,Person,53,south
p5822,Person,67,central
p5823,Person,23,west
p5824,Person,41,south
p5825,Person,75,north
p5826,Person,42,west
p5827,Person,69,south
p5828,Person,48,central
p5829,Person,73,central
p5830,Person,42,south
p5831,Person,58,east
p5832,Person,67,south
p5833,Person,63,north
p5834,Person,59,east
p5835,Person,45,east
p5836,Person,54,south
p5837,Person,53,north
p5838,Person,42,west
p5839,Person,33,central
p5840,Person,52,south
p5841,Person,56,north
p5842,Person,56,south
p5843,Person,61,west
p5844,Person,61,central
p5845,Person,35,central
p5846,Person,38,west
p5847,Person,65,north
p5848,Person,56,north
p5849,Person,67,north
p5850,Person,54,south
p5851,Person,60,central
p5852,Person,31,central
p5853,Person,24,north
p5854,Person,49,north
p5855,Person,47,north
p5856,Person,55,east
p5857,Person,46,north
p5858,Person,68,north
p5859,Person,54,south
p5860,Person,35,north
p5861,Person,20,central
p5862,Person,50,east
p5863,Person,43,west
p5864,Person,54,west
p5865,Person,45,east
p5866,Person,69,west
p5867,Person,56,north
p5868,Person,44,west
p5869,Person,51,west
p5870,Person,28,central
p5871,Person,42,north
p5872,Person,58,south
p5873,Person,59,north
p5874,Person,51,west
p5875,Person,36,east
p5876,Person,31,north
p5877,Person,49,north
p5878,Person,19,central
p5879,Person,67,west
p5880,Person,28,central
p5881,Person,51,east
p5882,Person,60,west
p5883,Person,33,west
p5884,Person,72,west
p5885,Person,66,central
p5886,Person,24,north
p5887,Person,64,central
p5888,Person,73,north
p5889,Person,53,north
p5890,Person,39,north
p5891,Person,25,east
p5892,Person,50,west
p5893,Person,48,south
p5894,Person,42,west
p5895,Person,46,north
p5896,Person,34,west
p5897,Person,75,east
p5898,Person,64,west
p5899,Person,37,west
p5900,Person,77,south
p5901,Person,68,east
p5902,Person,62,east
p5903,Person,26,north
p5904,Person,19,central
p5905,Person,60,south
p5906,Person,24,east
p5907,Person,55,central
p5908,Person,22,west
p5909,Person,21,central
p5910,Person,38,west
p5911,Person,60,south
p5912,Person,59,north
p5913,Person,30,south
p5914,Person,67,south
p5915,Person,71,north
p5916,Person,46,central
p5917,Person,54,east
p5918,Person,23,east
p5919,Person,20,south
p5920,Person,52,north
p5921,Person,70,east
p5922,Person,40,west
p5923,Person,18,west
p5924,Person,62,west
p5925,Person,36,east
p5926,Person,60,north
p5927,Person,31,west
p5928,Person,50,north
p5929,Person,41,south
p5930,Person,45,central
p5931,Person,35,west
p5932,Person,70,west
p5933,Person,47,south
p5934,Person,26,north
p5935,Person,36,north
p5936,Person,68,central
p5937,Person,35,east
p5938,Person,35,south
p5939,Person,38,west
p5940,Person,23,south
p5941,Person,37,north
p5942,Person,62,south
p5943,Person,44,south
p5944,Person,60,south
p5945,Person,29,south
p5946,Person,44,west
p5947,Person,32,central
p5948,Person,28,west
p5949,Person,48,central
p5950,Person,40,west
p5951,Person,28,east
p5952,Person,45,central
p5953,Person,30,south
p5954,Person,48,central
p5955,Person,54,central
p5956,Person,19,west
p5957,Person,65,central
p5958,Person,22,central
p5959,Person,28,west
p5960,Person,52,central
p5961,Person,36,west
p5962,Person,40,central
p5963,Person,56,west
p5964,Person,33,north
p5965,Person,62,central
p5966,Person,69,west
p5967,Person,66,central
p5968,Person,22,north
p5969,Person,61,east
p5970,Person,44,west
p5971,Person,41,north
p5972,Person,25,south
p5973,Person,77,east
p5974,Person,25,west
p5975,Person,37,central
p5976,Person,65,south
p5977,Person,32,south
p5978,Person,77,east
p5979,Person,47,west
p5980,Person,62,central
p5981,Person,75,north
p5982,Person,22,central
p5983,Person,64,west
p5984,Person,30,central
p5985,Person,23,west
p5986,Person,36,south
p5987,Person,37,north
p5988,Person,48,north
p5989,Person,22,south
p5990,Person,37,west
p5991,Person,72,south
p5992,Person,75,west
p5993,Person,28,north
p5994,Person,30,east
p5995,Person,35,west
p5996,Person,54,north
p5997,Person,47,south
p5998,Person,49,south
p5999,Person,63,north
p6000,Person,35,west
p6001,Person,38,central
p6002,Person,45,north
p6003,Person,66,west
p6004,Person,21,south
p6005,Person,32,east
p6006,Person,61,west
p6007,Person,62,west
p6008,Person,31,west
p6009,Person,72,central
p6010,Person,75,south
p6011,Person,76,central
p6012,Person,55,west
p6013,Person,46,south
p6014,Person,47,central
p6015,Person,60,south
p6016,Person,56,south
p6017,Person,22,north
p6018,Person,23,north
p6019,Person,42,south
p6020,Person,49,east
p6021,Person,26,south
p6022,Person,37,west
p6023,Person,61,south
p6024,Person,76,south
p6025,Person,41,west
p6026,Person,24,north
p6027,Person,22,north
p6028,Person,32,north
p6029,Person,28,south
p6030,Person,46,north
p6031,Person,29,south
p6032,Person,49,east
p6033,Person,50,central
p6034,Person,48,south
p6035,Person,61,east
p6036,Person,58,north
p6037,Person,68,south
p6038,Person,61,north
p6039,Person,27,south
p6040,Person,48,west
p6041,Person,67,west
p6042,Person,63,central
p6043,Person,41,north
p6044,Person,56,south
p6045,Person,60,west
p6046,Person,50,west
p6047,Person,19,east
p6048,Person,69,north
p6049,Person,73,north
p6050,Person,35,south
p6051,Person,28,central
p6052,Person,37,central
p6053,Person,46,east
p6054,Person,52,south
p6055,Person,75,west
p6056,Person,18,north
p6057,Person,73,south
p6058,Person,20,south
p6059,Person,46,south
p6060,Person,20,north
p6061,Person,57,central
p6062,Person,31,west
p6063,Person,32,north
p6064,Person,50,central
p6065,Person,65,central
p6066,Person,68,east
p6067,Person,52,south
p6068,Person,32,west
p6069,Person,41,west
p6070,Person,66,central
p6071,Person,18,central
p6072,Person,71,central
p6073,Person,60,south
p6074,Person,32,south
p6075,Person,76,south
p6076,Person,36,north
p6077,Person,46,east
p6078,Person,51,central
p6079,Person,44,south
p6080,Person,40,north
p6081,Person,18,west
p6082,Person,50,central
p6083,Person,27,west
p6084,Person,61,east
p6085,Person,70,west
p6086,Person,53,west
p6087,Person,70,south
p6088,Person,18,north
p6089,Person,56,west
p6090,Person,28,north
p6091,Person,23,east
p6092,Person,68,west
p6093,Person,71,south
p6094,Person,19,central
p6095,Person,28,south
p6096,Person,48,east
p6097,Person,51,west
p6098,Person,18,north
p6099,Person,65,north
p6100,Person,60,central
p6101,Person,53,south
p6102,Person,52,east
p6103,Person,56,central
p6104,Person,29,west
p6105,Person,47,west
p6106,Person,64,east
p6107,Person,43,west
p6108,Person,27,west
p6109,Person,34,east
p6110,Person,61,central
p6111,Person,24,east
p6112,Person,43,south
p6113,Person,33,west
p6114,Person,39,west
p6115,Person,46,south
p6116,Person,43,east
p6117,Person,63,west
p6118,Person,24,central
p6119,Person,27,east
p6120,Person,58,north
p6121,Person,42,west
p6122,Person,41,east
p6123,Person,68,south
p6124,Person,31,east
p6125,Person,49,south
p6126,Person,72,east
p6127,Person,22,south
p6128,Person,38,south
p6129,Person,34,west
p6130,Person,44,south
p6131,Person,49,west
p6132,Person,39,north
p6133,Person,23,south
p6134,Person,40,north
p6135,Person,72,central
p6136,Person,53,central
p6137,Person,42,north
p6138,Person,73,east
p6139,Person,40,north
p6140,Person,67,central
p6141,Person,35,north
p6142,Person,18,north
p6143,Person,73,central
p6144,Person,64,south
p6145,Person,77,south
p6146,Person,40,south
p6147,Person,20,south
p6148,Person,77,east
p6149,Person,24,south
p6150,Person,39,west
p6151,Person,71,central
p6152,Person,39,west
p6153,Person,70,north
p6154,Person,57,north
p6155,Person,41,east
p6156,Person,21,central
p6157,Person,27,west
p6158,Person,42,south
p6159,Person,67,east
p6160,Person,39,south
p6161,Person,67,east
p6162,Person,42,south
p6163,Person,31,west
p6164,Person,34,east
p6165,Person,53,north
p6166,Person,27,north
p6167,Person,37,north
p6168,Person,62,east
p6169,Person,70,north
p6170,Person,63,south
p6171,Person,62,east
p6172,Person,44,east
p6173,Person,61,south
p6174,Person,41,north
p6175,Person,28,central
p6176,Person,73,south
p6177,Person,43,west
p6178,Person,61,north
p6179,Person,59,south
p6180,Person,67,east
p6181,Person,18,east
p6182,Person,54,north
p6183,Person,60,west
p6184,Person,33,central
p6185,Person,67,south
p6186,Person,22,west
p6187,Person,57,north
p6188,Person,24,south
p6189,Person,62,south
p6190,Person,25,east
p6191,Person,55,east
p6192,Person,77,north
p6193,Person,36,west
p6194,Person,71,north
p6195,Person,48,south
p6196,Person,41,central
p6197,Person,37,south
p6198,Person,25,west
p6199,Person,51,east
p6200,Person,22,south
p6201,Person,61,south
p6202,Person,24,east
p6203,Person,66,north
p6204,Person,48,north
p6205,Person,18,central
p6206,Person,46,east
p6207,Person,20,central
p6208,Person,44,north
p6209,Person,43,central
p6210,Person,29,south
p6211,Person,43,east
p6212,Person,54,south
p6213,Person,41,north
p6214,Person,57,south
p6215,Person,49,south
p6216,Person,77,central
p6217,Person,30,south
p6218,Person,75,south
p6219,Person,52,west
p6220,Person,34,east
p6221,Person,70,west
p6222,Person,57,south
p6223,Person,67,west
p6224,Person,73,south
p6225,Person,68,central
p6226,Person,44,east
p6227,Person,66,north
p6228,Person,55,west
p6229,Person,47,west
p6230,Person,27,north
p6231,Person,70,south
p6232,Person,73,central
p6233,Person,56,west
p6234,Person,50,south
p6235,Person,47,east
p6236,Person,25,central
p6237,Person,42,east
p6238,Person,69,north
p6239,Person,22,north
p6240,Person,48,south
p6241,Person,72,south
p6242,Person,77,north
p6243,Person,55,central
p6244,Person,36,central
p6245,Person,68,north
p6246,Person,47,north
p6247,Person,21,east
p6248,Person,61,south
p6249,Person,61,west
p6250,Person,74,west
p6251,Person,36,east
p6252,Person,23,west
p6253,Person,49,south
p6254,Person,38,west
p6255,Person,68,east
p6256,Person,18,east
p6257,Person,64,east
p6258,Person,70,west
p6259,Person,53,east
p6260,Person,69,north
p6261,Person,70,west
p6262,Person,33,west
p6263,Person,44,east
p6264,Person,52,west
p6265,Person,40,north
p6266,Person,66,east
p6267,Person,57,east
p6268,Person,38,central
p6269,Person,20,east
p6270,Person,62,west
p6271,Person,67,central
p6272,Person,69,west
p6273,Person,69,south
p6274,Person,48,north
p6275,Person,29,south
p6276,Person,71,west
p6277,Person,33,central
p6278,Person,58,central
p6279,Person,42,west
p6280,Person,21,east
p6281,Person,75,central
p6282,Person,20,south
p6283,Person,63,east
p6284,Person,48,west
p6285,Person,77,east
p6286,Person,32,north
p6287,Person,32,west
p6288,Person,67,north
p6289,Person,33,east
p6290,Person,58,north
p6291,Person,61,south
p6292,Person,27,north
p6293,Person,37,central
p6294,Person,52,central
p6295,Person,28,west
p6296,Person,49,central
p6297,Person,29,south
p6298,Person,68,central
p6299,Person,28,north
p6300,Person,69,west
p6301,Person,59,east
p6302,Person,68,west
p6303,Person,23,east
p6304,Person,67,north
p6305,Person,71,east
p6306,Person,65,west
p6307,Person,29,west
p6308,Person,60,east
p6309,Person,73,central
p6310,Person,46,east
p6311,Person,73,central
p6312,Person,18,north
p6313,Person,61,south
p6314,Person,24,west
p6315,Person,37,central
p6316,Person,24,east
p6317,Person,38,east
p6318,Person,71,central
p6319,Person,42,east
p6320,Person,42,south
p6321,Person,20,east
p6322,Person,56,north
p6323,Person,69,north
p6324,Person,21,east
p6325,Person,31,south
p6326,Person,68,central
p6327,Person,40,west
p6328,Person,74,west
p6329,Person,58,east
p6330,Person,50,west
p6331,Person,20,east
p6332,Person,56,central
p6333,Person,42,central
p6334,Person,19,east
p6335,Person,33,south
p6336,Person,68,west
p6337,Person,63,west
p6338,Person,50,east
p6339,Person,18,east
p6340,Person,49,south
p6341,Person,75,south
p6342,Person,50,south
p6343,Person,20,central
p6344,Person,25,north
p6345,Person,20,east
p6346,Person,76,central
p6347,Person,64,west
p6348,Person,67,central
p6349,Person,46,central
p6350,Person,59,north
p6351,Person,38,central
p6352,Person,41,east
p6353,Person,57,east
p6354,Person,62,north
p6355,Person,69,south
p6356,Person,40,central
p6357,Person,56,south
p6358,Person,20,east
p6359,Person,41,east
p6360,Person,21,north
p6361,Person,42,central
p6362,Person,45,north
p6363,Person,23,east
p6364,Person,74,central
p6365,Person,30,south
p6366,Person,52,south
p6367,Person,47,south
p6368,Person,19,east
p6369,Person,62,north
p6370,Person,46,north
p6371,Person,45,west
p6372,Person,24,south
p6373,Person,55,central
p6374,Person,66,south
p6375,Person,22,west
p6376,Person,27,central
p6377,Person,19,central
p6378,Person,58,north
p6379,Person,20,central
p6380,Person,43,south
p6381,Person,46,east
p6382,Person,24,south
p6383,Person,56,west
p6384,Person,24,north
p6385,Person,62,south
p6386,Person,25,central
p6387,Person,64,west
p6388,Person,74,south
p6389,Person,51,north
p6390,Person,74,south
p6391,Person,38,north
p6392,Person,46,south
p6393,Person,58,north
p6394,Person,32,west
p6395,Person,57,south
p6396,Person,70,central
p6397,Person,66,north
p6398,Person,30,central
p6399,Person,75,north
p6400,Person,44,south
p6401,Person,37,north
p6402,Person,20,east
p6403,Person,51,west
p6404,Person,69,north
p6405,Person,27,central
p6406,Person,19,west
p6407,Person,22,west
p6408,Person,20,west
p6409,Person,49,north
p6410,Person,75,south
p6411,Person,39,central
p6412,Person,61,east
p6413,Person,68,west
p6414,Person,51,west
p6415,Person,18,south
p6416,Person,20,south
p6417,Person,26,central
p6418,Person,69,west
p6419,Person,32,south
p6420,Person,47,central
p6421,Person,75,central
p6422,Person,66,south
p6423,Person,29,south
p6424,Person,21,central
p6425,Person,43,south
p6426,Person,77,east
p6427,Person,30,central
p6428,Person,21,central
p6429,Person,60,central
p6430,Person,32,central
p6431,Person,58,east
p6432,Person,24,central
p6433,Person,33,central
p6434,Person,46,north
p6435,Person,22,east
p6436,Person,67,east
p6437,Person,61,west
p6438,Person,54,west
p6439,Person,75,north
p6440,Person,38,south
p6441,Person,71,south
p6442,Person,43,central
p6443,Person,47,east
p6444,Person,23,west
p6445,Person,34,east
p6446,Person,26,west
p6447,Person,64,south
p6448,Person,70,central
p6449,Person,29,west
p6450,Person,71,east
p6451,Person,77,north
p6452,Person,70,west
p6453,Person,53,central
p6454,Person,72,east
p6455,Person,35,east
p6456,Person,51,north
p6457,Person,48,central
p6458,Person,55,east
p6459,Person,34,west
p6460,Person,55,west
p6461,Person,55,west
p6462,Person,33,north
p6463,Person,58,central
p6464,Person,50,north
p6465,Person,30,south
p6466,Person,38,central
p6467,Person,52,north
p6468,Person,68,north
p6469,Person,37,central
p6470,Person,38,east
p6471,Person,67,east
p6472,Person,20,west
p6473,Person,29,central
p6474,Person,45,central
p6475,Person,47,south
p6476,Person,70,north
p6477,Person,31,south
p6478,Person,64,east
p6479,Person,22,west
p6480,Person,71,east
p6481,Person,41,central
p6482,Person,73,south
p6483,Person,66,west
p6484,Person,50,south
p6485,Person,55,west
p6486,Person,48,north
p6487,Person,38,central
p6488,Person,33,north
p6489,Person,43,central
p6490,Person,52,north
p6491,Person,48,central
p6492,Person,59,south
p6493,Person,49,south
p6494,Person,45,east
p6495,Person,40,south
p6496,Person,64,west
p6497,Person,55,central
p6498,Person,41,central
p6499,Person,74,east
p6500,Person,62,central
p6501,Person,56,central
p6502,Person,39,west
p6503,Person,26,west
p6504,Person,33,central
p6505,Person,47,north
p6506,Person,65,east
p6507,Person,41,north
p6508,Person,70,east
p6509,Person,50,central
p6510,Person,25,central
p6511,Person,50,east
p6512,Person,35,south
p6513,Person,47,south
p6514,Person,62,central
p6515,Person,28,east
p6516,Person,67,east
p6517,Person,46,east
p6518,Person,70,central
p6519,Person,73,south
p6520,Person,18,south
p6521,Person,65,south
p6522,Person,58,west
p6523,Person,44,east
p6524,Person,58,south
p6525,Person,23,south
p6526,Person,31,west
p6527,Person,48,south
p6528,Person,27,west
p6529,Person,37,east
p6530,Person,53,south
p6531,Person,28,south
p6532,Person,53,north
p6533,Person,22,north
p6534,Person,63,south
p6535,Person,22,south
p6536,Person,53,north
p6537,Person,22,central
p6538,Person,57,east
p6539,Person,62,west
p6540,Person,45,east
p6541,Person,19,west
p6542,Person,29,central
p6543,Person,45,central
p6544,Person,30,south
p6545,Person,67,north
p6546,Person,27,east
p6547,Person,45,south
p6548,Person,44,central
p6549,Person,37,west
p6550,Person,59,west
p6551,Person,23,central
p6552,Person,24,north
p6553,Person,37,south
p6554,Person,23,west
p6555,Person,65,central
p6556,Person,73,west
p6557,Person,42,west
p6558,Person,61,west
p6559,Person,63,north
p6560,Person,28,central
p6561,Person,72,north
p6562,Person,27,east
p6563,Person,60,central
p6564,Person,27,west
p6565,Person,54,north
p6566,Person,29,west
p6567,Person,49,south
p6568,Person,21,south
p6569,Person,60,south
p6570,Person,45,north
p6571,Person,62,west
p6572,Person,44,south
p6573,Person,57,west
p6574,Person,50,east
p6575,Person,73,east
p6576,Person,47,south
p6577,Person,60,east
p6578,Person,21,south
p6579,Person,54,central
p6580,Person,77,south
p6581,Person,50,south
p6582,Person,19,north
p6583,Person,76,west
p6584,Person,39,west
p6585,Person,63,west
p6586,Person,51,north
p6587,Person,53,north
p6588,Person,54,east
p6589,Person,66,east
p6590,Person,38,south
p6591,Person,31,central
p6592,Person,26,central
p6593,Person,31,south
p6594,Person,51,north
p6595,Person,27,south
p6596,Person,41,central
p6597,Person,65,central
p6598,Person,18,east
p6599,Person,67,central
p6600,Person,66,east
p6601,Person,77,south
p6602,Person,50,north
p6603,Person,30,central
p6604,Person,32,west
p6605,Person,61,north
p6606,Person,45,north
p6607,Person,75,north
p6608,Person,68,central
p6609,Person,36,north
p6610,Person,30,north
p6611,Person,28,west
p6612,Person,31,east
p6613,Person,66,south
p6614,Person,57,north
p6615,Person,27,north
p6616,Person,53,west
p6617,Person,27,south
p6618,Person,21,north
p6619,Person,41,west
p6620,Person,51,north
p6621,Person,69,west
p6622,Person,46,central
p6623,Person,66,west
p6624,Person,32,south
p6625,Person,46,central
p6626,Person,52,south
p6627,Person,29,south
p6628,Person,44,east
p6629,Person,38,south
p6630,Person,30,south
p6631,Person,37,south
p6632,Person,38,east
p6633,Person,64,north
p6634,Person,65,central
p6635,Person,41,west
p6636,Person,72,east
p6637,Person,65,west
p6638,Person,28,central
p6639,Person,54,south
p6640,Person,38,east
p6641,Person,60,east
p6642,Person,27,central
p6643,Person,48,west
p6644,Person,41,central
p6645,Person,51,north
p6646,Person,19,south
p6647,Person,67,north
p6648,Person,59,north
p6649,Person,57,south
p6650,Person,31,east
p6651,Person,41,west
p6652,Person,39,west
p6653,Person,50,north
p6654,Person,75,west
p6655,Person,61,north
p6656,Person,66,south
p6657,Person,59,east
p6658,Person,50,north
p6659,Person,20,east
p6660,Person,35,north
p6661,Person,35,central
p6662,Person,72,east
p6663,Person,25,east
p6664,Person,56,north
p6665,Person,44,west
p6666,Person,55,south
p6667,Person,25,east
p6668,Person,21,north
p6669,Person,42,central
p6670,Person,57,west
p6671,Person,56,east
p6672,Person,63,central
p6673,Person,20,east
p6674,Person,32,east
p6675,Person,21,north
p6676,Person,20,west
p6677,Person,66,north
p6678,Person,76,north
p6679,Person,41,west
p6680,Person,72,south
p6681,Person,66,south
p6682,Person,58,east
p6683,Person,47,central
p6684,Person,66,north
p6685,Person,75,east
p6686,Person,18,east
p6687,Person,38,central
p6688,Person,70,south
p6689,Person,74,west
p6690,Person,23,east
p6691,Person,20,central
p6692,Person,34,north
p6693,Person,50,north
p6694,Person,38,north
p6695,Person,28,south
p6696,Person,76,central
p6697,Person,19,north
p6698,Person,70,central
p6699,Person,50,west
p6700,Person,46,south
p6701,Person,67,west
p6702,Person,70,east
p6703,Person,21,central
p6704,Person,40,north
p6705,Person,35,east
p6706,Person,74,west
p6707,Person,73,east
p6708,Person,32,central
p6709,Person,70,south
p6710,Person,66,west
p6711,Person,25,central
p6712,Person,73,west
p6713,Person,37,east
p6714,Person,43,east
p6715,Person,21,central
p6716,Person,52,west
p6717,Person,53,east
p6718,Person,76,north
p6719,Person,24,central
p6720,Person,27,north
p6721,Person,35,central
p6722,Person,67,east
p6723,Person,23,west
p6724,Person,37,central
p6725,Person,27,west
p6726,Person,31,west
p6727,Person,28,south
p6728,Person,67,central
p6729,Person,35,north
p6730,Person,27,south
p6731,Person,46,central
p6732,Person,47,north
p6733,Person,71,north
p6734,Person,68,south
p6735,Person,29,south
p6736,Person,64,central
p6737,Person,35,north
p6738,Person,77,east
p6739,Person,76,north
p6740,Person,68,south
p6741,Person,34,east
p6742,Person,53,east
p6743,Person,58,west
p6744,Person,63,east
p6745,Person,19,west
p6746,Person,66,north
p6747,Person,40,central
p6748,Person,61,south
p6749,Person,77,east
p6750,Person,72,north
p6751,Person,49,east
p6752,Person,37,west
p6753,Person,74,central
p6754,Person,27,east
p6755,Person,26,west
p6756,Person,55,east
p6757,Person,49,west
p6758,Person,70,west
p6759,Person,39,east
p6760,Person,43,east
p6761,Person,58,east
p6762,Person,33,west
p6763,Person,65,east
p6764,Person,67,east
p6765,Person,21,west
p6766,Person,51,east
p6767,Person,38,central
p6768,Person,68,north
p6769,Person,37,east
p6770,Person,60,east
p6771,Person,52,east
p6772,Person,18,east
p6773,Person,73,south
p6774,Person,63,south
p6775,Person,43,north
p6776,Person,60,west
p6777,Person,64,south
p6778,Person,64,south
p6779,Person,19,west
p6780,Person,71,central
p6781,Person,63,east
p6782,Person,46,central
p6783,Person,32,east
p6784,Person,55,west
p6785,Person,62,south
p6786,Person,77,north
p6787,Person,43,north
p6788,Person,18,central
p6789,Person,75,west
p6790,Person,38,east
p6791,Person,20,north
p6792,Person,62,east
p6793,Person,61,east
p6794,Person,39,central
p6795,Person,36,south
p6796,Person,41,central
p6797,Person,66,central
p6798,Person,26,east
p6799,Person,51,central
p6800,Person,54,east
p6801,Person,18,west
p6802,Person,32,south
p6803,Person,42,south
p6804,Person,49,west
p6805,Person,52,west
p6806,Person,70,east
p6807,Person,64,east
p6808,Person,67,central
p6809,Person,50,south
p6810,Person,39,west
p6811,Person,55,west
p6812,Person,68,east
p6813,Person,33,south
p6814,Person,66,west
p6815,Person,54,south
p6816,Person,52,east
p6817,Person,28,west
p6818,Person,64,central
p6819,Person,34,east
p6820,Person,68,north
p6821,Person,73,north
p6822,Person,48,west
p6823,Person,71,west
p6824,Person,31,south
p6825,Person,59,west
p6826,Person,73,north
p6827,Person,63,central
p6828,Person,69,north
p6829,Person,65,east
p6830,Person,31,south
p6831,Person,59,central
p6832,Person,47,south
p6833,Person,46,central
p6834,Person,20,central
p6835,Person,64,south
p6836,Person,38,north
p6837,Person,63,west
p6838,Person,35,west
p6839,Person,41,east
p6840,Person,48,north
p6841,Person,38,central
p6842,Person,34,central
p6843,Person,41,east
p6844,Person,64,east
p6845,Person,55,north
p6846,Person,71,east
p6847,Person,62,south
p6848,Person,61,east
p6849,Person,66,north
p6850,Person,44,central
p6851,Person,34,north
p6852,Person,43,north
p6853,Person,42,north
p6854,Person,70,central
p6855,Person,66,central
p6856,Person,21,south
p6857,Person,20,west
p6858,Person,55,north
p6859,Person,49,west
p6860,Person,27,south
p6861,Person,77,north
p6862,Person,45,west
p6863,Person,46,west
p6864,Person,33,west
p6865,Person,58,central
p6866,Person,50,central
p6867,Person,49,central
p6868,Person,31,north
p6869,Person,18,east
p6870,Person,63,east
p6871,Person,21,north
p6872,Person,56,south
p6873,Person,49,central
p6874,Person,27,central
p6875,Person,66,east
p6876,Person,28,south
p6877,Person,66,east
p6878,Person,22,west
p6879,Person,62,south
p6880,Person,31,central
p6881,Person,60,east
p6882,Person,18,west
p6883,Person,31,south
p6884,Person,43,north
p6885,Person,46,east
p6886,Person,72,east
p6887,Person,18,north
p6888,Person,63,west
p6889,Person,19,south
p6890,Person,69,north
p6891,Person,35,north
p6892,Person,66,central
p6893,Person,65,north
p6894,Person,54,central
p6895,Person,41,west
p6896,Person,33,central
p6897,Person,21,west
p6898,Person,75,south
p6899,Person,58,south
p6900,Person,77,west
p6901,Person,71,west
p6902,Person,28,east
p6903,Person,37,south
p6904,Person,21,east
p6905,Person,47,east
p6906,Person,28,north
p6907,Person,34,west
p6908,Person,59,west
p6909,Person,45,central
p6910,Person,18,west
p6911,Person,48,central
p6912,Person,64,central
p6913,Person,57,central
p6914,Person,38,north
p6915,Person,60,south
p6916,Person,18,central
p6917,Person,76,central
p6918,Person,61,central
p6919,Person,39,east
p6920,Person,35,west
p6921,Person,53,north
p6922,Person,74,north
p6923,Person,51,west
p6924,Person,44,south
p6925,Person,21,south
p6926,Person,19,south
p6927,Person,24,east
p6928,Person,63,west
p6929,Person,61,central
p6930,Person,36,north
p6931,Person,71,south
p6932,Person,58,central
p6933,Person,26,north
p6934,Person,20,east
p6935,Person,66,east
p6936,Person,50,south
p6937,Person,40,west
p6938,Person,55,east
p6939,Person,56,east
p6940,Person,29,west
p6941,Person,59,south
p6942,Person,68,east
p6943,Person,30,east
p6944,Person,19,west
p6945,Person,28,west
p6946,Person,18,east
p6947,Person,65,central
p6948,Person,56,central
p6949,Person,65,north
p6950,Person,61,central
p6951,Person,43,west
p6952,Person,66,north
p6953,Person,36,west
p6954,Person,20,east
p6955,Person,43,central
p6956,Person,71,central
p6957,Person,18,west
p6958,Person,56,south
p6959,Person,69,east
p6960,Person,45,east
p6961,Person,62,south
p6962,Person,30,west
p6963,Person,37,south
p6964,Person,39,central
p6965,Person,19,west
p6966,Person,70,north
p6967,Person,61,south
p6968,Person,23,north
p6969,Person,71,east
p6970,Person,44,central
p6971,Person,57,east
p6972,Person,62,east
p6973,Person,39,central
p6974,Person,64,north
p6975,Person,22,north
p6976,Person,43,east
p6977,Person,72,south
p6978,Person,45,south
p6979,Person,62,south
p6980,Person,26,east
p6981,Person,39,south
p6982,Person,53,south
p6983,Person,63,east
p6984,Person,61,west
p6985,Person,67,south
p6986,Person,72,south
p6987,Person,59,south
p6988,Person,76,south
p6989,Person,45,west
p6990,Person,18,east
p6991,Person,67,west
p6992,Person,21,west
p6993,Person,66,central
p6994,Person,36,west
p6995,Person,39,south
p6996,Person,41,north
p6997,Person,68,east
p6998,Person,18,north
p6999,Person,26,east
p7000,Person,41,west
p7001,Person,33,west
p7002,Person,55,east
p7003,Person,64,central
p7004,Person,51,west
p7005,Person,54,east
p7006,Person,65,south
p7007,Person,55,south
p7008,Person,21,north
p7009,Person,69,east
p7010,Person,23,east
p7011,Person,66,north
p7012,Person,48,east
p7013,Person,29,north
p7014,Person,72,east
p7015,Person,23,north
p7016,Person,74,south
p7017,Person,32,central
p7018,Person,61,east
p7019,Person,55,east
p7020,Person,71,central
p7021,Person,18,south
p7022,Person,54,east
p7023,Person,49,east
p7024,Person,38,east
p7025,Person,25,south
p7026,Person,57,north
p7027,Person,21,west
p7028,Person,56,north
p7029,Person,54,west
p7030,Person,32,east
p7031,Person,53,west
p7032,Person,60,south
p7033,Person,40,east
p7034,Person,37,north
p7035,Person,45,central
p7036,Person,18,north
p7037,Person,51,central
p7038,Person,67,east
p7039,Person,42,west
p7040,Person,65,east
p7041,Person,53,central
p7042,Person,75,east
p7043,Person,40,west
p7044,Person,60,south
p7045,Person,65,central
p7046,Person,52,west
p7047,Person,35,central
p7048,Person,74,south
p7049,Person,72,west
p7050,Person,67,north
p7051,Person,26,south
p7052,Person,30,south
p7053,Person,59,south
p7054,Person,50,south
p7055,Person,74,central
p7056,Person,34,south
p7057,Person,40,south
p7058,Person,70,south
p7059,Person,19,central
p7060,Person,54,north
p7061,Person,36,east
p7062,Person,23,north
p7063,Person,61,central
p7064,Person,40,north
p7065,Person,25,south
p7066,Person,65,south
p7067,Person,52,west
p7068,Person,72,south
p7069,Person,58,north
p7070,Person,19,central
p7071,Person,68,east
p7072,Person,33,east
p7073,Person,43,central
p7074,Person,38,west
p7075,Person,58,central
p7076,Person,27,north
p7077,Person,65,east
p7078,Person,42,north
p7079,Person,39,east
p7080,Person,60,south
p7081,Person,73,east
p7082,Person,32,east
p7083,Person,27,south
p7084,Person,68,central
p7085,Person,71,north
p7086,Person,47,north
p7087,Person,27,south
p7088,Person,43,west
p7089,Person,23,east
p7090,Person,77,south
p7091,Person,57,west
p7092,Person,29,west
p7093,Person,70,south
p7094,Person,31,west
p7095,Person,52,east
p7096,Person,39,central
p7097,Person,57,west
p7098,Person,63,east
p7099,Person,37,west
p7100,Person,57,east
p7101,Person,50,south
p7102,Person,40,north
p7103,Person,41,west
p7104,Person,18,west
p7105,Person,20,east
p7106,Person,45,central
p7107,Person,30,north
p7108,Person,19,north
p7109,Person,60,east
p7110,Person,44,north
p7111,Person,51,north
p7112,Person,67,east
p7113,Person,45,central
p7114,Person,32,west
p7115,Person,32,east
p7116,Person,59,north
p7117,Person,41,south
p7118,Person,51,north
p7119,Person,26,east
p7120,Person,34,west
p7121,Person,73,east
p7122,Person,27,north
p7123,Person,29,north
p7124,Person,21,south
p7125,Person,45,central
p7126,Person,56,central
p7127,Person,39,west
p7128,Person,68,central
p7129,Person,22,west
p7130,Person,43,north
p7131,Person,27,central
p7132,Person,47,west
p7133,Person,25,south
p7134,Person,32,west
p7135,Person,43,central
p7136,Person,36,central
p7137,Person,75,north
p7138,Person,50,east
p7139,Person,18,south
p7140,Person,34,central
p7141,Person,68,north
p7142,Person,40,north
p7143,Person,62,north
p7144,Person,28,west
p7145,Person,53,central
p7146,Person,65,central
p7147,Person,29,west
p7148,Person,34,west
p7149,Person,52,central
p7150,Person,56,south
p7151,Person,63,east
p7152,Person,26,west
p7153,Person,55,south
p7154,Person,39,east
p7155,Person,23,west
p7156,Person,41,central
p7157,Person,54,east
p7158,Person,68,north
p7159,Person,24,south
p7160,Person,31,south
p7161,Person,45,south
p7162,Person,41,south
p7163,Person,76,central
p7164,Person,48,east
p7165,Person,77,west
p7166,Person,42,central
p7167,Person,52,central
p7168,Person,36,east
p7169,Person,41,south
p7170,Person,43,west
p7171,Person,18,west
p7172,Person,50,north
p7173,Person,60,north
p7174,Person,24,west
p7175,Person,36,north
p7176,Person,30,east
p7177,Person,29,south
p7178,Person,22,south
p7179,Person,62,north
p7180,Person,68,east
p7181,Person,46,north
p7182,Person,65,north
p7183,Person,19,west
p7184,Person,72,east
p7185,Person,58,central
p7186,Person,55,east
p7187,Person,76,east
p7188,Person,25,east
p7189,Person,73,central
p7190,Person,51,east
p7191,Person,20,central
p7192,Person,57,south
p7193,Person,54,north
p7194,Person,62,north
p7195,Person,56,west
p7196,Person,49,east
p7197,Person,34,south
p7198,Person,27,east
p7199,Person,18,west
p7200,Person,73,east
p7201,Person,19,central
p7202,Person,49,north
p7203,Person,19,west
p7204,Person,51,south
p7205,Person,44,north
p7206,Person,37,north
p7207,Person,35,north
p7208,Person,59,east
p7209,Person,44,west
p7210,Person,39,south
p7211,Person,70,west
p7212,Person,18,west
p7213,Person,24,east
p7214,Person,73,north
p7215,Person,34,east
p7216,Person,38,central
p7217,Person,56,north
p7218,Person,73,central
p7219,Person,73,west
p7220,Person,44,north
p7221,Person,39,central
p7222,Person,25,east
p7223,Person,37,south
p7224,Person,41,south
p7225,Person,61,west
p7226,Person,26,west
p7227,Person,41,north
p7228,Person,22,east
p7229,Person,41,south
p7230,Person,31,east
p7231,Person,59,south
p7232,Person,74,central
p7233,Person,27,south
p7234,Person,68,central
p7235,Person,30,north
p7236,Person,42,central
p7237,Person,53,central
p7238,Person,26,east
p7239,Person,35,south
p7240,Person,22,east
p7241,Person,35,north
p7242,Person,31,east
p7243,Person,21,west
p7244,Person,49,south
p7245,Person,69,north
p7246,Person,55,west
p7247,Person,58,south
p7248,Person,33,west
p7249,Person,33,central
p7250,Person,68,north
p7251,Person,25,north
p7252,Person,63,central
p7253,Person,61,south
p7254,Person,72,north
p7255,Person,55,east
p7256,Person,30,west
p7257,Person,73,west
p7258,Person,43,east
p7259,Person,36,north
p7260,Person,77,west
p7261,Person,23,west
p7262,Person,36,central
p7263,Person,56,east
p7264,Person,44,north
p7265,Person,48,south
p7266,Person,64,central
p7267,Person,32,east
p7268,Person,38,south
p7269,Person,21,west
p7270,Person,22,east
p7271,Person,74,west
p7272,Person,22,south
p7273,Person,39,south
p7274,Person,42,north
p7275,Person,20,west
p7276,Person,35,south
p7277,Person,33,west
p7278,Person,18,east
p7279,Person,49,west
p7280,Person,54,south
p7281,Person,32,central
p7282,Person,64,east
p7283,Person,56,south
p7284,Person,62,south
p7285,Person,65,south
p7286,Person,24,east
p7287,Person,48,central
p7288,Person,47,west
p7289,Person,30,east
p7290,Person,44,east
p7291,Person,27,central
p7292,Person,30,central
p7293,Person,50,central
p7294,Person,28,east
p7295,Person,65,north
p7296,Person,64,west
p7297,Person,70,south
p7298,Person,61,central
p7299,Person,63,north
p7300,Person,50,west
p7301,Person,74,east
p7302,Person,41,north
p7303,Person,31,west
p7304,Person,22,west
p7305,Person,38,south
p7306,Person,76,west
p7307,Person,45,east
p7308,Person,32,east
p7309,Person,40,west
p7310,Person,30,central
p7311,Person,42,east
p7312,Person,43,north
p7313,Person,56,south
p7314,Person,35,central
p7315,Person,53,east
p7316,Person,21,central
p7317,Person,40,east
p7318,Person,55,south
p7319,Person,65,north
p7320,Person,70,north
p7321,Person,22,west
p7322,Person,50,west
p7323,Person,57,west
p7324,Person,37,east
p7325,Person,75,south
p7326,Person,53,south
p7327,Person,60,north
p7328,Person,36,west
p7329,Person,75,east
p7330,Person,49,central
p7331,Person,30,central
p7332,Person,61,west
p7333,Person,59,north
p7334,Person,52,west
p7335,Person,35,central
p7336,Person,42,west
p7337,Person,18,north
p7338,Person,29,south
p7339,Person,77,south
p7340,Person,33,north
p7341,Person,70,south
p7342,Person,30,south
p7343,Person,25,east
p7344,Person,71,central
p7345,Person,73,south
p7346,Person,29,south
p7347,Person,35,east
p7348,Person,33,central
p7349,Person,39,north
p7350,Person,71,central
p7351,Person,25,north
p7352,Person,38,south
p7353,Person,68,west
p7354,Person,56,east
p7355,Person,34,north
p7356,Person,36,central
p7357,Person,70,central
p7358,Person,28,west
p7359,Person,59,west
p7360,Person,46,west
p7361,Person,70,north
p7362,Person,32,south
p7363,Person,73,east
p7364,Person,72,west
p7365,Person,68,north
p7366,Person,77,central
p7367,Person,33,north
p7368,Person,26,south
p7369,Person,38,east
p7370,Person,43,north
p7371,Person,34,west
p7372,Person,42,east
p7373,Person,56,central
p7374,Person,42,west
p7375,Person,46,east
p7376,Person,71,central
p7377,Person,28,central
p7378,Person,72,west
p7379,Person,57,north
p7380,Person,23,south
p7381,Person,68,central
p7382,Person,38,west
p7383,Person,30,south
p7384,Person,44,south
p7385,Person,32,south
p7386,Person,74,central
p7387,Person,73,central
p7388,Person,42,central
p7389,Person,27,west
p7390,Person,59,central
p7391,Person,72,central
p7392,Person,46,north
p7393,Person,32,north
p7394,Person,71,west
p7395,Person,52,north
p7396,Person,62,south
p7397,Person,77,south
p7398,Person,45,north
p7399,Person,72,west
p7400,Person,57,central
p7401,Person,33,south
p7402,Person,46,east
p7403,Person,59,central
p7404,Person,18,south
p7405,Person,49,west
p7406,Person,76,north
p7407,Person,53,south
p7408,Person,52,south
p7409,Person,38,east
p7410,Person,52,east
p7411,Person,44,west
p7412,Person,49,east
p7413,Person,26,east
p7414,Person,42,central
p7415,Person,56,west
p7416,Person,40,west
p7417,Person,53,central
p7418,Person,40,south
p7419,Person,70,east
p7420,Person,50,east
p7421,Person,75,north
p7422,Person,37,central
p7423,Person,64,east
p7424,Person,64,east
p7425,Person,45,east
p7426,Person,32,central
p7427,Person,38,west
p7428,Person,34,north
p7429,Person,36,south
p7430,Person,43,central
p7431,Person,51,west
p7432,Person,50,south
p7433,Person,63,south
p7434,Person,26,west
p7435,Person,65,west
p7436,Person,23,central
p7437,Person,69,west
p7438,Person,56,north
p7439,Person,29,west
p7440,Person,18,west
p7441,Person,71,west
p7442,Person,77,north
p7443,Person,20,central
p7444,Person,18,west
p7445,Person,21,east
p7446,Person,46,west
p7447,Person,66,east
p7448,Person,56,west
p7449,Person,76,south
p7450,Person,29,north
p7451,Person,63,west
p7452,Person,67,west
p7453,Person,40,east
p7454,Person,69,west
p7455,Person,23,east
p7456,Person,40,north
p7457,Person,69,east
p7458,Person,74,north
p7459,Person,31,central
p7460,Person,76,north
p7461,Person,31,south
p7462,Person,69,north
p7463,Person,59,west
p7464,Person,52,west
p7465,Person,40,west
p7466,Person,68,east
p7467,Person,35,north
p7468,Person,27,central
p7469,Person,25,central
p7470,Person,32,central
p7471,Person,65,east
p7472,Person,27,central
p7473,Person,61,central
p7474,Person,61,west
p7475,Person,68,west
p7476,Person,73,south
p7477,Person,22,east
p7478,Person,40,central
p7479,Person,65,central
p7480,Person,53,east
p7481,Person,30,central
p7482,Person,29,north
p7483,Person,22,south
p7484,Person,56,central
p7485,Person,19,east
p7486,Person,25,east
p7487,Person,32,central
p7488,Person,71,south
p7489,Person,73,central
p7490,Person,69,south
p7491,Person,30,central
p7492,Person,49,west
p7493,Person,31,north
p7494,Person,52,north
p7495,Person,65,south
p7496,Person,70,north
p7497,Person,68,south
p7498,Person,33,east
p7499,Person,18,west
p7500,Person,72,west
p7501,Person,27,central
p7502,Person,67,central
p7503,Person,75,east
p7504,Person,47,west
p7505,Person,54,south
p7506,Person,67,north
p7507,Person,60,east
p7508,Person,23,east
p7509,Person,29,west
p7510,Person,22,south
p7511,Person,40,south
p7512,Person,38,east
p7513,Person,45,central
p7514,Person,41,south
p7515,Person,71,central
p7516,Person,57,east
p7517,Person,73,west
p7518,Person,67,north
p7519,Person,76,central
p7520,Person,42,south
p7521,Person,48,north
p7522,Person,27,west
p7523,Person,23,south
p7524,Person,70,central
p7525,Person,20,central
p7526,Person,73,south
p7527,Person,73,south
p7528,Person,56,west
p7529,Person,67,east
p7530,Person,72,west
p7531,Person,65,central
p7532,Person,49,east
p7533,Person,29,south
p7534,Person,62,south
p7535,Person,71,south
p7536,Person,66,east
p7537,Person,54,east
p7538,Person,57,north
p7539,Person,56,east
p7540,Person,30,north
p7541,Person,61,north
p7542,Person,64,north
p7543,Person,45,east
p7544,Person,25,east
p7545,Person,53,east
p7546,Person,43,north
p7547,Person,36,east
p7548,Person,40,west
p7549,Person,41,north
p7550,Person,32,north
p7551,Person,72,west
p7552,Person,30,south
p7553,Person,68,west
p7554,Person,55,central
p7555,Person,46,east
p7556,Person,20,south
p7557,Person,25,north
p7558,Person,24,south
p7559,Person,23,south
p7560,Person,44,west
p7561,Person,57,west
p7562,Person,57,central
p7563,Person,29,west
p7564,Person,68,north
p7565,Person,63,south
p7566,Person,25,south
p7567,Person,32,central
p7568,Person,60,west
p7569,Person,28,north
p7570,Person,50,central
p7571,Person,21,west
p7572,Person,57,south
p7573,Person,68,north
p7574,Person,45,central
p7575,Person,53,east
p7576,Person,29,north
p7577,Person,77,north
p7578,Person,61,west
p7579,Person,63,central
p7580,Person,35,south
p7581,Person,76,east
p7582,Person,61,west
p7583,Person,58,east
p7584,Person,76,east
p7585,Person,77,central
p7586,Person,68,south
p7587,Person,75,west
p7588,Person,34,east
p7589,Person,66,central
p7590,Person,29,north
p7591,Person,41,south
p7592,Person,32,east
p7593,Person,76,north
p7594,Person,22,east
p7595,Person,31,north
p7596,Person,38,north
p7597,Person,41,west
p7598,Person,74,north
p7599,Person,66,central
p7600,Person,60,west
p7601,Person,28,east
p7602,Person,44,west
p7603,Person,50,east
p7604,Person,35,east
p7605,Person,40,north
p7606,Person,70,west
p7607,Person,27,west
p7608,Person,68,east
p7609,Person,49,west
p7610,Person,60,south
p7611,Person,22,south
p7612,Person,74,central
p7613,Person,49,north
p7614,Person,65,east
p7615,Person,41,south
p7616,Person,56,south
p7617,Person,53,central
p7618,Person,25,west
p7619,Person,73,west
p7620,Person,70,west
p7621,Person,46,east
p7622,Person,33,east
p7623,Person,54,central
p7624,Person,49,east
p7625,Person,37,central
p7626,Person,57,central
p7627,Person,29,south
p7628,Person,62,north
p7629,Person,54,north
p7630,Person,22,east
p7631,Person,66,south
p7632,Person,76,central
p7633,Person,57,north
p7634,Person,19,north
p7635,Person,68,north
p7636,Person,77,north
p7637,Person,29,central
p7638,Person,76,central
p7639,Person,68,west
p7640,Person,51,central
p7641,Person,25,central
p7642,Person,27,east
p7643,Person,50,central
p7644,Person,21,west
p7645,Person,28,west
p7646,Person,18,south
p7647,Person,34,east
p7648,Person,75,south
p7649,Person,74,central
p7650,Person,76,central
p7651,Person,66,central
p7652,Person,34,east
p7653,Person,72,north
p7654,Person,36,central
p7655,Person,61,south
p7656,Person,23,central
p7657,Person,57,west
p7658,Person,75,central
p7659,Person,62,west
p7660,Person,39,south
p7661,Person,50,west
p7662,Person,20,north
p7663,Person,29,west
p7664,Person,68,east
p7665,Person,29,north
p7666,Person,36,west
p7667,Person,56,north
p7668,Person,29,north
p7669,Person,50,south
p7670,Person,62,south
p7671,Person,18,west
p7672,Person,44,west
p7673,Person,45,south
p7674,Person,76,north
p7675,Person,26,north
p7676,Person,22,east
p7677,Person,40,central
p7678,Person,35,central
p7679,Person,26,north
p7680,Person,50,north
p7681,Person,76,central
p7682,Person,33,south
p7683,Person,38,south
p7684,Person,69,central
p7685,Person,52,east
p7686,Person,24,west
p7687,Person,23,south
p7688,Person,33,west
p7689,Person,30,east
p7690,Person,50,south
p7691,Person,65,central
p7692,Person,68,west
p7693,Person,75,south
p7694,Person,41,central
p7695,Person,25,central
p7696,Person,61,east
p7697,Person,59,west
p7698,Person,18,west
p7699,Person,58,central
p7700,Person,44,west
p7701,Person,26,south
p7702,Person,64,north
p7703,Person,64,west
p7704,Person,47,central
p7705,Person,21,north
p7706,Person,38,central
p7707,Person,58,central
p7708,Person,62,south
p7709,Person,22,north
p7710,Person,68,west
p7711,Person,56,central
p7712,Person,58,north
p7713,Person,37,north
p7714,Person,63,west
p7715,Person,24,west
p7716,Person,32,north
p7717,Person,50,east
p7718,Person,35,south
p7719,Person,31,east
p7720,Person,45,central
p7721,Person,40,north
p7722,Person,75,west
p7723,Person,24,north
p7724,Person,32,north
p7725,Person,44,central
p7726,Person,51,south
p7727,Person,53,east
p7728,Person,35,east
p7729,Person,59,south
p7730,Person,65,west
p7731,Person,69,west
p7732,Person,40,west
p7733,Person,63,north
p7734,Person,51,south
p7735,Person,32,east
p7736,Person,20,central
p7737,Person,63,south
p7738,Person,74,central
p7739,Person,46,central
p7740,Person,64,central
p7741,Person,33,north
p7742,Person,37,east
p7743,Person,30,south
p7744,Person,77,east
p7745,Person,23,east
p7746,Person,33,west
p7747,Person,57,east
p7748,Person,72,south
p7749,Person,26,west
p7750,Person,69,north
p7751,Person,18,central
p7752,Person,72,south
p7753,Person,29,central
p7754,Person,68,central
p7755,Person,45,east
p7756,Person,49,west
p7757,Person,33,north
p7758,Person,63,south
p7759,Person,64,central
p7760,Person,74,east
p7761,Person,20,central
p7762,Person,74,south
p7763,Person,23,west
p7764,Person,71,east
p7765,Person,48,west
p7766,Person,32,south
p7767,Person,68,east
p7768,Person,60,central
p7769,Person,68,east
p7770,Person,63,east
p7771,Person,61,north
p7772,Person,27,south
p7773,Person,59,west
p7774,Person,33,north
p7775,Person,19,central
p7776,Person,32,west
p7777,Person,53,north
p7778,Person,69,east
p7779,Person,42,north
p7780,Person,36,north
p7781,Person,72,south
p7782,Person,61,west
p7783,Person,58,south
p7784,Person,53,east
p7785,Person,29,south
p7786,Person,26,east
p7787,Person,46,south
p7788,Person,38,south
p7789,Person,29,west
p7790,Person,18,west
p7791,Person,20,central
p7792,Person,70,south
p7793,Person,56,central
p7794,Person,70,east
p7795,Person,43,east
p7796,Person,35,central
p7797,Person,34,east
p7798,Person,63,north
p7799,Person,47,north
p7800,Person,55,central
p7801,Person,30,central
p7802,Person,41,north
p7803,Person,28,west
p7804,Person,42,east
p7805,Person,52,south
p7806,Person,27,central
p7807,Person,30,north
p7808,Person,30,west
p7809,Person,64,north
p7810,Person,41,west
p7811,Person,38,central
p7812,Person,66,north
p7813,Person,70,east
p7814,Person,55,east
p7815,Person,34,south
p7816,Person,26,north
p7817,Person,41,east
p7818,Person,54,west
p7819,Person,58,east
p7820,Person,50,west
p7821,Person,28,south
p7822,Person,32,south
p7823,Person,59,north
p7824,Person,57,central
p7825,Person,19,east
p7826,Person,70,central
p7827,Person,48,north
p7828,Person,52,east
p7829,Person,75,south
p7830,Person,45,west
p7831,Person,48,west
p7832,Person,59,east
p7833,Person,40,west
p7834,Person,77,east
p7835,Person,52,north
p7836,Person,19,central
p7837,Person,21,east
p7838,Person,41,west
p7839,Person,50,west
p7840,Person,56,east
p7841,Person,21,central
p7842,Person,36,north
p7843,Person,72,north
p7844,Person,26,east
p7845,Person,61,south
p7846,Person,62,east
p7847,Person,66,east
p7848,Person,33,north
p7849,Person,65,north
p7850,Person,45,east
p7851,Person,59,south
p7852,Person,61,south
p7853,Person,58,west
p7854,Person,68,north
p7855,Person,57,south
p7856,Person,55,south
p7857,Person,19,east
p7858,Person,59,north
p7859,Person,76,south
p7860,Person,29,west
p7861,Person,22,north
p7862,Person,56,south
p7863,Person,67,east
p7864,Person,72,east
p7865,Person,20,central
p7866,Person,64,south
p7867,Person,27,west
p7868,Person,52,north
p7869,Person,26,east
p7870,Person,64,west
p7871,Person,60,west
p7872,Person,76,central
p7873,Person,33,west
p7874,Person,37,central
p7875,Person,56,north
p7876,Person,49,central
p7877,Person,54,south
p7878,Person,51,central
p7879,Person,77,north
p7880,Person,55,north
p7881,Person,60,central
p7882,Person,23,south
p7883,Person,31,central
p7884,Person,18,west
p7885,Person,67,central
p7886,Person,75,east
p7887,Person,61,south
p7888,Person,27,central
p7889,Person,62,central
p7890,Person,71,north
p7891,Person,52,north
p7892,Person,60,central
p7893,Person,55,south
p7894,Person,71,south
p7895,Person,52,north
p7896,Person,23,south
p7897,Person,20,west
p7898,Person,47,west
p7899,Person,25,west
p7900,Person,38,west
p7901,Person,55,east
p7902,Person,49,central
p7903,Person,28,central
p7904,Person,22,south
p7905,Person,18,east
p7906,Person,35,west
p7907,Person,54,central
p7908,Person,28,central
p7909,Person,48,south
p7910,Person,59,east
p7911,Person,20,north
p7912,Person,37,south
p7913,Person,38,north
p7914,Person,75,east
p7915,Person,71,north
p7916,Person,66,east
p7917,Person,45,east
p7918,Person,67,south
p7919,Person,44,west
p7920,Person,73,north
p7921,Person,68,central
p7922,Person,43,east
p7923,Person,64,north
p7924,Person,25,central
p7925,Person,22,central
p7926,Person,77,east
p7927,Person,20,south
p7928,Person,55,north
p7929,Person,33,central
p7930,Person,53,west
p7931,Person,64,central
p7932,Person,48,east
p7933,Person,76,south
p7934,Person,30,west
p7935,Person,33,central
p7936,Person,47,east
p7937,Person,21,east
p7938,Person,39,south
p7939,Person,70,east
p7940,Person,72,central
p7941,Person,70,north
p7942,Person,74,north
p7943,Person,41,east
p7944,Person,32,central
p7945,Person,76,west
p7946,Person,67,south
p7947,Person,30,west
p7948,Person,23,north
p7949,Person,33,east
p7950,Person,47,west
p7951,Person,69,north
p7952,Person,57,south
p7953,Person,36,east
p7954,Person,53,east
p7955,Person,55,central
p7956,Person,76,west
p7957,Person,23,central
p7958,Person,73,central
p7959,Person,43,south
p7960,Person,69,east
p7961,Person,37,north
p7962,Person,74,east
p7963,Person,31,south
p7964,Person,64,west
p7965,Person,34,east
p7966,Person,66,west
p7967,Person,51,north
p7968,Person,29,north
p7969,Person,23,west
p7970,Person,69,east
p7971,Person,73,east
p7972,Person,68,south
p7973,Person,76,central
p7974,Person,31,central
p7975,Person,36,west
p7976,Person,64,west
p7977,Person,49,west
p7978,Person,18,north
p7979,Person,22,east
p7980,Person,58,west
p7981,Person,44,south
p7982,Person,65,north
p7983,Person,65,east
p7984,Person,52,west
p7985,Person,28,west
p7986,Person,50,east
p7987,Person,45,central
p7988,Person,35,north
p7989,Person,37,central
p7990,Person,55,east
p7991,Person,27,south
p7992,Person,27,east
p7993,Person,52,west
p7994,Person,71,north
p7995,Person,27,west
p7996,Person,29,west
p7997,Person,26,central
p7998,Person,57,west
p7999,Person,38,west
p8000,Person,58,east
p8001,Person,60,north
p8002,Person,74,west
p8003,Person,36,east
p8004,Person,60,east
p8005,Person,65,south
p8006,Person,43,west
p8007,Person,25,central
p8008,Person,71,south
p8009,Person,59,north
p8010,Person,32,east
p8011,Person,26,central
p8012,Person,36,north
p8013,Person,75,central
p8014,Person,45,north
p8015,Person,31,east
p8016,Person,75,north
p8017,Person,50,east
p8018,Person,43,east
p8019,Person,50,south
p8020,Person,58,west
p8021,Person,73,south
p8022,Person,74,west
p8023,Person,18,east
p8024,Person,24,north
p8025,Person,26,east
p8026,Person,28,east
p8027,Person,39,south
p8028,Person,51,east
p8029,Person,47,west
p8030,Person,71,central
p8031,Person,30,west
p8032,Person,20,west
p8033,Person,70,north
p8034,Person,24,north
p8035,Person,50,north
p8036,Person,56,north
p8037,Person,20,south
p8038,Person,75,west
p8039,Person,43,east
p8040,Person,58,east
p8041,Person,33,west
p8042,Person,27,north
p8043,Person,46,east
p8044,Person,18,north
p8045,Person,18,east
p8046,Person,58,north
p8047,Person,76,east
p8048,Person,39,north
p8049,Person,61,north
p8050,Person,56,west
p8051,Person,19,north
p8052,Person,42,north
p8053,Person,41,south
p8054,Person,36,east
p8055,Person,36,central
p8056,Person,44,central
p8057,Person,65,east
p8058,Person,19,east
p8059,Person,65,north
p8060,Person,30,south
p8061,Person,29,north
p8062,Person,37,east
p8063,Person,37,east
p8064,Person,56,south
p8065,Person,23,west
p8066,Person,36,central
p8067,Person,28,south
p8068,Person,40,south
p8069,Person,36,north
p8070,Person,52,north
p8071,Person,21,central
p8072,Person,65,south
p8073,Person,62,south
p8074,Person,62,central
p8075,Person,24,east
p8076,Person,63,north
p8077,Person,32,west
p8078,Person,69,south
p8079,Person,59,central
p8080,Person,53,north
p8081,Person,51,central
p8082,Person,62,south
p8083,Person,31,central
p8084,Person,71,west
p8085,Person,27,south
p8086,Person,50,north
p8087,Person,70,west
p8088,Person,36,south
p8089,Person,53,south
p8090,Person,19,north
p8091,Person,34,north
p8092,Person,22,south
p8093,Person,50,south
p8094,Person,71,south
p8095,Person,77,east
p8096,Person,34,central
p8097,Person,61,west
p8098,Person,23,central
p8099,Person,20,north
p8100,Person,47,west
p8101,Person,66,south
p8102,Person,49,south
p8103,Person,20,north
p8104,Person,54,north
p8105,Person,55,west
p8106,Person,40,south
p8107,Person,33,east
p8108,Person,68,central
p8109,Person,42,north
p8110,Person,65,east
p8111,Person,50,central
p8112,Person,19,south
p8113,Person,19,west
p8114,Person,71,south
p8115,Person,59,north
p8116,Person,76,north
p8117,Person,33,west
p8118,Person,71,west
p8119,Person,44,south
p8120,Person,64,east
p8121,Person,51,east
p8122,Person,26,central
p8123,Person,61,south
p8124,Person,18,central
p8125,Person,67,south
p8126,Person,40,east
p8127,Person,22,central
p8128,Person,72,east
p8129,Person,59,east
p8130,Person,21,east
p8131,Person,71,east
p8132,Person,38,west
p8133,Person,61,south
p8134,Person,77,west
p8135,Person,34,central
p8136,Person,43,central
p8137,Person,58,east
p8138,Person,37,north
p8139,Person,49,west
p8140,Person,43,east
p8141,Person,76,east
p8142,Person,62,south
p8143,Person,58,south
p8144,Person,36,west
p8145,Person,62,east
p8146,Person,23,central
p8147,Person,53,east
p8148,Person,28,west
p8149,Person,23,south
p8150,Person,52,south
p8151,Person,44,north
p8152,Person,50,west
p8153,Person,59,north
p8154,Person,30,south
p8155,Person,63,north
p8156,Person,74,central
p8157,Person,49,west
p8158,Person,21,central
p8159,Person,50,west
p8160,Person,51,west
p8161,Person,64,central
p8162,Person,57,south
p8163,Person,51,west
p8164,Person,38,north
p8165,Person,56,west
p8166,Person,59,central
p8167,Person,60,north
p8168,Person,24,central
p8169,Person,50,central
p8170,Person,34,north
p8171,Person,70,south
p8172,Person,58,east
p8173,Person,59,west
p8174,Person,54,south
p8175,Person,40,south
p8176,Person,30,south
p8177,Person,57,west
p8178,Person,21,south
p8179,Person,22,south
p8180,Person,69,east
p8181,Person,52,east
p8182,Person,64,north
p8183,Person,26,north
p8184,Person,29,west
p8185,Person,53,north
p8186,Person,39,east
p8187,Person,66,north
p8188,Person,49,south
p8189,Person,56,north
p8190,Person,24,north
p8191,Person,31,south
p8192,Person,58,east
p8193,Person,53,east
p8194,Person,58,north
p8195,Person,27,east
p8196,Person,33,west
p8197,Person,51,west
p8198,Person,35,east
p8199,Person,47,north
p8200,Person,49,east
p8201,Person,50,north
p8202,Person,48,central
p8203,Person,19,west
p8204,Person,75,central
p8205,Person,43,central
p8206,Person,32,central
p8207,Person,35,east
p8208,Person,22,south
p8209,Person,29,central
p8210,Person,24,central
p8211,Person,65,east
p8212,Person,29,north
p8213,Person,72,east
p8214,Person,69,east
p8215,Person,42,south
p8216,Person,73,south
p8217,Person,44,west
p8218,Person,18,north
p8219,Person,20,central
p8220,Person,49,west
p8221,Person,72,east
p8222,Person,21,west
p8223,Person,20,north
p8224,Person,62,central
p8225,Person,49,east
p8226,Person,32,central
p8227,Person,66,central
p8228,Person,47,east
p8229,Person,57,west
p8230,Person,77,south
p8231,Person,56,east
p8232,Person,75,east
p8233,Person,72,east
p8234,Person,61,east
p8235,Person,55,west
p8236,Person,34,south
p8237,Person,24,west
p8238,Person,25,west
p8239,Person,68,west
p8240,Person,38,south
p8241,Person,38,south
p8242,Person,66,east
p8243,Person,27,west
p8244,Person,26,east
p8245,Person,47,south
p8246,Person,73,west
p8247,Person,18,east
p8248,Person,71,west
p8249,Person,74,south
p8250,Person,28,west
p8251,Person,74,west
p8252,Person,64,south
p8253,Person,45,west
p8254,Person,23,east
p8255,Person,21,west
p8256,Person,65,north
p8257,Person,61,central
p8258,Person,31,north
p8259,Person,60,west
p8260,Person,66,central
p8261,Person,51,south
p8262,Person,56,west
p8263,Person,61,central
p8264,Person,48,west
p8265,Person,47,south
p8266,Person,68,central
p8267,Person,42,south
p8268,Person,40,north
p8269,Person,45,central
p8270,Person,59,south
p8271,Person,60,west
p8272,Person,72,south
p8273,Person,56,north
p8274,Person,65,east
p8275,Person,52,central
p8276,Person,65,south
p8277,Person,39,central
p8278,Person,66,central
p8279,Person,26,south
p8280,Person,32,north
p8281,Person,32,north
p8282,Person,66,east
p8283,Person,44,north
p8284,Person,47,north
p8285,Person,57,south
p8286,Person,49,west
p8287,Person,62,west
p8288,Person,52,east
p8289,Person,53,east
p8290,Person,68,east
p8291,Person,75,central
p8292,Person,24,west
p8293,Person,66,central
p8294,Person,68,south
p8295,Person,69,east
p8296,Person,61,east
p8297,Person,69,north
p8298,Person,21,central
p8299,Person,51,south
p8300,Person,49,central
p8301,Person,46,north
p8302,Person,69,south
p8303,Person,20,south
p8304,Person,61,east
p8305,Person,67,central
p8306,Person,53,east
p8307,Person,63,west
p8308,Person,55,north
p8309,Person,61,central
p8310,Person,34,east
p8311,Person,51,east
p8312,Person,39,east
p8313,Person,47,central
p8314,Person,62,south
p8315,Person,34,central
p8316,Person,48,west
p8317,Person,75,central
p8318,Person,34,west
p8319,Person,45,west
p8320,Person,29,north
p8321,Person,63,north
p8322,Person,43,east
p8323,Person,32,east
p8324,Person,47,north
p8325,Person,59,north
p8326,Person,61,north
p8327,Person,63,west
p8328,Person,30,east
p8329,Person,18,north
p8330,Person,29,south
p8331,Person,75,east
p8332,Person,70,west
p8333,Person,72,east
p8334,Person,65,west
p8335,Person,44,west
p8336,Person,68,east
p8337,Person,42,east
p8338,Person,41,south
p8339,Person,76,central
p8340,Person,29,east
p8341,Person,34,west
p8342,Person,42,west
p8343,Person,34,north
p8344,Person,62,north
p8345,Person,24,south
p8346,Person,65,west
p8347,Person,22,north
p8348,Person,45,north
p8349,Person,27,central
p8350,Person,77,south
p8351,Person,66,east
p8352,Person,72,central
p8353,Person,29,north
p8354,Person,20,central
p8355,Person,52,east
p8356,Person,53,central
p8357,Person,60,west
p8358,Person,66,central
p8359,Person,25,east
p8360,Person,63,south
p8361,Person,63,north
p8362,Person,19,central
p8363,Person,26,west
p8364,Person,56,central
p8365,Person,36,west
p8366,Person,27,west
p8367,Person,74,north
p8368,Person,52,central
p8369,Person,68,south
p8370,Person,52,west
p8371,Person,65,north
p8372,Person,62,east
p8373,Person,25,north
p8374,Person,52,east
p8375,Person,57,west
p8376,Person,61,east
p8377,Person,30,west
p8378,Person,52,west
p8379,Person,30,north
p8380,Person,48,south
p8381,Person,22,west
p8382,Person,64,west
p8383,Person,74,south
p8384,Person,60,central
p8385,Person,63,north
p8386,Person,33,west
p8387,Person,76,south
p8388,Person,18,west
p8389,Person,34,east
p8390,Person,71,south
p8391,Person,23,east
p8392,Person,41,west
p8393,Person,48,west
p8394,Person,30,north
p8395,Person,24,west
p8396,Person,43,central
p8397,Person,54,north
p8398,Person,73,north
p8399,Person,63,west
p8400,Person,57,south
p8401,Person,50,central
p8402,Person,29,south
p8403,Person,52,central
p8404,Person,55,west
p8405,Person,74,central
p8406,Person,42,south
p8407,Person,63,central
p8408,Person,70,north
p8409,Person,38,north
p8410,Person,22,west
p8411,Person,73,south
p8412,Person,32,central
p8413,Person,35,central
p8414,Person,49,west
p8415,Person,64,north
p8416,Person,48,west
p8417,Person,40,east
p8418,Person,25,west
p8419,Person,50,north
p8420,Person,74,central
p8421,Person,58,west
p8422,Person,49,east
p8423,Person,42,central
p8424,Person,69,south
p8425,Person,23,central
p8426,Person,34,west
p8427,Person,65,central
p8428,Person,59,south
p8429,Person,59,north
p8430,Person,25,east
p8431,Person,54,east
p8432,Person,25,west
p8433,Person,55,central
p8434,Person,58,central
p8435,Person,69,east
p8436,Person,72,east
p8437,Person,59,west
p8438,Person,36,south
p8439,Person,18,central
p8440,Person,59,north
p8441,Person,51,east
p8442,Person,62,north
p8443,Person,38,north
p8444,Person,36,central
p8445,Person,75,west
p8446,Person,72,south
p8447,Person,63,east
p8448,Person,24,east
p8449,Person,39,north
p8450,Person,51,west
p8451,Person,18,south
p8452,Person,60,central
p8453,Person,39,west
p8454,Person,47,south
p8455,Person,31,central
p8456,Person,76,east
p8457,Person,43,west
p8458,Person,58,central
p8459,Person,29,south
p8460,Person,19,south
p8461,Person,71,central
p8462,Person,63,east
p8463,Person,70,south
p8464,Person,22,central
p8465,Person,74,west
p8466,Person,33,east
p8467,Person,36,south
p8468,Person,64,south
p8469,Person,34,south
p8470,Person,69,east
p8471,Person,21,north
p8472,Person,51,south
p8473,Person,49,east
p8474,Person,53,north
p8475,Person,65,south
p8476,Person,74,north
p8477,Person,44,south
p8478,Person,29,west
p8479,Person,77,north
p8480,Person,41,west
p8481,Person,30,north
p8482,Person,26,north
p8483,Person,33,west
p8484,Person,29,north
p8485,Person,21,south
p8486,Person,41,north
p8487,Person,64,west
p8488,Person,54,east
p8489,Person,30,west
p8490,Person,24,north
p8491,Person,22,north
p8492,Person,73,west
p8493,Person,65,central
p8494,Person,62,north
p8495,Person,61,south
p8496,Person,27,south
p8497,Person,54,north
p8498,Person,40,central
p8499,Person,34,west
p8500,Person,50,west
p8501,Person,72,central
p8502,Person,45,east
p8503,Person,25,east
p8504,Person,31,west
p8505,Person,36,south
p8506,Person,59,east
p8507,Person,47,east
p8508,Person,28,south
p8509,Person,24,east
p8510,Person,68,west
p8511,Person,41,west
p8512,Person,70,north
p8513,Person,43,north
p8514,Person,42,west
p8515,Person,34,north
p8516,Person,53,central
p8517,Person,68,east
p8518,Person,41,west
p8519,Person,37,central
p8520,Person,29,east
p8521,Person,38,central
p8522,Person,71,east
p8523,Person,20,east
p8524,Person,66,east
p8525,Person,57,east
p8526,Person,28,east
p8527,Person,37,east
p8528,Person,73,central
p8529,Person,71,south
p8530,Person,38,north
p8531,Person,55,north
p8532,Person,47,south
p8533,Person,18,south
p8534,Person,31,south
p8535,Person,28,south
p8536,Person,34,west
p8537,Person,59,central
p8538,Person,27,west
p8539,Person,65,south
p8540,Person,73,west
p8541,Person,29,east
p8542,Person,51,central
p8543,Person,37,central
p8544,Person,76,east
p8545,Person,59,west
p8546,Person,63,east
p8547,Person,65,central
p8548,Person,49,south
p8549,Person,59,south
p8550,Person,33,central
p8551,Person,74,south
p8552,Person,69,south
p8553,Person,76,north
p8554,Person,67,east
p8555,Person,41,west
p8556,Person,21,east
p8557,Person,68,central
p8558,Person,32,south
p8559,Person,47,north
p8560,Person,42,east
p8561,Person,26,east
p8562,Person,19,east
p8563,Person,25,west
p8564,Person,19,east
p8565,Person,55,west
p8566,Person,63,west
p8567,Person,59,north
p8568,Person,53,south
p8569,Person,51,east
p8570,Person,63,west
p8571,Person,49,central
p8572,Person,26,south
p8573,Person,55,west
p8574,Person,37,south
p8575,Person,72,north
p8576,Person,29,south
p8577,Person,31,central
p8578,Person,63,north
p8579,Person,74,south
p8580,Person,23,central
p8581,Person,39,south
p8582,Person,56,east
p8583,Person,26,north
p8584,Person,58,central
p8585,Person,49,west
p8586,Person,59,south
p8587,Person,72,west
p8588,Person,68,west
p8589,Person,30,south
p8590,Person,41,central
p8591,Person,51,north
p8592,Person,28,west
p8593,Person,26,central
p8594,Person,30,central
p8595,Person,33,west
p8596,Person,22,west
p8597,Person,44,west
p8598,Person,72,west
p8599,Person,55,north
p8600,Person,30,south
p8601,Person,31,central
p8602,Person,73,central
p8603,Person,60,central
p8604,Person,67,west
p8605,Person,64,north
p8606,Person,76,west
p8607,Person,56,south
p8608,Person,21,north
p8609,Person,57,west
p8610,Person,70,east
p8611,Person,37,central
p8612,Person,18,central
p8613,Person,30,west
p8614,Person,48,south
p8615,Person,68,north
p8616,Person,27,east
p8617,Person,36,central
p8618,Person,42,central
p8619,Person,58,east
p8620,Person,55,south
p8621,Person,45,north
p8622,Person,44,east
p8623,Person,30,east
p8624,Person,25,central
p8625,Person,48,central
p8626,Person,68,west
p8627,Person,74,south
p8628,Person,63,central
p8629,Person,39,north
p8630,Person,71,central
p8631,Person,73,east
p8632,Person,50,north
p8633,Person,53,central
p8634,Person,50,east
p8635,Person,63,east
p8636,Person,26,west
p8637,Person,20,central
p8638,Person,45,central
p8639,Person,59,north
p8640,Person,21,central
p8641,Person,68,south
p8642,Person,68,north
p8643,Person,70,east
p8644,Person,64,east
p8645,Person,53,north
p8646,Person,43,central
p8647,Person,67,south
p8648,Person,42,west
p8649,Person,44,south
p8650,Person,73,north
p8651,Person,25,west
p8652,Person,66,north
p8653,Person,41,south
p8654,Person,37,west
p8655,Person,61,south
p8656,Person,26,central
p8657,Person,33,south
p8658,Person,51,north
p8659,Person,26,south
p8660,Person,35,north
p8661,Person,32,west
p8662,Person,61,east
p8663,Person,39,west
p8664,Person,55,south
p8665,Person,68,central
p8666,Person,48,south
p8667,Person,45,west
p8668,Person,75,east
p8669,Person,30,central
p8670,Person,52,west
p8671,Person,52,west
p8672,Person,34,central
p8673,Person,42,north
p8674,Person,45,central
p8675,Person,21,south
p8676,Person,44,central
p8677,Person,58,central
p8678,Person,66,east
p8679,Person,47,south
p8680,Person,32,east
p8681,Person,72,south
p8682,Person,47,north
p8683,Person,41,north
p8684,Person,19,central
p8685,Person,27,south
p8686,Person,54,east
p8687,Person,58,east
p8688,Person,22,north
p8689,Person,27,north
p8690,Person,52,east
p8691,Person,26,north
p8692,Person,45,west
p8693,Person,51,south
p8694,Person,32,west
p8695,Person,41,south
p8696,Person,30,north
p8697,Person,31,west
p8698,Person,57,central
p8699,Person,57,south
p8700,Person,43,west
p8701,Person,19,east
p8702,Person,48,south
p8703,Person,32,central
p8704,Person,64,north
p8705,Person,76,south
p8706,Person,50,central
p8707,Person,38,south
p8708,Person,74,south
p8709,Person,67,north
p8710,Person,26,west
p8711,Person,52,central
p8712,Person,23,south
p8713,Person,60,west
p8714,Person,55,south
p8715,Person,76,south
p8716,Person,20,east
p8717,Person,70,south
p8718,Person,28,east
p8719,Person,45,east
p8720,Person,77,north
p8721,Person,29,central
p8722,Person,74,central
p8723,Person,21,south
p8724,Person,47,south
p8725,Person,57,central
p8726,Person,53,north
p8727,Person,61,east
p8728,Person,48,south
p8729,Person,76,central
p8730,Person,19,south
p8731,Person,42,north
p8732,Person,35,east
p8733,Person,52,east
p8734,Person,71,west
p8735,Person,45,south
p8736,Person,63,central
p8737,Person,18,east
p8738,Person,53,south
p8739,Person,44,central
p8740,Person,30,south
p8741,Person,30,central
p8742,Person,54,central
p8743,Person,69,north
p8744,Person,40,east
p8745,Person,71,central
p8746,Person,34,west
p8747,Person,25,central
p8748,Person,19,west
p8749,Person,43,east
p8750,Person,56,south
p8751,Person,69,north
p8752,Person,72,east
p8753,Person,50,south
p8754,Person,45,central
p8755,Person,55,central
p8756,Person,47,south
p8757,Person,38,south
p8758,Person,23,west
p8759,Person,75,south
p8760,Person,45,north
p8761,Person,59,west
p8762,Person,59,central
p8763,Person,40,south
p8764,Person,59,east
p8765,Person,67,north
p8766,Person,76,west
p8767,Person,32,north
p8768,Person,38,east
p8769,Person,37,east
p8770,Person,56,north
p8771,Person,57,central
p8772,Person,20,east
p8773,Person,48,central
p8774,Person,69,central
p8775,Person,60,central
p8776,Person,28,south
p8777,Person,34,east
p8778,Person,20,east
p8779,Person,32,west
p8780,Person,19,west
p8781,Person,22,east
p8782,Person,20,central
p8783,Person,60,west
p8784,Person,67,north
p8785,Person,43,central
p8786,Person,54,east
p8787,Person,46,west
p8788,Person,61,central
p8789,Person,55,central
p8790,Person,72,east
p8791,Person,75,west
p8792,Person,59,east
p8793,Person,18,west
p8794,Person,49,central
p8795,Person,77,north
p8796,Person,24,west
p8797,Person,41,east
p8798,Person,52,east
p8799,Person,65,north
p8800,Person,27,east
p8801,Person,56,east
p8802,Person,43,central
p8803,Person,37,south
p8804,Person,19,south
p8805,Person,38,south
p8806,Person,33,central
p8807,Person,68,north
p8808,Person,45,north
p8809,Person,30,west
p8810,Person,42,west
p8811,Person,47,north
p8812,Person,41,south
p8813,Person,40,east
p8814,Person,60,east
p8815,Person,51,north
p8816,Person,30,south
p8817,Person,52,central
p8818,Person,22,central
p8819,Person,18,central
p8820,Person,50,west
p8821,Person,73,north
p8822,Person,45,central
p8823,Person,34,north
p8824,Person,76,east
p8825,Person,34,central
p8826,Person,37,central
p8827,Person,55,west
p8828,Person,19,north
p8829,Person,66,central
p8830,Person,21,north
p8831,Person,51,south
p8832,Person,35,west
p8833,Person,77,east
p8834,Person,45,south
p8835,Person,53,central
p8836,Person,76,central
p8837,Person,64,east
p8838,Person,30,south
p8839,Person,40,south
p8840,Person,60,east
p8841,Person,65,central
p8842,Person,55,central
p8843,Person,64,south
p8844,Person,55,south
p8845,Person,59,central
p8846,Person,48,south
p8847,Person,47,west
p8848,Person,59,central
p8849,Person,74,west
p8850,Person,70,central
p8851,Person,61,central
p8852,Person,50,east
p8853,Person,60,west
p8854,Person,30,north
p8855,Person,65,west
p8856,Person,31,south
p8857,Person,40,north
p8858,Person,60,east
p8859,Person,73,central
p8860,Person,67,west
p8861,Person,43,north
p8862,Person,18,central
p8863,Person,33,west
p8864,Person,67,east
p8865,Person,65,west
p8866,Person,29,central
p8867,Person,18,central
p8868,Person,33,central
p8869,Person,75,north
p8870,Person,39,north
p8871,Person,28,north
p8872,Person,34,central
p8873,Person,76,east
p8874,Person,64,east
p8875,Person,73,east
p8876,Person,77,central
p8877,Person,25,south
p8878,Person,42,north
p8879,Person,39,north
p8880,Person,59,west
p8881,Person,70,south
p8882,Person,21,west
p8883,Person,62,central
p8884,Person,30,north
p8885,Person,43,north
p8886,Person,23,north
p8887,Person,47,west
p8888,Person,60,south
p8889,Person,42,central
p8890,Person,28,central
p8891,Person,67,south
p8892,Person,27,south
p8893,Person,20,north
p8894,Person,68,south
p8895,Person,29,south
p8896,Person,66,central
p8897,Person,32,west
p8898,Person,46,north
p8899,Person,77,central
p8900,Person,21,north
p8901,Person,55,west
p8902,Person,59,east
p8903,Person,61,east
p8904,Person,19,central
p8905,Person,31,north
p8906,Person,43,east
p8907,Person,45,central
p8908,Person,18,west
p8909,Person,63,south
p8910,Person,25,east
p8911,Person,77,east
p8912,Person,68,south
p8913,Person,76,north
p8914,Person,19,north
p8915,Person,61,south
p8916,Person,29,west
p8917,Person,41,central
p8918,Person,37,central
p8919,Person,20,north
p8920,Person,77,south
p8921,Person,41,east
p8922,Person,69,south
p8923,Person,39,central
p8924,Person,32,north
p8925,Person,53,west
p8926,Person,51,north
p8927,Person,65,west
p8928,Person,48,south
p8929,Person,62,north
p8930,Person,67,north
p8931,Person,35,west
p8932,Person,58,east
p8933,Person,55,north
p8934,Person,62,south
p8935,Person,57,east
p8936,Person,29,central
p8937,Person,66,south
p8938,Person,52,north
p8939,Person,72,west
p8940,Person,76,central
p8941,Person,38,west
p8942,Person,35,central
p8943,Person,71,south
p8944,Person,41,central
p8945,Person,70,west
p8946,Person,71,south
p8947,Person,28,central
p8948,Person,33,central
p8949,Person,77,south
p8950,Person,50,north
p8951,Person,34,north
p8952,Person,48,south
p8953,Person,19,south
p8954,Person,39,west
p8955,Person,54,central
p8956,Person,27,south
p8957,Person,52,central
p8958,Person,63,south
p8959,Person,25,east
p8960,Person,73,central
p8961,Person,73,west
p8962,Person,50,east
p8963,Person,71,south
p8964,Person,29,east
p8965,Person,58,central
p8966,Person,41,west
p8967,Person,66,east
p8968,Person,42,east
p8969,Person,29,south
p8970,Person,60,east
p8971,Person,50,west
p8972,Person,71,west
p8973,Person,25,east
p8974,Person,62,west
p8975,Person,22,east
p8976,Person,64,south
p8977,Person,46,east
p8978,Person,64,west
p8979,Person,19,south
p8980,Person,51,central
p8981,Person,40,south
p8982,Person,63,north
p8983,Person,27,north
p8984,Person,52,south
p8985,Person,73,east
p8986,Person,77,central
p8987,Person,41,north
p8988,Person,75,central
p8989,Person,47,east
p8990,Person,73,north
p8991,Person,60,east
p8992,Person,32,north
p8993,Person,25,north
p8994,Person,40,east
p8995,Person,59,north
p8996,Person,57,west
p8997,Person,19,south
p8998,Person,70,east
p8999,Person,24,central
p9000,Person,47,south
p9001,Person,39,central
p9002,Person,41,central
p9003,Person,55,west
p9004,Person,60,central
p9005,Person,28,north
p9006,Person,33,south
p9007,Person,37,west
p9008,Person,24,east
p9009,Person,24,south
p9010,Person,77,north
p9011,Person,47,west
p9012,Person,58,west
p9013,Person,75,west
p9014,Person,39,central
p9015,Person,70,south
p9016,Person,40,west
p9017,Person,28,north
p9018,Person,33,west
p9019,Person,63,east
p9020,Person,19,east
p9021,Person,33,north
p9022,Person,23,central
p9023,Person,39,east
p9024,Person,61,east
p9025,Person,57,north
p9026,Person,21,north
p9027,Person,21,north
p9028,Person,65,north
p9029,Person,66,central
p9030,Person,19,north
p9031,Person,52,west
p9032,Person,37,central
p9033,Person,69,east
p9034,Person,75,central
p9035,Person,63,west
p9036,Person,55,east
p9037,Person,46,west
p9038,Person,67,west
p9039,Person,42,central
p9040,Person,56,central
p9041,Person,29,north
p9042,Person,75,north
p9043,Person,21,east
p9044,Person,75,west
p9045,Person,72,central
p9046,Person,75,east
p9047,Person,58,north
p9048,Person,26,north
p9049,Person,68,west
p9050,Person,42,west
p9051,Person,26,west
p9052,Person,52,east
p9053,Person,76,north
p9054,Person,45,west
p9055,Person,39,central
p9056,Person,64,north
p9057,Person,41,east
p9058,Person,72,north
p9059,Person,19,west
p9060,Person,58,north
p9061,Person,40,central
p9062,Person,55,north
p9063,Person,37,south
p9064,Person,72,north
p9065,Person,37,south
p9066,Person,36,north
p9067,Person,45,south
p9068,Person,34,north
p9069,Person,59,west
p9070,Person,62,south
p9071,Person,35,south
p9072,Person,75,east
p9073,Person,69,north
p9074,Person,40,south
p9075,Person,51,west
p9076,Person,54,north
p9077,Person,23,south
p9078,Person,22,south
p9079,Person,19,south
p9080,Person,55,west
p9081,Person,43,east
p9082,Person,72,west
p9083,Person,20,south
p9084,Person,28,central
p9085,Person,75,west
p9086,Person,19,south
p9087,Person,45,south
p9088,Person,27,north
p9089,Person,60,north
p9090,Person,71,east
p9091,Person,57,west
p9092,Person,51,west
p9093,Person,44,north
p9094,Person,42,central
p9095,Person,28,central
p9096,Person,66,east
p9097,Person,53,central
p9098,Person,19,east
p9099,Person,62,south
p9100,Person,27,central
p9101,Person,77,south
p9102,Person,77,north
p9103,Person,31,east
p9104,Person,53,central
p9105,Person,64,central
p9106,Person,73,south
p9107,Person,67,north
p9108,Person,75,east
p9109,Person,75,north
p9110,Person,27,central
p9111,Person,64,central
p9112,Person,70,south
p9113,Person,22,north
p9114,Person,39,west
p9115,Person,62,central
p9116,Person,30,north
p9117,Person,49,north
p9118,Person,51,central
p9119,Person,52,south
p9120,Person,61,central
p9121,Person,77,south
p9122,Person,49,east
p9123,Person,64,west
p9124,Person,63,east
p9125,Person,76,central
p9126,Person,27,west
p9127,Person,55,east
p9128,Person,51,central
p9129,Person,36,east
p9130,Person,38,north
p9131,Person,28,east
p9132,Person,67,west
p9133,Person,18,east
p9134,Person,22,east
p9135,Person,68,central
p9136,Person,66,south
p9137,Person,54,north
p9138,Person,29,east
p9139,Person,72,east
p9140,Person,55,north
p9141,Person,49,south
p9142,Person,67,south
p9143,Person,57,south
p9144,Person,62,south
p9145,Person,26,north
p9146,Person,76,south
p9147,Person,27,south
p9148,Person,20,east
p9149,Person,65,north
p9150,Person,70,east
p9151,Person,50,north
p9152,Person,43,south
p9153,Person,55,east
p9154,Person,52,central
p9155,Person,26,west
p9156,Person,54,central
p9157,Person,73,north
p9158,Person,52,north
p9159,Person,49,north
p9160,Person,30,west
p9161,Person,33,west
p9162,Person,77,north
p9163,Person,54,south
p9164,Person,30,south
p9165,Person,72,west
p9166,Person,74,west
p9167,Person,25,north
p9168,Person,75,central
p9169,Person,63,east
p9170,Person,39,east
p9171,Person,52,central
p9172,Person,20,east
p9173,Person,63,south
p9174,Person,65,west
p9175,Person,61,north
p9176,Person,49,east
p9177,Person,49,central
p9178,Person,20,west
p9179,Person,59,south
p9180,Person,75,south
p9181,Person,35,east
p9182,Person,61,south
p9183,Person,75,west
p9184,Person,31,north
p9185,Person,55,east
p9186,Person,50,north
p9187,Person,62,north
p9188,Person,65,central
p9189,Person,65,south
p9190,Person,56,central
p9191,Person,64,central
p9192,Person,24,south
p9193,Person,55,north
p9194,Person,52,west
p9195,Person,22,east
p9196,Person,28,north
p9197,Person,32,east
p9198,Person,45,west
p9199,Person,73,central
p9200,Person,54,south
p9201,Person,49,central
p9202,Person,48,west
p9203,Person,57,east
p9204,Person,71,west
p9205,Person,59,south
p9206,Person,28,north
p9207,Person,19,central
p9208,Person,59,east
p9209,Person,19,central
p9210,Person,22,central
p9211,Person,74,central
p9212,Person,65,central
p9213,Person,56,east
p9214,Person,61,east
p9215,Person,40,central
p9216,Person,18,west
p9217,Person,40,east
p9218,Person,23,central
p9219,Person,21,central
p9220,Person,21,east
p9221,Person,45,central
p9222,Person,69,east
p9223,Person,21,south
p9224,Person,39,north
p9225,Person,76,east
p9226,Person,22,east
p9227,Person,74,north
p9228,Person,59,east
p9229,Person,58,central
p9230,Person,66,east
p9231,Person,58,west
p9232,Person,77,south
p9233,Person,48,east
p9234,Person,55,east
p9235,Person,72,east
p9236,Person,72,east
p9237,Person,56,north
p9238,Person,68,west
p9239,Person,67,west
p9240,Person,25,south
p9241,Person,66,east
p9242,Person,40,south
p9243,Person,55,west
p9244,Person,28,central
p9245,Person,70,east
p9246,Person,67,west
p9247,Person,44,west
p9248,Person,53,east
p9249,Person,20,east
p9250,Person,42,east
p9251,Person,27,west
p9252,Person,67,west
p9253,Person,56,north
p9254,Person,48,north
p9255,Person,76,west
p9256,Person,27,east
p9257,Person,76,south
p9258,Person,21,south
p9259,Person,59,east
p9260,Person,69,north
p9261,Person,55,central
p9262,Person,18,north
p9263,Person,64,east
p9264,Person,18,west
p9265,Person,67,south
p9266,Person,19,west
p9267,Person,71,central
p9268,Person,63,west
p9269,Person,47,south
p9270,Person,38,north
p9271,Person,60,south
p9272,Person,37,south
p9273,Person,29,north
p9274,Person,49,south
p9275,Person,31,north
p9276,Person,77,east
p9277,Person,33,central
p9278,Person,42,west
p9279,Person,31,north
p9280,Person,19,east
p9281,Person,42,east
p9282,Person,21,west
p9283,Person,37,north
p9284,Person,23,central
p9285,Person,28,north
p9286,Person,58,west
p9287,Person,55,central
p9288,Person,44,west
p9289,Person,55,central
p9290,Person,52,west
p9291,Person,64,central
p9292,Person,22,east
p9293,Person,37,west
p9294,Person,58,central
p9295,Person,30,west
p9296,Person,30,east
p9297,Person,51,west
p9298,Person,27,central
p9299,Person,65,central
p9300,Person,23,west
p9301,Person,44,west
p9302,Person,40,north
p9303,Person,48,north
p9304,Person,69,west
p9305,Person,74,central
p9306,Person,24,east
p9307,Person,49,south
p9308,Person,41,central
p9309,Person,59,central
p9310,Person,35,south
p9311,Person,70,north
p9312,Person,54,north
p9313,Person,41,east
p9314,Person,52,east
p9315,Person,31,south
p9316,Person,52,north
p9317,Person,65,east
p9318,Person,18,west
p9319,Person,29,south
p9320,Person,63,central
p9321,Person,19,central
p9322,Person,41,west
p9323,Person,62,east
p9324,Person,38,east
p9325,Person,59,east
p9326,Person,38,north
p9327,Person,54,east
p9328,Person,22,east
p9329,Person,44,south
p9330,Person,26,south
p9331,Person,70,central
p9332,Person,42,south
p9333,Person,32,central
p9334,Person,61,north
p9335,Person,30,north
p9336,Person,45,central
p9337,Person,77,central
p9338,Person,40,east
p9339,Person,56,north
p9340,Person,68,west
p9341,Person,30,south
p9342,Person,75,north
p9343,Person,65,north
p9344,Person,54,central
p9345,Person,44,north
p9346,Person,49,central
p9347,Person,56,south
p9348,Person,36,east
p9349,Person,42,south
p9350,Person,72,south
p9351,Person,24,east
p9352,Person,53,north
p9353,Person,44,north
p9354,Person,22,south
p9355,Person,53,south
p9356,Person,28,east
p9357,Person,51,north
p9358,Person,40,central
p9359,Person,33,central
p9360,Person,48,central
p9361,Person,31,east
p9362,Person,38,north
p9363,Person,54,north
p9364,Person,66,east
p9365,Person,46,north
p9366,Person,34,north
p9367,Person,76,west
p9368,Person,59,central
p9369,Person,40,central
p9370,Person,22,west
p9371,Person,62,central
p9372,Person,41,central
p9373,Person,70,north
p9374,Person,33,south
p9375,Person,42,south
p9376,Person,77,north
p9377,Person,26,north
p9378,Person,64,west
p9379,Person,71,west
p9380,Person,38,south
p9381,Person,32,west
p9382,Person,48,central
p9383,Person,42,west
p9384,Person,34,central
p9385,Person,34,west
p9386,Person,39,north
p9387,Person,32,east
p9388,Person,38,north
p9389,Person,63,west
p9390,Person,69,central
p9391,Person,25,south
p9392,Person,63,east
p9393,Person,67,central
p9394,Person,28,west
p9395,Person,64,east
p9396,Person,76,south
p9397,Person,48,central
p9398,Person,41,north
p9399,Person,62,central
p9400,Person,62,west
p9401,Person,53,north
p9402,Person,32,east
p9403,Person,45,west
p9404,Person,43,west
p9405,Person,38,west
p9406,Person,53,central
p9407,Person,39,west
p9408,Person,31,east
p9409,Person,58,central
p9410,Person,36,south
p9411,Person,21,west
p9412,Person,76,east
p9413,Person,76,north
p9414,Person,39,north
p9415,Person,76,central
p9416,Person,71,west
p9417,Person,70,west
p9418,Person,22,west
p9419,Person,57,east
p9420,Person,46,west
p9421,Person,40,east
p9422,Person,53,south
p9423,Person,68,central
p9424,Person,34,south
p9425,Person,71,north
p9426,Person,72,central
p9427,Person,76,south
p9428,Person,55,east
p9429,Person,27,south
p9430,Person,51,south
p9431,Person,53,south
p9432,Person,23,north
p9433,Person,28,central
p9434,Person,54,south
p9435,Person,53,central
p9436,Person,72,north
p9437,Person,42,west
p9438,Person,38,north
p9439,Person,60,west
p9440,Person,37,north
p9441,Person,33,north
p9442,Person,63,south
p9443,Person,75,west
p9444,Person,76,east
p9445,Person,33,north
p9446,Person,44,east
p9447,Person,21,south
p9448,Person,35,east
p9449,Person,73,west
p9450,Person,36,south
p9451,Person,60,north
p9452,Person,51,south
p9453,Person,20,west
p9454,Person,53,central
p9455,Person,26,east
p9456,Person,75,central
p9457,Person,71,central
p9458,Person,46,central
p9459,Person,68,east
p9460,Person,60,central
p9461,Person,30,north
p9462,Person,38,west
p9463,Person,36,central
p9464,Person,72,west
p9465,Person,60,east
p9466,Person,33,east
p9467,Person,41,west
p9468,Person,33,north
p9469,Person,44,east
p9470,Person,29,west
p9471,Person,35,south
p9472,Person,44,west
p9473,Person,71,central
p9474,Person,41,east
p9475,Person,34,west
p9476,Person,20,west
p9477,Person,37,central
p9478,Person,34,central
p9479,Person,75,east
p9480,Person,57,east
p9481,Person,44,north
p9482,Person,66,central
p9483,Person,28,central
p9484,Person,50,central
p9485,Person,32,north
p9486,Person,48,east
p9487,Person,68,north
p9488,Person,24,east
p9489,Person,48,east
p9490,Person,65,north
p9491,Person,67,south
p9492,Person,36,north
p9493,Person,20,west
p9494,Person,32,north
p9495,Person,44,west
p9496,Person,32,east
p9497,Person,66,central
p9498,Person,21,south
p9499,Person,39,north
p9500,Person,29,east
p9501,Person,55,north
p9502,Person,71,east
p9503,Person,70,east
p9504,Person,39,north
p9505,Person,39,west
p9506,Person,40,west
p9507,Person,24,east
p9508,Person,45,west
p9509,Person,42,east
p9510,Person,67,south
p9511,Person,43,east
p9512,Person,55,north
p9513,Person,36,north
p9514,Person,37,central
p9515,Person,44,north
p9516,Person,61,central
p9517,Person,60,west
p9518,Person,25,west
p9519,Person,23,north
p9520,Person,34,north
p9521,Person,38,south
p9522,Person,19,north
p9523,Person,55,central
p9524,Person,40,south
p9525,Person,58,central
p9526,Person,69,central
p9527,Person,58,west
p9528,Person,44,south
p9529,Person,52,central
p9530,Person,62,east
p9531,Person,24,west
p9532,Person,29,north
p9533,Person,50,south
p9534,Person,56,central
p9535,Person,55,south
p9536,Person,21,east
p9537,Person,21,east
p9538,Person,34,west
p9539,Person,63,south
p9540,Person,45,west
p9541,Person,40,south
p9542,Person,62,north
p9543,Person,62,south
p9544,Person,38,central
p9545,Person,77,east
p9546,Person,40,east
p9547,Person,54,west
p9548,Person,41,west
p9549,Person,54,west
p9550,Person,65,south
p9551,Person,23,north
p9552,Person,65,south
p9553,Person,37,south
p9554,Person,22,west
p9555,Person,58,central
p9556,Person,50,south
p9557,Person,56,north
p9558,Person,25,east
p9559,Person,33,west
p9560,Person,60,west
p9561,Person,23,east
p9562,Person,51,central
p9563,Person,56,south
p9564,Person,36,central
p9565,Person,74,north
p9566,Person,48,central
p9567,Person,36,west
p9568,Person,40,south
p9569,Person,19,north
p9570,Person,23,east
p9571,Person,42,west
p9572,Person,73,east
p9573,Person,57,south
p9574,Person,74,south
p9575,Person,25,west
p9576,Person,57,north
p9577,Person,58,south
p9578,Person,20,west
p9579,Person,20,central
p9580,Person,42,east
p9581,Person,66,west
p9582,Person,62,north
p9583,Person,32,west
p9584,Person,43,central
p9585,Person,30,north
p9586,Person,35,west
p9587,Person,19,west
p9588,Person,56,south
p9589,Person,45,east
p9590,Person,49,west
p9591,Person,54,east
p9592,Person,67,north
p9593,Person,32,east
p9594,Person,28,east
p9595,Person,52,east
p9596,Person,66,north
p9597,Person,73,south
p9598,Person,77,west
p9599,Person,54,west
p9600,Person,65,south
p9601,Person,50,north
p9602,Person,31,central
p9603,Person,41,east
p9604,Person,46,east
p9605,Person,75,west
p9606,Person,73,central
p9607,Person,77,central
p9608,Person,43,east
p9609,Person,71,south
p9610,Person,58,north
p9611,Person,31,east
p9612,Person,37,east
p9613,Person,37,east
p9614,Person,39,east
p9615,Person,61,central
p9616,Person,24,south
p9617,Person,70,south
p9618,Person,73,north
p9619,Person,77,central
p9620,Person,49,central
p9621,Person,21,east
p9622,Person,76,west
p9623,Person,67,south
p9624,Person,21,central
p9625,Person,30,central
p9626,Person,67,south
p9627,Person,44,south
p9628,Person,45,east
p9629,Person,51,east
p9630,Person,70,south
p9631,Person,58,west
p9632,Person,45,central
p9633,Person,37,west
p9634,Person,76,east
p9635,Person,76,west
p9636,Person,49,west
p9637,Person,39,south
p9638,Person,62,central
p9639,Person,28,south
p9640,Person,30,south
p9641,Person,43,central
p9642,Person,57,south
p9643,Person,48,central
p9644,Person,18,east
p9645,Person,68,central
p9646,Person,32,north
p9647,Person,47,central
p9648,Person,69,west
p9649,Person,36,east
p9650,Person,66,central
p9651,Person,64,east
p9652,Person,18,south
p9653,Person,73,central
p9654,Person,53,east
p9655,Person,31,west
p9656,Person,64,east
p9657,Person,30,central
p9658,Person,36,east
p9659,Person,35,south
p9660,Person,73,south
p9661,Person,34,south
p9662,Person,48,north
p9663,Person,64,east
p9664,Person,39,south
p9665,Person,62,central
p9666,Person,59,west
p9667,Person,46,west
p9668,Person,48,south
p9669,Person,50,west
p9670,Person,76,south
p9671,Person,69,south
p9672,Person,19,east
p9673,Person,26,south
p9674,Person,66,west
p9675,Person,37,east
p9676,Person,77,east
p9677,Person,46,north
p9678,Person,59,central
p9679,Person,65,central
p9680,Person,29,north
p9681,Person,20,south
p9682,Person,27,central
p9683,Person,72,north
p9684,Person,69,west
p9685,Person,50,central
p9686,Person,51,west
p9687,Person,33,south
p9688,Person,60,central
p9689,Person,61,south
p9690,Person,52,west
p9691,Person,18,north
p9692,Person,72,central
p9693,Person,72,south
p9694,Person,54,central
p9695,Person,25,south
p9696,Person,38,south
p9697,Person,66,south
p9698,Person,56,east
p9699,Person,68,central
p9700,Person,43,west
p9701,Person,46,north
p9702,Person,42,central
p9703,Person,26,central
p9704,Person,38,west
p9705,Person,46,west
p9706,Person,73,south
p9707,Person,42,east
p9708,Person,69,north
p9709,Person,44,central
p9710,Person,28,east
p9711,Person,72,south
p9712,Person,74,south
p9713,Person,28,east
p9714,Person,40,west
p9715,Person,20,central
p9716,Person,39,west
p9717,Person,68,central
p9718,Person,68,west
p9719,Person,57,south
p9720,Person,53,east
p9721,Person,62,south
p9722,Person,43,central
p9723,Person,58,east
p9724,Person,36,south
p9725,Person,35,north
p9726,Person,66,north
p9727,Person,74,south
p9728,Person,41,central
p9729,Person,33,central
p9730,Person,42,west
p9731,Person,34,west
p9732,Person,44,north
p9733,Person,65,south
p9734,Person,38,south
p9735,Person,70,east
p9736,Person,45,south
p9737,Person,26,east
p9738,Person,31,central
p9739,Person,27,east
p9740,Person,49,south
p9741,Person,30,central
p9742,Person,28,south
p9743,Person,29,central
p9744,Person,32,west
p9745,Person,74,central
p9746,Person,62,south
p9747,Person,57,central
p9748,Person,60,west
p9749,Person,20,west
p9750,Person,18,east
p9751,Person,42,north
p9752,Person,36,central
p9753,Person,62,central
p9754,Person,69,central
p9755,Person,50,east
p9756,Person,34,west
p9757,Person,70,west
p9758,Person,61,central
p9759,Person,45,central
p9760,Person,71,north
p9761,Person,76,south
p9762,Person,60,east
p9763,Person,43,north
p9764,Person,26,central
p9765,Person,60,south
p9766,Person,59,west
p9767,Person,36,east
p9768,Person,45,east
p9769,Person,50,west
p9770,Person,26,east
p9771,Person,44,east
p9772,Person,37,east
p9773,Person,25,central
p9774,Person,32,central
p9775,Person,47,north
p9776,Person,49,west
p9777,Person,38,central
p9778,Person,71,central
p9779,Person,46,central
p9780,Person,73,north
p9781,Person,36,west
p9782,Person,73,central
p9783,Person,46,central
p9784,Person,33,north
p9785,Person,38,east
p9786,Person,68,east
p9787,Person,73,west
p9788,Person,52,central
p9789,Person,45,north
p9790,Person,29,south
p9791,Person,21,west
p9792,Person,74,west
p9793,Person,23,south
p9794,Person,18,west
p9795,Person,56,north
p9796,Person,28,north
p9797,Person,26,central
p9798,Person,65,south
p9799,Person,49,south
p9800,Person,68,north
p9801,Person,37,north
p9802,Person,53,west
p9803,Person,61,central
p9804,Person,74,west
p9805,Person,54,south
p9806,Person,45,north
p9807,Person,60,south
p9808,Person,24,east
p9809,Person,44,east
p9810,Person,66,east
p9811,Person,34,west
p9812,Person,42,west
p9813,Person,18,north
p9814,Person,23,east
p9815,Person,63,north
p9816,Person,24,north
p9817,Person,44,south
p9818,Person,21,north
p9819,Person,33,west
p9820,Person,58,east
p9821,Person,61,central
p9822,Person,21,central
p9823,Person,20,west
p9824,Person,71,east
p9825,Person,25,south
p9826,Person,45,north
p9827,Person,45,central
p9828,Person,68,south
p9829,Person,67,north
p9830,Person,23,west
p9831,Person,69,south
p9832,Person,63,east
p9833,Person,18,central
p9834,Person,37,north
p9835,Person,18,north
p9836,Person,34,central
p9837,Person,29,south
p9838,Person,30,north
p9839,Person,70,central
p9840,Person,40,central
p9841,Person,55,west
p9842,Person,67,south
p9843,Person,55,west
p9844,Person,37,north
p9845,Person,77,west
p9846,Person,61,north
p9847,Person,39,west
p9848,Person,59,central
p9849,Person,32,west
p9850,Person,38,south
p9851,Person,70,central
p9852,Person,46,west
p9853,Person,42,south
p9854,Person,28,north
p9855,Person,68,east
p9856,Person,77,north
p9857,Person,72,north
p9858,Person,58,south
p9859,Person,45,east
p9860,Person,58,central
p9861,Person,72,east
p9862,Person,38,south
p9863,Person,69,west
p9864,Person,54,north
p9865,Person,36,north
p9866,Person,77,north
p9867,Person,56,central
p9868,Person,57,south
p9869,Person,55,west
p9870,Person,40,central
p9871,Person,46,west
p9872,Person,18,south
p9873,Person,63,south
p9874,Person,44,east
p9875,Person,76,central
p9876,Person,60,east
p9877,Person,38,central
p9878,Person,47,north
p9879,Person,31,west
p9880,Person,71,north
p9881,Person,20,north
p9882,Person,26,east
p9883,Person,48,west
p9884,Person,77,east
p9885,Person,31,central
p9886,Person,44,north
p9887,Person,54,central
p9888,Person,67,south
p9889,Person,29,north
p9890,Person,29,west
p9891,Person,61,north
p9892,Person,42,north
p9893,Person,59,north
p9894,Person,63,central
p9895,Person,51,central
p9896,Person,77,south
p9897,Person,31,south
p9898,Person,54,west
p9899,Person,25,south
p9900,Person,36,central
p9901,Person,32,south
p9902,Person,70,east
p9903,Person,18,south
p9904,Person,74,east
p9905,Person,62,central
p9906,Person,24,west
p9907,Person,45,south
p9908,Person,72,central
p9909,Person,55,central
p9910,Person,51,central
p9911,Person,42,north
p9912,Person,35,west
p9913,Person,54,west
p9914,Person,30,east
p9915,Person,52,central
p9916,Person,72,east
p9917,Person,18,north
p9918,Person,60,north
p9919,Person,65,east
p9920,Person,26,east
p9921,Person,56,west
p9922,Person,55,north
p9923,Person,69,north
p9924,Person,32,east
p9925,Person,28,south
p9926,Person,57,east
p9927,Person,70,north
p9928,Person,31,south
p9929,Person,56,west
p9930,Person,49,central
p9931,Person,34,east
p9932,Person,40,central
p9933,Person,74,west
p9934,Person,55,west
p9935,Person,28,south
p9936,Person,53,north
p9937,Person,53,north
p9938,Person,26,central
p9939,Person,71,east
p9940,Person,77,east
p9941,Person,31,south
p9942,Person,68,south
p9943,Person,32,east
p9944,Person,36,east
p9945,Person,45,north
p9946,Person,51,north
p9947,Person,23,east
p9948,Person,28,east
p9949,Person,55,north
p9950,Person,29,central
p9951,Person,25,west
p9952,Person,24,east
p9953,Person,50,east
p9954,Person,52,south
p9955,Person,32,north
p9956,Person,30,west
p9957,Person,26,north
p9958,Person,34,west
p9959,Person,40,south
p9960,Person,30,central
p9961,Person,55,east
p9962,Person,23,east
p9963,Person,64,west
p9964,Person,76,north
p9965,Person,75,south
p9966,Person,61,west
p9967,Person,30,west
p9968,Person,55,east
p9969,Person,37,central
p9970,Person,33,west
p9971,Person,63,central
p9972,Person,54,south
p9973,Person,61,north
p9974,Person,57,south
p9975,Person,74,north
p9976,Person,66,west
p9977,Person,62,north
p9978,Person,51,west
p9979,Person,52,east
p9980,Person,73,central
p9981,Person,36,west
p9982,Person,45,central
p9983,Person,66,south
p9984,Person,44,south
p9985,Person,52,west
p9986,Person,59,north
p9987,Person,38,west
p9988,Person,51,west
p9989,Person,69,south
p9990,Person,62,west
p9991,Person,47,south
p9992,Person,71,central
p9993,Person,67,west
p9994,Person,32,north
p9995,Person,27,east
p9996,Person,20,south
p9997,Person,40,south
p9998,Person,62,north
p9999,Person,18,central
p10000,Person,42,south
p10001,Person,34,west
p10002,Person,27,west
p10003,Person,55,south
p10004,Person,33,west
p10005,Person,77,north
p10006,Person,31,central
p10007,Person,44,south
p10008,Person,71,north
p10009,Person,30,west
p10010,Person,72,west
p10011,Person,71,south
p10012,Person,31,west
p10013,Person,70,south
p10014,Person,55,east
p10015,Person,36,south
p10016,Person,66,central
p10017,Person,76,north
p10018,Person,28,south
p10019,Person,40,north
p10020,Person,30,central
p10021,Person,40,south
p10022,Person,67,east
p10023,Person,68,central
p10024,Person,63,central
p10025,Person,30,south
p10026,Person,49,west
p10027,Person,68,south
p10028,Person,66,north
p10029,Person,25,central
p10030,Person,30,south
p10031,Person,60,south
p10032,Person,24,south
p10033,Person,29,west
p10034,Person,51,south
p10035,Person,75,west
p10036,Person,24,east
p10037,Person,77,east
p10038,Person,47,west
p10039,Person,44,south
p10040,Person,50,central
p10041,Person,27,east
p10042,Person,43,north
p10043,Person,41,east
p10044,Person,66,central
p10045,Person,47,north
p10046,Person,34,central
p10047,Person,63,south
p10048,Person,69,central
p10049,Person,30,east
p10050,Person,54,central
p10051,Person,70,north
p10052,Person,35,central
p10053,Person,70,central
p10054,Person,34,central
p10055,Person,60,east
p10056,Person,59,west
p10057,Person,42,east
p10058,Person,24,west
p10059,Person,36,north
p10060,Person,19,west
p10061,Person,53,east
p10062,Person,20,north
p10063,Person,75,central
p10064,Person,23,north
p10065,Person,32,east
p10066,Person,67,south
p10067,Person,54,north
p10068,Person,75,east
p10069,Person,69,east
p10070,Person,32,central
p10071,Person,64,west
p10072,Person,50,central
p10073,Person,46,central
p10074,Person,24,central
p10075,Person,36,north
p10076,Person,38,north
p10077,Person,22,west
p10078,Person,18,central
p10079,Person,65,south
p10080,Person,40,north
p10081,Person,36,west
p10082,Person,23,east
p10083,Person,33,central
p10084,Person,30,west
p10085,Person,64,central
p10086,Person,62,west
p10087,Person,61,south
p10088,Person,52,central
p10089,Person,41,north
p10090,Person,75,east
p10091,Person,38,central
p10092,Person,35,south
p10093,Person,19,east
p10094,Person,33,central
p10095,Person,34,north
p10096,Person,42,west
p10097,Person,39,central
p10098,Person,23,west
p10099,Person,51,east
p10100,Person,69,east
p10101,Person,30,east
p10102,Person,56,central
p10103,Person,67,east
p10104,Person,59,central
p10105,Person,43,west
p10106,Person,46,east
p10107,Person,36,south
p10108,Person,22,east
p10109,Person,47,east
p10110,Person,53,south
p10111,Person,74,north
p10112,Person,63,north
p10113,Person,54,south
p10114,Person,56,south
p10115,Person,41,east
p10116,Person,61,south
p10117,Person,55,west
p10118,Person,74,central
p10119,Person,46,east
p10120,Person,60,west
p10121,Person,34,central
p10122,Person,37,east
p10123,Person,69,south
p10124,Person,68,west
p10125,Person,34,north
p10126,Person,67,north
p10127,Person,66,east
p10128,Person,35,north
p10129,Person,48,east
p10130,Person,25,south
p10131,Person,62,west
p10132,Person,30,west
p10133,Person,58,central
p10134,Person,50,west
p10135,Person,48,west
p10136,Person,64,west
p10137,Person,50,east
p10138,Person,56,north
p10139,Person,43,north
p10140,Person,75,east
p10141,Person,64,east
p10142,Person,41,central
p10143,Person,53,west
p10144,Person,22,west
p10145,Person,19,south
p10146,Person,48,north
p10147,Person,41,north
p10148,Person,27,central
p10149,Person,52,east
p10150,Person,20,west
p10151,Person,42,east
p10152,Person,44,north
p10153,Person,37,central
p10154,Person,53,south
p10155,Person,71,west
p10156,Person,54,west
p10157,Person,75,central
p10158,Person,59,north
p10159,Person,41,east
p10160,Person,72,west
p10161,Person,19,west
p10162,Person,37,west
p10163,Person,48,east
p10164,Person,61,north
p10165,Person,52,central
p10166,Person,60,south
p10167,Person,24,east
p10168,Person,71,north
p10169,Person,45,north
p10170,Person,70,west
p10171,Person,18,west
p10172,Person,73,east
p10173,Person,52,east
p10174,Person,40,south
p10175,Person,63,east
p10176,Person,45,west
p10177,Person,51,central
p10178,Person,32,south
p10179,Person,34,north
p10180,Person,45,central
p10181,Person,18,east
p10182,Person,52,south
p10183,Person,65,central
p10184,Person,21,south
p10185,Person,68,west
p10186,Person,54,west
p10187,Person,39,central
p10188,Person,47,south
p10189,Person,25,west
p10190,Person,35,north
p10191,Person,72,north
p10192,Person,35,south
p10193,Person,40,north
p10194,Person,25,west
p10195,Person,25,south
p10196,Person,58,north
p10197,Person,50,north
p10198,Person,50,west
p10199,Person,69,west
p10200,Person,74,west
p10201,Person,41,central
p10202,Person,25,south
p10203,Person,59,east
p10204,Person,34,south
p10205,Person,30,central
p10206,Person,24,north
p10207,Person,28,west
p10208,Person,46,central
p10209,Person,18,west
p10210,Person,42,west
p10211,Person,27,east
p10212,Person,31,west
p10213,Person,67,east
p10214,Person,64,north
p10215,Person,57,west
p10216,Person,49,central
p10217,Person,23,south
p10218,Person,40,north
p10219,Person,43,east
p10220,Person,39,east
p10221,Person,53,west
p10222,Person,33,east
p10223,Person,77,central
p10224,Person,51,north
p10225,Person,40,central
p10226,Person,29,north
p10227,Person,63,east
p10228,Person,41,central
p10229,Person,47,east
p10230,Person,67,north
p10231,Person,75,west
p10232,Person,71,east
p10233,Person,70,central
p10234,Person,49,west
p10235,Person,59,east
p10236,Person,63,west
p10237,Person,31,east
p10238,Person,33,south
p10239,Person,71,south
p10240,Person,49,north
p10241,Person,61,south
p10242,Person,73,central
p10243,Person,43,south
p10244,Person,76,central
p10245,Person,64,west
p10246,Person,40,north
p10247,Person,18,south
p10248,Person,63,north
p10249,Person,42,west
p10250,Person,38,east
p10251,Person,24,central
p10252,Person,20,east
p10253,Person,69,east
p10254,Person,52,central
p10255,Person,49,central
p10256,Person,19,south
p10257,Person,68,central
p10258,Person,70,central
p10259,Person,44,south
p10260,Person,60,south
p10261,Person,51,west
p10262,Person,23,west
p10263,Person,28,east
p10264,Person,42,south
p10265,Person,39,east
p10266,Person,61,south
p10267,Person,24,central
p10268,Person,42,north
p10269,Person,39,south
p10270,Person,27,east
p10271,Person,70,west
p10272,Person,36,south
p10273,Person,43,north
p10274,Person,34,south
p10275,Person,33,north
p10276,Person,59,central
p10277,Person,76,east
p10278,Person,43,west
p10279,Person,70,east
p10280,Person,34,west
p10281,Person,27,east
p10282,Person,38,north
p10283,Person,74,central
p10284,Person,63,west
p10285,Person,46,south
p10286,Person,38,west
p10287,Person,67,north
p10288,Person,18,south
p10289,Person,48,north
p10290,Person,27,north
p10291,Person,59,south
p10292,Person,75,south
p10293,Person,59,north
p10294,Person,69,east
p10295,Person,65,east
p10296,Person,31,north
p10297,Person,58,east
p10298,Person,60,east
p10299,Person,49,north
p10300,Person,63,central
p10301,Person,63,west
p10302,Person,45,east
p10303,Person,70,north
p10304,Person,57,north
p10305,Person,21,west
p10306,Person,41,east
p10307,Person,35,south
p10308,Person,67,east
p10309,Person,19,north
p10310,Person,51,west
p10311,Person,24,west
p10312,Person,63,north
p10313,Person,34,north
p10314,Person,73,north
p10315,Person,35,central
p10316,Person,29,west
p10317,Person,41,north
p10318,Person,32,central
p10319,Person,75,north
p10320,Person,28,north
p10321,Person,65,central
p10322,Person,22,east
p10323,Person,57,south
p10324,Person,73,central
p10325,Person,27,south
p10326,Person,26,south
p10327,Person,66,central
p10328,Person,19,central
p10329,Person,37,west
p10330,Person,42,west
p10331,Person,18,north
p10332,Person,43,south
p10333,Person,49,south
p10334,Person,72,south
p10335,Person,63,west
p10336,Person,76,central
p10337,Person,50,central
p10338,Person,43,west
p10339,Person,35,east
p10340,Person,31,central
p10341,Person,51,east
p10342,Person,70,north
p10343,Person,47,west
p10344,Person,19,south
p10345,Person,42,east
p10346,Person,47,south
p10347,Person,53,west
p10348,Person,39,north
p10349,Person,49,west
p10350,Person,58,south
p10351,Person,77,south
p10352,Person,42,central
p10353,Person,63,central
p10354,Person,40,north
p10355,Person,51,west
p10356,Person,74,west
p10357,Person,39,east
p10358,Person,55,west
p10359,Person,24,north
p10360,Person,49,east
p10361,Person,66,south
p10362,Person,66,south
p10363,Person,25,east
p10364,Person,56,east
p10365,Person,56,north
p10366,Person,77,west
p10367,Person,22,west
p10368,Person,38,south
p10369,Person,54,west
p10370,Person,24,central
p10371,Person,49,east
p10372,Person,18,north
p10373,Person,49,west
p10374,Person,33,west
p10375,Person,37,central
p10376,Person,43,east
p10377,Person,65,east
p10378,Person,47,east
p10379,Person,74,north
p10380,Person,69,south
p10381,Person,42,west
p10382,Person,54,north
p10383,Person,73,west
p10384,Person,45,central
p10385,Person,25,west
p10386,Person,75,west
p10387,Person,69,north
p10388,Person,63,west
p10389,Person,60,north
p10390,Person,73,east
p10391,Person,54,south
p10392,Person,43,south
p10393,Person,42,west
p10394,Person,77,central
p10395,Person,40,central
p10396,Person,46,south
p10397,Person,43,central
p10398,Person,37,south
p10399,Person,74,east
p10400,Person,49,east
p10401,Person,47,north
p10402,Person,27,east
p10403,Person,69,south
p10404,Person,77,central
p10405,Person,48,south
p10406,Person,71,central
p10407,Person,39,north
p10408,Person,54,central
p10409,Person,36,west
p10410,Person,76,north
p10411,Person,40,central
p10412,Person,66,north
p10413,Person,37,east
p10414,Person,18,central
p10415,Person,69,south
p10416,Person,71,east
p10417,Person,66,east
p10418,Person,46,central
p10419,Person,29,east
p10420,Person,26,east
p10421,Person,56,north
p10422,Person,29,central
p10423,Person,46,central
p10424,Person,67,central
p10425,Person,25,south
p10426,Person,76,west
p10427,Person,48,central
p10428,Person,32,south
p10429,Person,44,central
p10430,Person,34,east
p10431,Person,42,west
p10432,Person,77,south
p10433,Person,24,west
p10434,Person,46,central
p10435,Person,40,south
p10436,Person,32,north
p10437,Person,20,south
p10438,Person,48,north
p10439,Person,74,north
p10440,Person,39,south
p10441,Person,50,south
p10442,Person,46,east
p10443,Person,61,north
p10444,Person,26,south
p10445,Person,67,west
p10446,Person,71,central
p10447,Person,62,east
p10448,Person,71,south
p10449,Person,38,west
p10450,Person,74,north
p10451,Person,36,east
p10452,Person,53,north
p10453,Person,38,west
p10454,Person,26,north
p10455,Person,31,north
p10456,Person,50,east
p10457,Person,18,east
p10458,Person,60,central
p10459,Person,72,south
p10460,Person,75,west
p10461,Person,66,north
p10462,Person,38,north
p10463,Person,63,east
p10464,Person,26,east
p10465,Person,59,east
p10466,Person,72,west
p10467,Person,53,north
p10468,Person,70,west
p10469,Person,54,south
p10470,Person,75,central
p10471,Person,37,south
p10472,Person,60,north
p10473,Person,52,south
p10474,Person,34,south
p10475,Person,74,central
p10476,Person,76,east
p10477,Person,77,east
p10478,Person,54,east
p10479,Person,18,west
p10480,Person,37,east
p10481,Person,72,north
p10482,Person,77,east
p10483,Person,59,east
p10484,Person,61,north
p10485,Person,45,north
p10486,Person,39,south
p10487,Person,76,north
p10488,Person,38,east
p10489,Person,70,south
p10490,Person,64,south
p10491,Person,77,south
p10492,Person,34,central
p10493,Person,27,south
p10494,Person,31,east
p10495,Person,52,central
p10496,Person,45,north
p10497,Person,49,central
p10498,Person,39,central
p10499,Person,50,south
p10500,Person,47,central
p10501,Person,46,east
p10502,Person,57,east
p10503,Person,43,west
p10504,Person,47,west
p10505,Person,72,central
p10506,Person,76,west
p10507,Person,48,north
p10508,Person,41,west
p10509,Person,68,west
p10510,Person,70,north
p10511,Person,25,north
p10512,Person,28,west
p10513,Person,23,north
p10514,Person,73,central
p10515,Person,25,central
p10516,Person,35,east
p10517,Person,45,north
p10518,Person,35,central
p10519,Person,44,west
p10520,Person,77,south
p10521,Person,54,south
p10522,Person,21,central
p10523,Person,20,west
p10524,Person,65,east
p10525,Person,38,west
p10526,Person,53,west
p10527,Person,38,east
p10528,Person,31,south
p10529,Person,69,west
p10530,Person,41,south
p10531,Person,58,west
p10532,Person,35,south
p10533,Person,28,east
p10534,Person,32,west
p10535,Person,38,east
p10536,Person,46,north
p10537,Person,72,west
p10538,Person,18,south
p10539,Person,39,north
p10540,Person,39,west
p10541,Person,64,west
p10542,Person,49,south
p10543,Person,31,east
p10544,Person,68,west
p10545,Person,76,south
p10546,Person,45,west
p10547,Person,44,west
p10548,Person,68,south
p10549,Person,40,north
p10550,Person,55,north
p10551,Person,41,south
p10552,Person,54,north
p10553,Person,30,west
p10554,Person,74,north
p10555,Person,34,south
p10556,Person,36,east
p10557,Person,63,south
p10558,Person,58,west
p10559,Person,72,east
p10560,Person,67,west
p10561,Person,22,east
p10562,Person,55,east
p10563,Person,21,south
p10564,Person,69,east
p10565,Person,30,west
p10566,Person,74,west
p10567,Person,34,north
p10568,Person,40,east
p10569,Person,50,east
p10570,Person,43,north
p10571,Person,62,west
p10572,Person,65,south
p10573,Person,42,south
p10574,Person,22,north
p10575,Person,73,north
p10576,Person,65,north
p10577,Person,58,south
p10578,Person,48,north
p10579,Person,63,south
p10580,Person,38,north
p10581,Person,50,central
p10582,Person,33,north
p10583,Person,60,central
p10584,Person,50,west
p10585,Person,66,east
p10586,Person,47,east
p10587,Person,50,east
p10588,Person,57,central
p10589,Person,36,central
p10590,Person,57,west
p10591,Person,76,east
p10592,Person,75,south
p10593,Person,24,south
p10594,Person,46,east
p10595,Person,38,central
p10596,Person,49,central
p10597,Person,42,north
p10598,Person,39,west
p10599,Person,49,north
p10600,Person,21,west
p10601,Person,22,north
p10602,Person,69,south
p10603,Person,26,west
p10604,Person,25,central
p10605,Person,75,west
p10606,Person,60,north
p10607,Person,62,east
p10608,Person,47,central
p10609,Person,44,north
p10610,Person,38,south
p10611,Person,66,west
p10612,Person,26,south
p10613,Person,75,central
p10614,Person,36,west
p10615,Person,42,south
p10616,Person,40,north
p10617,Person,29,central
p10618,Person,73,south
p10619,Person,68,west
p10620,Person,43,south
p10621,Person,77,central
p10622,Person,36,north
p10623,Person,57,north
p10624,Person,54,north
p10625,Person,75,central
p10626,Person,70,central
p10627,Person,58,central
p10628,Person,55,south
p10629,Person,59,east
p10630,Person,61,west
p10631,Person,50,north
p10632,Person,74,south
p10633,Person,61,central
p10634,Person,41,north
p10635,Person,54,central
p10636,Person,37,central
p10637,Person,61,west
p10638,Person,75,west
p10639,Person,39,central
p10640,Person,30,south
p10641,Person,48,south
p10642,Person,31,central
p10643,Person,42,north
p10644,Person,66,north
p10645,Person,37,north
p10646,Person,46,west
p10647,Person,73,north
p10648,Person,46,south
p10649,Person,41,south
p10650,Person,21,south
p10651,Person,42,west
p10652,Person,72,north
p10653,Person,35,west
p10654,Person,66,east
p10655,Person,61,east
p10656,Person,67,south
p10657,Person,71,south
p10658,Person,40,central
p10659,Person,56,east
p10660,Person,55,west
p10661,Person,51,central
p10662,Person,32,west
p10663,Person,19,central
p10664,Person,23,south
p10665,Person,71,north
p10666,Person,33,east
p10667,Person,40,west
p10668,Person,75,east
p10669,Person,30,east
p10670,Person,21,west
p10671,Person,68,north
p10672,Person,41,south
p10673,Person,76,west
p10674,Person,56,north
p10675,Person,61,east
p10676,Person,28,west
p10677,Person,75,east
p10678,Person,21,east
p10679,Person,56,west
p10680,Person,48,south
p10681,Person,55,east
p10682,Person,46,north
p10683,Person,40,south
p10684,Person,48,south
p10685,Person,33,south
p10686,Person,74,central
p10687,Person,28,west
p10688,Person,54,east
p10689,Person,65,west
p10690,Person,68,west
p10691,Person,24,east
p10692,Person,18,west
p10693,Person,68,west
p10694,Person,23,north
p10695,Person,76,west
p10696,Person,39,south
p10697,Person,29,east
p10698,Person,55,north
p10699,Person,47,west
p10700,Person,28,north
p10701,Person,34,north
p10702,Person,58,south
p10703,Person,74,south
p10704,Person,21,east
p10705,Person,71,north
p10706,Person,43,central
p10707,Person,76,west
p10708,Person,39,south
p10709,Person,64,west
p10710,Person,75,west
p10711,Person,58,central
p10712,Person,35,east
p10713,Person,30,north
p10714,Person,48,east
p10715,Person,69,central
p10716,Person,59,east
p10717,Person,35,north
p10718,Person,76,south
p10719,Person,41,south
p10720,Person,18,central
p10721,Person,56,north
p10722,Person,28,central
p10723,Person,19,central
p10724,Person,49,north
p10725,Person,68,west
p10726,Person,50,south
p10727,Person,22,north
p10728,Person,66,south
p10729,Person,55,south
p10730,Person,74,south
p10731,Person,54,north
p10732,Person,59,east
p10733,Person,71,north
p10734,Person,26,central
p10735,Person,63,east
p10736,Person,77,north
p10737,Person,33,central
p10738,Person,58,west
p10739,Person,19,west
p10740,Person,52,south
p10741,Person,31,east
p10742,Person,43,north
p10743,Person,65,north
p10744,Person,73,central
p10745,Person,46,central
p10746,Person,40,central
p10747,Person,22,south
p10748,Person,57,west
p10749,Person,48,south
p10750,Person,30,east
p10751,Person,27,central
p10752,Person,22,central
p10753,Person,25,west
p10754,Person,71,south
p10755,Person,77,south
p10756,Person,35,east
p10757,Person,33,south
p10758,Person,73,west
p10759,Person,50,south
p10760,Person,62,east
p10761,Person,49,east
p10762,Person,77,east
p10763,Person,42,west
p10764,Person,64,east
p10765,Person,68,east
p10766,Person,64,east
p10767,Person,73,east
p10768,Person,70,north
p10769,Person,39,west
p10770,Person,74,west
p10771,Person,23,west
p10772,Person,77,central
p10773,Person,33,central
p10774,Person,20,south
p10775,Person,76,north
p10776,Person,40,central
p10777,Person,27,north
p10778,Person,23,central
p10779,Person,76,south
p10780,Person,34,central
p10781,Person,71,east
p10782,Person,30,east
p10783,Person,32,west
p10784,Person,32,east
p10785,Person,74,north
p10786,Person,47,east
p10787,Person,24,east
p10788,Person,66,north
p10789,Person,72,east
p10790,Person,56,north
p10791,Person,31,north
p10792,Person,55,west
p10793,Person,37,central
p10794,Person,35,west
p10795,Person,19,north
p10796,Person,67,central
p10797,Person,40,east
p10798,Person,68,south
p10799,Person,61,west
p10800,Person,63,west
p10801,Person,42,west
p10802,Person,72,central
p10803,Person,65,south
p10804,Person,70,south
p10805,Person,63,central
p10806,Person,28,north
p10807,Person,54,south
p10808,Person,50,east
p10809,Person,69,east
p10810,Person,27,south
p10811,Person,53,east
p10812,Person,23,east
p10813,Person,71,central
p10814,Person,40,central
p10815,Person,62,east
p10816,Person,60,north
p10817,Person,20,south
p10818,Person,43,east
p10819,Person,27,east
p10820,Person,32,west
p10821,Person,22,west
p10822,Person,62,east
p10823,Person,77,south
p10824,Person,23,north
p10825,Person,34,central
p10826,Person,43,east
p10827,Person,18,central
p10828,Person,75,west
p10829,Person,59,west
p10830,Person,33,west
p10831,Person,37,south
p10832,Person,76,west
p10833,Person,72,east
p10834,Person,76,central
p10835,Person,77,central
p10836,Person,39,south
p10837,Person,56,south
p10838,Person,64,central
p10839,Person,51,west
p10840,Person,37,north
p10841,Person,68,north
p10842,Person,57,south
p10843,Person,55,north
p10844,Person,74,central
p10845,Person,58,south
p10846,Person,68,west
p10847,Person,77,north
p10848,Person,48,east
p10849,Person,56,east
p10850,Person,29,west
p10851,Person,42,east
p10852,Person,42,south
p10853,Person,75,north
p10854,Person,18,south
p10855,Person,30,east
p10856,Person,62,central
p10857,Person,53,north
p10858,Person,26,north
p10859,Person,70,east
p10860,Person,53,north
p10861,Person,29,west
p10862,Person,68,east
p10863,Person,71,east
p10864,Person,73,central
p10865,Person,69,east
p10866,Person,48,south
p10867,Person,47,north
p10868,Person,48,south
p10869,Person,66,central
p10870,Person,42,east
p10871,Person,31,south
p10872,Person,46,central
p10873,Person,36,south
p10874,Person,40,north
p10875,Person,41,south
p10876,Person,51,central
p10877,Person,54,west
p10878,Person,21,north
p10879,Person,46,south
p10880,Person,51,east
p10881,Person,54,east
p10882,Person,46,east
p10883,Person,27,south
p10884,Person,63,east
p10885,Person,32,north
p10886,Person,20,central
p10887,Person,40,central
p10888,Person,18,east
p10889,Person,28,east
p10890,Person,24,south
p10891,Person,68,east
p10892,Person,42,east
p10893,Person,33,north
p10894,Person,65,west
p10895,Person,47,north
p10896,Person,41,west
p10897,Person,22,south
p10898,Person,40,east
p10899,Person,47,central
p10900,Person,53,west
p10901,Person,66,west
p10902,Person,70,central
p10903,Person,45,south
p10904,Person,50,south
p10905,Person,72,east
p10906,Person,45,central
p10907,Person,27,central
p10908,Person,22,north
p10909,Person,39,north
p10910,Person,70,west
p10911,Person,28,west
p10912,Person,57,north
p10913,Person,19,central
p10914,Person,37,south
p10915,Person,24,north
p10916,Person,38,south
p10917,Person,73,south
p10918,Person,35,east
p10919,Person,51,east
p10920,Person,43,central
p10921,Person,34,north
p10922,Person,77,central
p10923,Person,18,south
p10924,Person,62,east
p10925,Person,44,east
p10926,Person,70,north
p10927,Person,59,central
p10928,Person,63,east
p10929,Person,40,central
p10930,Person,59,south
p10931,Person,62,east
p10932,Person,19,central
p10933,Person,48,north
p10934,Person,18,west
p10935,Person,73,central
p10936,Person,44,south
p10937,Person,39,south
p10938,Person,39,south
p10939,Person,62,south
p10940,Person,54,north
p10941,Person,24,north
p10942,Person,68,south
p10943,Person,69,south
p10944,Person,26,east
p10945,Person,42,north
p10946,Person,21,south
p10947,Person,72,south
p10948,Person,28,north
p10949,Person,36,north
p10950,Person,45,central
p10951,Person,33,west
p10952,Person,45,south
p10953,Person,74,south
p10954,Person,43,south
p10955,Person,54,north
p10956,Person,46,central
p10957,Person,64,north
p10958,Person,67,south
p10959,Person,25,central
p10960,Person,54,north
p10961,Person,71,east
p10962,Person,65,east
p10963,Person,37,west
p10964,Person,31,west
p10965,Person,65,central
p10966,Person,35,central
p10967,Person,43,east
p10968,Person,77,central
p10969,Person,23,south
p10970,Person,77,central
p10971,Person,49,west
p10972,Person,49,north
p10973,Person,43,north
p10974,Person,45,west
p10975,Person,70,west
p10976,Person,50,east
p10977,Person,68,central
p10978,Person,37,east
p10979,Person,49,west
p10980,Person,49,west
p10981,Person,53,west
p10982,Person,42,west
p10983,Person,22,west
p10984,Person,26,south
p10985,Person,27,west
p10986,Person,25,south
p10987,Person,56,south
p10988,Person,56,east
p10989,Person,39,south
p10990,Person,34,north
p10991,Person,62,north
p10992,Person,19,central
p10993,Person,20,central
p10994,Person,37,north
p10995,Person,18,central
p10996,Person,68,central
p10997,Person,71,west
p10998,Person,44,south
p10999,Person,74,west
p11000,Person,65,south
p11001,Person,62,north
p11002,Person,70,west
p11003,Person,60,south
p11004,Person,69,west
p11005,Person,61,north
p11006,Person,61,central
p11007,Person,76,north
p11008,Person,42,central
p11009,Person,69,east
p11010,Person,40,west
p11011,Person,37,west
p11012,Person,36,east
p11013,Person,77,south
p11014,Person,74,south
p11015,Person,50,south
p11016,Person,64,east
p11017,Person,66,east
p11018,Person,54,east
p11019,Person,23,north
p11020,Person,27,west
p11021,Person,41,south
p11022,Person,42,central
p11023,Person,51,east
p11024,Person,43,east
p11025,Person,18,north
p11026,Person,72,central
p11027,Person,18,central
p11028,Person,39,south
p11029,Person,56,west
p11030,Person,32,south
p11031,Person,20,south
p11032,Person,23,central
p11033,Person,18,central
p11034,Person,70,east
p11035,Person,66,west
p11036,Person,33,north
p11037,Person,72,north
p11038,Person,25,south
p11039,Person,67,south
p11040,Person,69,west
p11041,Person,67,north
p11042,Person,19,east
p11043,Person,76,south
p11044,Person,64,south
p11045,Person,51,south
p11046,Person,73,north
p11047,Person,50,east
p11048,Person,58,south
p11049,Person,74,north
p11050,Person,72,south
p11051,Person,47,central
p11052,Person,72,north
p11053,Person,51,east
p11054,Person,25,north
p11055,Person,74,central
p11056,Person,48,west
p11057,Person,43,central
p11058,Person,45,central
p11059,Person,47,central
p11060,Person,29,east
p11061,Person,61,west
p11062,Person,49,west
p11063,Person,37,central
p11064,Person,70,north
p11065,Person,71,south
p11066,Person,42,central
p11067,Person,28,south
p11068,Person,27,central
p11069,Person,34,west
p11070,Person,22,north
p11071,Person,18,west
p11072,Person,48,west
p11073,Person,35,west
p11074,Person,44,south
p11075,Person,25,east
p11076,Person,27,south
p11077,Person,31,east
p11078,Person,48,north
p11079,Person,38,north
p11080,Person,50,central
p11081,Person,58,west
p11082,Person,77,south
p11083,Person,72,west
p11084,Person,27,north
p11085,Person,62,west
p11086,Person,75,south
p11087,Person,30,west
p11088,Person,30,east
p11089,Person,70,north
p11090,Person,70,north
p11091,Person,26,north
p11092,Person,60,north
p11093,Person,41,south
p11094,Person,19,north
p11095,Person,37,central
p11096,Person,41,central
p11097,Person,40,north
p11098,Person,76,north
p11099,Person,28,central
p11100,Person,32,central
p11101,Person,27,south
p11102,Person,35,east
p11103,Person,75,east
p11104,Person,27,central
p11105,Person,61,east
p11106,Person,42,west
p11107,Person,41,west
p11108,Person,65,east
p11109,Person,56,central
p11110,Person,29,north
p11111,Person,19,south
p11112,Person,77,east
p11113,Person,37,south
p11114,Person,26,south
p11115,Person,23,central
p11116,Person,53,east
p11117,Person,69,west
p11118,Person,24,east
p11119,Person,20,south
p11120,Person,71,central
p11121,Person,55,central
p11122,Person,76,central
p11123,Person,71,central
p11124,Person,24,east
p11125,Person,45,west
p11126,Person,40,central
p11127,Person,29,east
p11128,Person,57,south
p11129,Person,21,west
p11130,Person,73,south
p11131,Person,42,central
p11132,Person,51,east
p11133,Person,43,central
p11134,Person,63,west
p11135,Person,71,central
p11136,Person,19,east
p11137,Person,45,east
p11138,Person,31,central
p11139,Person,26,west
p11140,Person,58,north
p11141,Person,62,south
p11142,Person,26,south
p11143,Person,42,west
p11144,Person,44,north
p11145,Person,48,east
p11146,Person,47,central
p11147,Person,77,central
p11148,Person,63,central
p11149,Person,69,west
p11150,Person,64,north
p11151,Person,70,north
p11152,Person,77,central
p11153,Person,54,west
p11154,Person,62,central
p11155,Person,62,south
p11156,Person,23,north
p11157,Person,53,south
p11158,Person,18,south
p11159,Person,34,west
p11160,Person,69,central
p11161,Person,46,south
p11162,Person,62,west
p11163,Person,31,west
p11164,Person,18,west
p11165,Person,51,central
p11166,Person,38,west
p11167,Person,35,east
p11168,Person,63,south
p11169,Person,56,west
p11170,Person,49,central
p11171,Person,65,north
p11172,Person,20,north
p11173,Person,66,north
p11174,Person,64,east
p11175,Person,44,north
p11176,Person,63,north
p11177,Person,48,west
p11178,Person,22,north
p11179,Person,20,west
p11180,Person,56,north
p11181,Person,61,north
p11182,Person,51,west
p11183,Person,54,north
p11184,Person,36,north
p11185,Person,28,north
p11186,Person,71,west
p11187,Person,24,east
p11188,Person,26,central
p11189,Person,67,east
p11190,Person,73,north
p11191,Person,54,east
p11192,Person,58,west
p11193,Person,52,central
p11194,Person,55,north
p11195,Person,35,east
p11196,Person,63,south
p11197,Person,34,north
p11198,Person,54,central
p11199,Person,25,central
p11200,Person,77,south
p11201,Person,77,west
p11202,Person,50,east
p11203,Person,28,east
p11204,Person,47,south
p11205,Person,44,west
p11206,Person,58,west
p11207,Person,18,central
p11208,Person,38,south
p11209,Person,59,east
p11210,Person,47,east
p11211,Person,59,east
p11212,Person,45,east
p11213,Person,40,south
p11214,Person,32,central
p11215,Person,63,north
p11216,Person,48,central
p11217,Person,63,central
p11218,Person,68,east
p11219,Person,21,central
p11220,Person,31,west
p11221,Person,22,west
p11222,Person,76,central
p11223,Person,57,south
p11224,Person,56,south
p11225,Person,22,south
p11226,Person,30,south
p11227,Person,62,north
p11228,Person,53,north
p11229,Person,50,north
p11230,Person,66,east
p11231,Person,40,south
p11232,Person,63,west
p11233,Person,71,north
p11234,Person,40,north
p11235,Person,37,north
p11236,Person,25,west
p11237,Person,53,west
p11238,Person,76,west
p11239,Person,74,north
p11240,Person,32,south
p11241,Person,23,south
p11242,Person,38,south
p11243,Person,25,north
p11244,Person,36,south
p11245,Person,62,east
p11246,Person,34,central
p11247,Person,40,west
p11248,Person,65,south
p11249,Person,45,central
p11250,Person,33,west
p11251,Person,24,central
p11252,Person,18,north
p11253,Person,66,east
p11254,Person,43,central
p11255,Person,29,north
p11256,Person,33,north
p11257,Person,33,west
p11258,Person,44,south
p11259,Person,41,east
p11260,Person,18,north
p11261,Person,64,north
p11262,Person,28,east
p11263,Person,71,west
p11264,Person,73,north
p11265,Person,59,west
p11266,Person,46,south
p11267,Person,75,west
p11268,Person,43,north
p11269,Person,45,south
p11270,Person,62,south
p11271,Person,66,south
p11272,Person,38,west
p11273,Person,19,central
p11274,Person,69,east
p11275,Person,59,central
p11276,Person,54,south
p11277,Person,57,south
p11278,Person,75,east
p11279,Person,71,south
p11280,Person,35,central
p11281,Person,29,south
p11282,Person,46,west
p11283,Person,66,south
p11284,Person,43,west
p11285,Person,34,west
p11286,Person,45,central
p11287,Person,61,south
p11288,Person,36,south
p11289,Person,57,south
p11290,Person,30,south
p11291,Person,41,central
p11292,Person,58,south
p11293,Person,52,west
p11294,Person,30,west
p11295,Person,30,west
p11296,Person,45,east
p11297,Person,45,central
p11298,Person,31,central
p11299,Person,57,west
p11300,Person,58,south
p11301,Person,25,north
p11302,Person,74,north
p11303,Person,44,east
p11304,Person,46,west
p11305,Person,63,east
p11306,Person,35,west
p11307,Person,21,south
p11308,Person,31,central
p11309,Person,38,north
p11310,Person,77,south
p11311,Person,45,central
p11312,Person,39,west
p11313,Person,43,south
p11314,Person,20,central
p11315,Person,48,east
p11316,Person,55,east
p11317,Person,34,west
p11318,Person,52,central
p11319,Person,45,central
p11320,Person,28,central
p11321,Person,42,central
p11322,Person,25,east
p11323,Person,53,east
p11324,Person,19,west
p11325,Person,29,west
p11326,Person,66,central
p11327,Person,25,central
p11328,Person,56,south
p11329,Person,69,north
p11330,Person,38,west
p11331,Person,59,west
p11332,Person,55,east
p11333,Person,60,north
p11334,Person,71,west
p11335,Person,55,central
p11336,Person,50,north
p11337,Person,47,south
p11338,Person,48,central
p11339,Person,75,south
p11340,Person,61,south
p11341,Person,34,central
p11342,Person,38,east
p11343,Person,29,central
p11344,Person,56,east
p11345,Person,48,south
p11346,Person,51,west
p11347,Person,19,north
p11348,Person,68,north
p11349,Person,49,west
p11350,Person,55,east
p11351,Person,34,north
p11352,Person,54,south
p11353,Person,74,south
p11354,Person,70,east
p11355,Person,63,east
p11356,Person,33,east
p11357,Person,21,north
p11358,Person,40,central
p11359,Person,58,north
p11360,Person,25,west
p11361,Person,54,east
p11362,Person,36,south
p11363,Person,42,central
p11364,Person,31,west
p11365,Person,29,north
p11366,Person,42,central
p11367,Person,69,central
p11368,Person,75,north
p11369,Person,41,north
p11370,Person,48,north
p11371,Person,57,south
p11372,Person,28,central
p11373,Person,28,west
p11374,Person,26,south
p11375,Person,42,west
p11376,Person,51,central
p11377,Person,41,east
p11378,Person,71,north
p11379,Person,54,north
p11380,Person,26,east
p11381,Person,57,east
p11382,Person,39,south
p11383,Person,60,central
p11384,Person,67,east
p11385,Person,51,north
p11386,Person,51,south
p11387,Person,26,east
p11388,Person,32,south
p11389,Person,49,central
p11390,Person,69,north
p11391,Person,31,west
p11392,Person,43,central
p11393,Person,40,east
p11394,Person,62,south
p11395,Person,54,north
p11396,Person,29,south
p11397,Person,39,east
p11398,Person,73,south
p11399,Person,37,central
p11400,Person,23,north
p11401,Person,57,north
p11402,Person,63,central
p11403,Person,67,east
p11404,Person,64,west
p11405,Person,61,central
p11406,Person,50,east
p11407,Person,24,east
p11408,Person,57,north
p11409,Person,66,east
p11410,Person,34,east
p11411,Person,64,central
p11412,Person,62,south
p11413,Person,39,east
p11414,Person,70,central
p11415,Person,65,north
p11416,Person,45,central
p11417,Person,33,central
p11418,Person,21,north
p11419,Person,56,south
p11420,Person,23,west
p11421,Person,57,west
p11422,Person,71,central
p11423,Person,36,north
p11424,Person,75,central
p11425,Person,74,central
p11426,Person,57,central
p11427,Person,18,central
p11428,Person,25,west
p11429,Person,39,east
p11430,Person,66,west
p11431,Person,72,east
p11432,Person,41,east
p11433,Person,42,east
p11434,Person,38,north
p11435,Person,54,north
p11436,Person,70,north
p11437,Person,33,east
p11438,Person,28,west
p11439,Person,20,north
p11440,Person,33,south
p11441,Person,42,north
p11442,Person,71,north
p11443,Person,32,north
p11444,Person,73,west
p11445,Person,24,west
p11446,Person,18,south
p11447,Person,56,south
p11448,Person,64,west
p11449,Person,69,north
p11450,Person,43,west
p11451,Person,18,east
p11452,Person,41,east
p11453,Person,64,east
p11454,Person,53,north
p11455,Person,37,central
p11456,Person,54,central
p11457,Person,72,north
p11458,Person,44,west
p11459,Person,29,south
p11460,Person,66,south
p11461,Person,59,central
p11462,Person,43,north
p11463,Person,58,north
p11464,Person,65,east
p11465,Person,40,south
p11466,Person,75,central
p11467,Person,51,central
p11468,Person,69,south
p11469,Person,50,south
p11470,Person,69,central
p11471,Person,27,north
p11472,Person,38,west
p11473,Person,75,north
p11474,Person,19,south
p11475,Person,42,north
p11476,Person,73,south
p11477,Person,56,north
p11478,Person,22,north
p11479,Person,28,north
p11480,Person,25,central
p11481,Person,67,north
p11482,Person,26,east
p11483,Person,65,east
p11484,Person,31,north
p11485,Person,30,north
p11486,Person,76,south
p11487,Person,43,east
p11488,Person,39,east
p11489,Person,68,central
p11490,Person,63,east
p11491,Person,67,central
p11492,Person,69,east
p11493,Person,59,east
p11494,Person,66,east
p11495,Person,63,east
p11496,Person,56,central
p11497,Person,72,north
p11498,Person,50,east
p11499,Person,65,central
p11500,Person,43,south
p11501,Person,62,south
p11502,Person,29,north
p11503,Person,63,south
p11504,Person,65,east
p11505,Person,58,west
p11506,Person,70,north
p11507,Person,74,south
p11508,Person,46,north
p11509,Person,37,east
p11510,Person,26,central
p11511,Person,62,central
p11512,Person,63,north
p11513,Person,33,central
p11514,Person,77,north
p11515,Person,36,central
p11516,Person,41,central
p11517,Person,61,central
p11518,Person,35,central
p11519,Person,29,north
p11520,Person,33,east
p11521,Person,30,central
p11522,Person,51,west
p11523,Person,23,east
p11524,Person,34,north
p11525,Person,48,south
p11526,Person,30,north
p11527,Person,20,north
p11528,Person,36,west
p11529,Person,43,west
p11530,Person,67,central
p11531,Person,24,east
p11532,Person,70,south
p11533,Person,29,central
p11534,Person,44,central
p11535,Person,43,central
p11536,Person,68,north
p11537,Person,50,west
p11538,Person,51,west
p11539,Person,76,central
p11540,Person,42,east
p11541,Person,26,central
p11542,Person,74,central
p11543,Person,42,south
p11544,Person,53,south
p11545,Person,62,south
p11546,Person,26,central
p11547,Person,64,west
p11548,Person,39,east
p11549,Person,32,central
p11550,Person,60,north
p11551,Person,34,east
p11552,Person,24,east
p11553,Person,70,east
p11554,Person,62,central
p11555,Person,49,north
p11556,Person,69,north
p11557,Person,73,west
p11558,Person,76,south
p11559,Person,37,north
p11560,Person,25,south
p11561,Person,65,south
p11562,Person,49,central
p11563,Person,76,south
p11564,Person,58,east
p11565,Person,41,north
p11566,Person,22,east
p11567,Person,25,central
p11568,Person,65,north
p11569,Person,24,south
p11570,Person,63,west
p11571,Person,64,east
p11572,Person,20,east
p11573,Person,20,north
p11574,Person,73,central
p11575,Person,51,east
p11576,Person,28,north
p11577,Person,58,central
p11578,Person,36,south
p11579,Person,49,north
p11580,Person,25,south
p11581,Person,30,south
p11582,Person,46,east
p11583,Person,61,central
p11584,Person,20,west
p11585,Person,27,south
p11586,Person,35,north
p11587,Person,44,west
p11588,Person,69,central
p11589,Person,49,west
p11590,Person,64,north
p11591,Person,18,west
p11592,Person,32,south
p11593,Person,33,north
p11594,Person,26,west
p11595,Person,49,north
p11596,Person,27,south
p11597,Person,47,north
p11598,Person,23,north
p11599,Person,47,north
p11600,Person,39,south
p11601,Person,36,central
p11602,Person,54,west
p11603,Person,53,central
p11604,Person,19,east
p11605,Person,61,east
p11606,Person,48,east
p11607,Person,66,south
p11608,Person,72,south
p11609,Person,18,central
p11610,Person,32,north
p11611,Person,52,central
p11612,Person,77,south
p11613,Person,29,central
p11614,Person,54,central
p11615,Person,41,central
p11616,Person,35,south
p11617,Person,69,south
p11618,Person,52,central
p11619,Person,37,west
p11620,Person,74,north
p11621,Person,66,central
p11622,Person,43,east
p11623,Person,53,east
p11624,Person,30,south
p11625,Person,50,north
p11626,Person,53,central
p11627,Person,44,north
p11628,Person,66,east
p11629,Person,29,west
p11630,Person,59,west
p11631,Person,69,south
p11632,Person,55,north
p11633,Person,68,north
p11634,Person,73,east
p11635,Person,66,central
p11636,Person,69,east
p11637,Person,49,west
p11638,Person,60,central
p11639,Person,23,central
p11640,Person,30,east
p11641,Person,33,east
p11642,Person,72,west
p11643,Person,53,north
p11644,Person,43,central
p11645,Person,64,north
p11646,Person,52,north
p11647,Person,31,central
p11648,Person,35,central
p11649,Person,72,west
p11650,Person,32,central
p11651,Person,68,east
p11652,Person,30,central
p11653,Person,70,south
p11654,Person,22,east
p11655,Person,65,north
p11656,Person,30,west
p11657,Person,69,central
p11658,Person,21,south
p11659,Person,55,central
p11660,Person,26,east
p11661,Person,76,north
p11662,Person,32,west
p11663,Person,41,west
p11664,Person,65,west
p11665,Person,63,north
p11666,Person,39,central
p11667,Person,21,central
p11668,Person,41,south
p11669,Person,72,south
p11670,Person,40,central
p11671,Person,57,central
p11672,Person,23,south
p11673,Person,53,north
p11674,Person,75,north
p11675,Person,75,east
p11676,Person,53,east
p11677,Person,45,central
p11678,Person,31,central
p11679,Person,46,east
p11680,Person,68,north
p11681,Person,29,east
p11682,Person,58,south
p11683,Person,68,north
p11684,Person,74,west
p11685,Person,53,north
p11686,Person,42,south
p11687,Person,66,north
p11688,Person,47,central
p11689,Person,46,south
p11690,Person,58,central
p11691,Person,75,west
p11692,Person,50,west
p11693,Person,62,west
p11694,Person,69,east
p11695,Person,19,south
p11696,Person,66,north
p11697,Person,61,west
p11698,Person,54,north
p11699,Person,61,west
p11700,Person,38,west
p11701,Person,39,central
p11702,Person,75,west
p11703,Person,37,north
p11704,Person,33,south
p11705,Person,19,central
p11706,Person,25,west
p11707,Person,32,south
p11708,Person,48,north
p11709,Person,29,central
p11710,Person,31,south
p11711,Person,74,north
p11712,Person,47,central
p11713,Person,69,north
p11714,Person,69,north
p11715,Person,20,west
p11716,Person,38,north
p11717,Person,23,west
p11718,Person,19,south
p11719,Person,41,north
p11720,Person,72,central
p11721,Person,53,west
p11722,Person,39,central
p11723,Person,38,north
p11724,Person,40,north
p11725,Person,32,east
p11726,Person,48,north
p11727,Person,68,south
p11728,Person,34,south
p11729,Person,63,north
p11730,Person,43,west
p11731,Person,60,west
p11732,Person,39,east
p11733,Person,27,central
p11734,Person,46,central
p11735,Person,77,central
p11736,Person,39,east
p11737,Person,70,central
p11738,Person,54,east
p11739,Person,39,east
p11740,Person,77,south
p11741,Person,49,central
p11742,Person,20,central
p11743,Person,24,central
p11744,Person,24,central
p11745,Person,26,east
p11746,Person,35,central
p11747,Person,41,east
p11748,Person,76,north
p11749,Person,54,south
p11750,Person,41,south
p11751,Person,33,north
p11752,Person,77,south
p11753,Person,51,west
p11754,Person,71,south
p11755,Person,40,central
p11756,Person,59,north
p11757,Person,40,east
p11758,Person,26,west
p11759,Person,71,central
p11760,Person,55,central
p11761,Person,44,south
p11762,Person,46,east
p11763,Person,41,east
p11764,Person,38,west
p11765,Person,72,south
p11766,Person,41,south
p11767,Person,26,east
p11768,Person,21,central
p11769,Person,75,east
p11770,Person,25,south
p11771,Person,47,south
p11772,Person,42,north
p11773,Person,57,central
p11774,Person,57,south
p11775,Person,70,east
p11776,Person,25,east
p11777,Person,71,central
p11778,Person,21,central
p11779,Person,73,west
p11780,Person,43,central
p11781,Person,55,south
p11782,Person,71,central
p11783,Person,39,south
p11784,Person,53,north
p11785,Person,53,west
p11786,Person,35,south
p11787,Person,75,north
p11788,Person,44,north
p11789,Person,28,east
p11790,Person,49,west
p11791,Person,62,north
p11792,Person,52,east
p11793,Person,22,east
p11794,Person,38,north
p11795,Person,31,north
p11796,Person,69,west
p11797,Person,48,central
p11798,Person,70,east
p11799,Person,25,east
p11800,Person,39,central
p11801,Person,22,north
p11802,Person,41,south
p11803,Person,71,central
p11804,Person,48,central
p11805,Person,40,south
p11806,Person,55,south
p11807,Person,55,west
p11808,Person,42,east
p11809,Person,49,east
p11810,Person,26,east
p11811,Person,37,north
p11812,Person,55,south
p11813,Person,20,east
p11814,Person,69,west
p11815,Person,64,west
p11816,Person,39,central
p11817,Person,51,south
p11818,Person,56,north
p11819,Person,69,west
p11820,Person,66,central
p11821,Person,55,west
p11822,Person,61,east
p11823,Person,64,north
p11824,Person,57,south
p11825,Person,57,south
p11826,Person,59,east
p11827,Person,68,central
p11828,Person,55,east
p11829,Person,69,south
p11830,Person,68,south
p11831,Person,44,central
p11832,Person,41,south
p11833,Person,39,north
p11834,Person,19,south
p11835,Person,70,central
p11836,Person,40,south
p11837,Person,60,east
p11838,Person,29,south
p11839,Person,25,central
p11840,Person,67,central
p11841,Person,31,north
p11842,Person,31,east
p11843,Person,35,central
p11844,Person,33,east
p11845,Person,41,south
p11846,Person,45,east
p11847,Person,46,north
p11848,Person,68,central
p11849,Person,50,north
p11850,Person,44,north
p11851,Person,41,south
p11852,Person,51,north
p11853,Person,34,north
p11854,Person,46,south
p11855,Person,38,east
p11856,Person,70,south
p11857,Person,74,west
p11858,Person,61,south
p11859,Person,32,west
p11860,Person,41,central
p11861,Person,40,central
p11862,Person,37,north
p11863,Person,33,south
p11864,Person,45,north
p11865,Person,69,west
p11866,Person,37,west
p11867,Person,45,east
p11868,Person,68,central
p11869,Person,18,north
p11870,Person,22,central
p11871,Person,18,south
p11872,Person,31,east
p11873,Person,47,central
p11874,Person,27,south
p11875,Person,75,east
p11876,Person,25,east
p11877,Person,24,west
p11878,Person,18,west
p11879,Person,32,central
p11880,Person,38,central
p11881,Person,54,central
p11882,Person,57,west
p11883,Person,63,south
p11884,Person,58,north
p11885,Person,49,central
p11886,Person,42,south
p11887,Person,21,central
p11888,Person,46,west
p11889,Person,50,south
p11890,Person,30,south
p11891,Person,61,east
p11892,Person,20,south
p11893,Person,69,west
p11894,Person,70,east
p11895,Person,59,south
p11896,Person,24,south
p11897,Person,66,west
p11898,Person,36,south
p11899,Person,46,west
p11900,Person,70,south
p11901,Person,24,south
p11902,Person,42,central
p11903,Person,62,north
p11904,Person,19,central
p11905,Person,44,north
p11906,Person,48,central
p11907,Person,71,north
p11908,Person,51,central
p11909,Person,37,north
p11910,Person,18,central
p11911,Person,46,north
p11912,Person,35,central
p11913,Person,27,north
p11914,Person,52,south
p11915,Person,39,north
p11916,Person,58,west
p11917,Person,29,east
p11918,Person,40,north
p11919,Person,55,west
p11920,Person,18,east
p11921,Person,29,north
p11922,Person,63,central
p11923,Person,34,central
p11924,Person,69,north
p11925,Person,68,central
p11926,Person,41,west
p11927,Person,36,east
p11928,Person,38,south
p11929,Person,71,south
p11930,Person,27,north
p11931,Person,67,south
p11932,Person,21,north
p11933,Person,36,central
p11934,Person,37,north
p11935,Person,20,south
p11936,Person,59,south
p11937,Person,63,central
p11938,Person,40,central
p11939,Person,48,central
p11940,Person,59,central
p11941,Person,40,east
p11942,Person,64,north
p11943,Person,31,east
p11944,Person,70,east
p11945,Person,25,north
p11946,Person,31,south
p11947,Person,20,east
p11948,Person,24,east
p11949,Person,24,south
p11950,Person,77,central
p11951,Person,27,south
p11952,Person,72,east
p11953,Person,60,north
p11954,Person,29,central
p11955,Person,22,west
p11956,Person,27,east
p11957,Person,22,east
p11958,Person,31,central
p11959,Person,63,south
p11960,Person,75,south
p11961,Person,61,central
p11962,Person,68,south
p11963,Person,74,central
p11964,Person,63,central
p11965,Person,44,west
p11966,Person,39,central
p11967,Person,56,central
p11968,Person,30,west
p11969,Person,23,south
p11970,Person,35,west
p11971,Person,55,east
p11972,Person,37,north
p11973,Person,62,north
p11974,Person,68,north
p11975,Person,63,north
p11976,Person,74,south
p11977,Person,63,central
p11978,Person,71,west
p11979,Person,59,east
p11980,Person,44,north
p11981,Person,40,west
p11982,Person,69,south
p11983,Person,73,central
p11984,Person,67,central
p11985,Person,35,east
p11986,Person,27,north
p11987,Person,63,north
p11988,Person,77,south
p11989,Person,56,east
p11990,Person,58,east
p11991,Person,34,east
p11992,Person,21,south
p11993,Person,30,north
p11994,Person,64,south
p11995,Person,48,east
p11996,Person,73,east
p11997,Person,63,east
p11998,Person,19,central
p11999,Person,21,east
p12000,Person,43,east
p12001,Person,71,south
p12002,Person,24,central
p12003,Person,25,south
p12004,Person,53,north
p12005,Person,67,south
p12006,Person,28,west
p12007,Person,40,east
p12008,Person,56,south
p12009,Person,59,central
p12010,Person,29,south
p12011,Person,76,south
p12012,Person,55,north
p12013,Person,26,central
p12014,Person,40,north
p12015,Person,46,central
p12016,Person,71,west
p12017,Person,27,central
p12018,Person,30,central
p12019,Person,47,north
p12020,Person,54,north
p12021,Person,66,east
p12022,Person,53,south
p12023,Person,66,west
p12024,Person,67,north
p12025,Person,28,west
p12026,Person,23,west
p12027,Person,53,north
p12028,Person,23,west
p12029,Person,40,north
p12030,Person,45,west
p12031,Person,56,north
p12032,Person,27,east
p12033,Person,32,north
p12034,Person,26,south
p12035,Person,77,west
p12036,Person,37,west
p12037,Person,55,south
p12038,Person,64,south
p12039,Person,30,east
p12040,Person,40,north
p12041,Person,50,east
p12042,Person,65,east
p12043,Person,71,west
p12044,Person,50,east
p12045,Person,67,central
p12046,Person,55,south
p12047,Person,68,east
p12048,Person,53,west
p12049,Person,52,central
p12050,Person,36,west
p12051,Person,65,south
p12052,Person,56,east
p12053,Person,68,south
p12054,Person,32,central
p12055,Person,76,east
p12056,Person,27,north
p12057,Person,70,west
p12058,Person,64,central
p12059,Person,53,west
p12060,Person,38,east
p12061,Person,29,east
p12062,Person,47,central
p12063,Person,52,south
p12064,Person,54,north
p12065,Person,35,north
p12066,Person,31,west
p12067,Person,51,central
p12068,Person,18,south
p12069,Person,57,north
p12070,Person,74,south
p12071,Person,55,east
p12072,Person,28,central
p12073,Person,57,south
p12074,Person,50,east
p12075,Person,39,west
p12076,Person,58,north
p12077,Person,69,west
p12078,Person,44,north
p12079,Person,48,central
p12080,Person,33,west
p12081,Person,69,central
p12082,Person,77,south
p12083,Person,72,central
p12084,Person,41,central
p12085,Person,57,east
p12086,Person,68,west
p12087,Person,49,north
p12088,Person,67,central
p12089,Person,72,east
p12090,Person,27,east
p12091,Person,49,east
p12092,Person,24,north
p12093,Person,68,central
p12094,Person,70,west
p12095,Person,55,west
p12096,Person,36,west
p12097,Person,54,central
p12098,Person,65,central
p12099,Person,36,north
p12100,Person,52,east
p12101,Person,65,east
p12102,Person,43,west
p12103,Person,52,west
p12104,Person,49,west
p12105,Person,59,west
p12106,Person,33,east
p12107,Person,59,east
p12108,Person,28,east
p12109,Person,35,south
p12110,Person,43,central
p12111,Person,44,central
p12112,Person,25,central
p12113,Person,58,south
p12114,Person,25,central
p12115,Person,37,west
p12116,Person,18,south
p12117,Person,68,central
p12118,Person,53,central
p12119,Person,21,east
p12120,Person,54,east
p12121,Person,20,south
p12122,Person,57,north
p12123,Person,51,north
p12124,Person,19,east
p12125,Person,30,west
p12126,Person,57,east
p12127,Person,45,east
p12128,Person,51,west
p12129,Person,27,east
p12130,Person,73,east
p12131,Person,67,central
p12132,Person,70,north
p12133,Person,32,east
p12134,Person,38,south
p12135,Person,45,south
p12136,Person,41,central
p12137,Person,41,south
p12138,Person,28,west
p12139,Person,18,north
p12140,Person,31,central
p12141,Person,47,south
p12142,Person,39,central
p12143,Person,43,west
p12144,Person,73,north
p12145,Person,71,east
p12146,Person,71,central
p12147,Person,65,central
p12148,Person,41,south
p12149,Person,30,central
p12150,Person,64,central
p12151,Person,62,central
p12152,Person,67,south
p12153,Person,42,north
p12154,Person,19,west
p12155,Person,31,central
p12156,Person,25,south
p12157,Person,48,south
p12158,Person,22,central
p12159,Person,54,north
p12160,Person,36,central
p12161,Person,20,west
p12162,Person,33,west
p12163,Person,18,south
p12164,Person,53,west
p12165,Person,38,east
p12166,Person,18,south
p12167,Person,27,central
p12168,Person,47,central
p12169,Person,65,north
p12170,Person,47,east
p12171,Person,60,central
p12172,Person,77,south
p12173,Person,32,east
p12174,Person,77,south
p12175,Person,19,north
p12176,Person,27,west
p12177,Person,26,north
p12178,Person,42,north
p12179,Person,20,south
p12180,Person,33,west
p12181,Person,36,west
p12182,Person,21,central
p12183,Person,51,central
p12184,Person,77,north
p12185,Person,27,east
p12186,Person,50,north
p12187,Person,76,south
p12188,Person,73,west
p12189,Person,52,west
p12190,Person,64,east
p12191,Person,26,east
p12192,Person,28,west
p12193,Person,19,west
p12194,Person,36,north
p12195,Person,63,west
p12196,Person,65,west
p12197,Person,40,south
p12198,Person,68,south
p12199,Person,50,west
p12200,Person,45,north
p12201,Person,69,west
p12202,Person,77,central
p12203,Person,62,south
p12204,Person,73,east
p12205,Person,69,north
p12206,Person,60,central
p12207,Person,26,central
p12208,Person,41,west
p12209,Person,32,north
p12210,Person,22,central
p12211,Person,29,central
p12212,Person,25,south
p12213,Person,76,central
p12214,Person,38,east
p12215,Person,58,south
p12216,Person,19,north
p12217,Person,38,east
p12218,Person,35,west
p12219,Person,42,north
p12220,Person,45,central
p12221,Person,32,west
p12222,Person,57,central
p12223,Person,49,north
p12224,Person,34,west
p12225,Person,33,west
p12226,Person,55,north
p12227,Person,38,central
p12228,Person,77,east
p12229,Person,69,central
p12230,Person,75,east
p12231,Person,76,west
p12232,Person,59,central
p12233,Person,51,central
p12234,Person,71,south
p12235,Person,40,central
p12236,Person,29,south
p12237,Person,26,central
p12238,Person,45,east
p12239,Person,33,south
p12240,Person,52,central
p12241,Person,69,east
p12242,Person,64,east
p12243,Person,70,central
p12244,Person,34,north
p12245,Person,18,central
p12246,Person,59,south
p12247,Person,32,west
p12248,Person,51,central
p12249,Person,62,central
p12250,Person,46,west
p12251,Person,64,north
p12252,Person,67,west
p12253,Person,50,south
p12254,Person,34,east
p12255,Person,36,south
p12256,Person,41,south
p12257,Person,59,east
p12258,Person,68,central
p12259,Person,74,east
p12260,Person,58,north
p12261,Person,75,west
p12262,Person,22,west
p12263,Person,28,west
p12264,Person,73,south
p12265,Person,43,north
p12266,Person,77,east
p12267,Person,36,east
p12268,Person,42,west
p12269,Person,41,west
p12270,Person,48,north
p12271,Person,18,south
p12272,Person,61,west
p12273,Person,64,south
p12274,Person,45,central
p12275,Person,63,central
p12276,Person,41,south
p12277,Person,20,central
p12278,Person,47,north
p12279,Person,58,west
p12280,Person,34,north
p12281,Person,68,west
p12282,Person,77,south
p12283,Person,71,east
p12284,Person,59,south
p12285,Person,68,north
p12286,Person,30,south
p12287,Person,34,west
p12288,Person,27,west
p12289,Person,32,central
p12290,Person,73,east
p12291,Person,22,east
p12292,Person,55,south
p12293,Person,28,west
p12294,Person,45,north
p12295,Person,27,south
p12296,Person,59,west
p12297,Person,30,west
p12298,Person,27,north
p12299,Person,39,east
p12300,Person,20,central
p12301,Person,67,east
p12302,Person,72,north
p12303,Person,52,east
p12304,Person,26,central
p12305,Person,33,south
p12306,Person,69,west
p12307,Person,45,east
p12308,Person,24,east
p12309,Person,46,west
p12310,Person,41,south
p12311,Person,41,north
p12312,Person,53,east
p12313,Person,39,central
p12314,Person,57,west
p12315,Person,51,north
p12316,Person,57,central
p12317,Person,36,east
p12318,Person,68,north
p12319,Person,32,west
p12320,Person,45,central
p12321,Person,49,central
p12322,Person,48,west
p12323,Person,67,west
p12324,Person,42,north
p12325,Person,31,south
p12326,Person,34,west
p12327,Person,45,north
p12328,Person,44,east
p12329,Person,72,east
p12330,Person,40,east
p12331,Person,66,east
p12332,Person,51,central
p12333,Person,69,north
p12334,Person,54,south
p12335,Person,20,central
p12336,Person,32,east
p12337,Person,75,west
p12338,Person,72,north
p12339,Person,63,east
p12340,Person,26,south
p12341,Person,70,central
p12342,Person,56,south
p12343,Person,23,east
p12344,Person,19,central
p12345,Person,43,south
p12346,Person,77,west
p12347,Person,47,central
p12348,Person,27,north
p12349,Person,31,south
p12350,Person,76,north
p12351,Person,49,east
p12352,Person,73,north
p12353,Person,33,north
p12354,Person,45,east
p12355,Person,44,south
p12356,Person,19,central
p12357,Person,29,east
p12358,Person,32,south
p12359,Person,56,central
p12360,Person,65,central
p12361,Person,73,north
p12362,Person,20,north
p12363,Person,63,south
p12364,Person,60,central
p12365,Person,19,north
p12366,Person,62,central
p12367,Person,55,south
p12368,Person,39,central
p12369,Person,20,north
p12370,Person,37,south
p12371,Person,29,central
p12372,Person,61,west
p12373,Person,47,east
p12374,Person,53,east
p12375,Person,46,east
p12376,Person,76,central
p12377,Person,53,central
p12378,Person,77,west
p12379,Person,23,south
p12380,Person,23,north
p12381,Person,77,south
p12382,Person,53,east
p12383,Person,63,west
p12384,Person,46,south
p12385,Person,74,central
p12386,Person,77,west
p12387,Person,77,east
p12388,Person,42,north
p12389,Person,57,south
p12390,Person,56,west
p12391,Person,66,east
p12392,Person,64,west
p12393,Person,20,south
p12394,Person,26,central
p12395,Person,27,south
p12396,Person,69,north
p12397,Person,35,north
p12398,Person,28,east
p12399,Person,30,east
p12400,Person,23,east
p12401,Person,67,central
p12402,Person,38,central
p12403,Person,45,south
p12404,Person,66,north
p12405,Person,65,west
p12406,Person,24,north
p12407,Person,72,east
p12408,Person,50,west
p12409,Person,57,south
p12410,Person,31,central
p12411,Person,71,central
p12412,Person,76,south
p12413,Person,22,east
p12414,Person,74,east
p12415,Person,57,central
p12416,Person,30,central
p12417,Person,41,central
p12418,Person,54,east
p12419,Person,72,south
p12420,Person,68,west
p12421,Person,31,south
p12422,Person,71,south
p12423,Person,57,north
p12424,Person,38,south
p12425,Person,57,south
p12426,Person,39,central
p12427,Person,24,east
p12428,Person,69,central
p12429,Person,40,east
p12430,Person,41,east
p12431,Person,22,west
p12432,Person,28,central
p12433,Person,62,south
p12434,Person,30,east
p12435,Person,18,central
p12436,Person,63,west
p12437,Person,31,north
p12438,Person,75,east
p12439,Person,75,north
p12440,Person,51,south
p12441,Person,24,east
p12442,Person,52,west
p12443,Person,50,north
p12444,Person,29,north
p12445,Person,61,central
p12446,Person,37,central
p12447,Person,58,north
p12448,Person,49,central
p12449,Person,57,north
p12450,Person,33,central
p12451,Person,73,south
p12452,Person,49,north
p12453,Person,41,south
p12454,Person,54,north
p12455,Person,68,east
p12456,Person,74,east
p12457,Person,41,north
p12458,Person,43,east
p12459,Person,26,east
p12460,Person,22,east
p12461,Person,21,central
p12462,Person,51,central
p12463,Person,39,east
p12464,Person,66,north
p12465,Person,27,east
p12466,Person,34,central
p12467,Person,45,south
p12468,Person,50,east
p12469,Person,74,north
p12470,Person,59,west
p12471,Person,63,west
p12472,Person,34,west
p12473,Person,26,north
p12474,Person,51,east
p12475,Person,19,north
p12476,Person,65,south
p12477,Person,66,north
p12478,Person,47,west
p12479,Person,27,central
p12480,Person,19,west
p12481,Person,21,east
p12482,Person,22,south
p12483,Person,65,south
p12484,Person,64,north
p12485,Person,63,north
p12486,Person,65,east
p12487,Person,26,central
p12488,Person,35,central
p12489,Person,32,central
p12490,Person,73,central
p12491,Person,36,north
p12492,Person,68,west
p12493,Person,53,north
p12494,Person,57,north
p12495,Person,64,west
p12496,Person,63,north
p12497,Person,52,west
p12498,Person,30,south
p12499,Person,47,south
p12500,Person,69,east
p12501,Person,18,south
p12502,Person,50,south
p12503,Person,69,central
p12504,Person,19,south
p12505,Person,76,north
p12506,Person,65,central
p12507,Person,58,east
p12508,Person,52,north
p12509,Person,40,central
p12510,Person,51,south
p12511,Person,28,south
p12512,Person,30,east
p12513,Person,49,west
p12514,Person,36,central
p12515,Person,39,central
p12516,Person,32,west
p12517,Person,22,central
p12518,Person,44,north
p12519,Person,44,central
p12520,Person,32,south
p12521,Person,76,north
p12522,Person,52,north
p12523,Person,37,west
p12524,Person,68,central
p12525,Person,42,central
p12526,Person,37,central
p12527,Person,53,north
p12528,Person,42,west
p12529,Person,70,west
p12530,Person,64,central
p12531,Person,19,west
p12532,Person,51,west
p12533,Person,40,west
p12534,Person,68,east
p12535,Person,29,south
p12536,Person,31,central
p12537,Person,57,north
p12538,Person,54,north
p12539,Person,67,south
p12540,Person,47,west
p12541,Person,39,west
p12542,Person,33,central
p12543,Person,59,east
p12544,Person,72,north
p12545,Person,72,north
p12546,Person,30,east
p12547,Person,23,central
p12548,Person,35,west
p12549,Person,45,north
p12550,Person,70,central
p12551,Person,53,west
p12552,Person,61,north
p12553,Person,50,east
p12554,Person,28,south
p12555,Person,71,north
p12556,Person,54,east
p12557,Person,63,north
p12558,Person,72,south
p12559,Person,45,east
p12560,Person,34,central
p12561,Person,64,south
p12562,Person,29,west
p12563,Person,57,west
p12564,Person,55,north
p12565,Person,45,north
p12566,Person,19,east
p12567,Person,26,east
p12568,Person,19,central
p12569,Person,62,west
p12570,Person,77,central
p12571,Person,36,east
p12572,Person,24,central
p12573,Person,55,central
p12574,Person,40,south
p12575,Person,22,south
p12576,Person,24,west
p12577,Person,76,east
p12578,Person,37,east
p12579,Person,69,east
p12580,Person,21,east
p12581,Person,54,west
p12582,Person,52,north
p12583,Person,34,east
p12584,Person,30,east
p12585,Person,50,west
p12586,Person,27,north
p12587,Person,50,west
p12588,Person,34,west
p12589,Person,66,east
p12590,Person,39,south
p12591,Person,67,north
p12592,Person,67,south
p12593,Person,26,east
p12594,Person,77,east
p12595,Person,54,north
p12596,Person,33,north
p12597,Person,71,north
p12598,Person,47,east
p12599,Person,63,south
p12600,Person,74,central
p12601,Person,27,central
p12602,Person,24,central
p12603,Person,36,west
p12604,Person,31,central
p12605,Person,62,north
p12606,Person,44,east
p12607,Person,63,south
p12608,Person,59,north
p12609,Person,31,north
p12610,Person,35,south
p12611,Person,39,south
p12612,Person,23,west
p12613,Person,31,west
p12614,Person,75,south
p12615,Person,68,central
p12616,Person,65,west
p12617,Person,64,south
p12618,Person,26,east
p12619,Person,48,central
p12620,Person,76,east
p12621,Person,60,south
p12622,Person,40,west
p12623,Person,71,east
p12624,Person,27,east
p12625,Person,76,north
p12626,Person,28,south
p12627,Person,71,central
p12628,Person,31,south
p12629,Person,69,east
p12630,Person,63,south
p12631,Person,36,central
p12632,Person,73,north
p12633,Person,61,north
p12634,Person,32,north
p12635,Person,24,central
p12636,Person,33,south
p12637,Person,22,south
p12638,Person,28,north
p12639,Person,30,central
p12640,Person,50,central
p12641,Person,44,south
p12642,Person,70,north
p12643,Person,61,west
p12644,Person,28,west
p12645,Person,65,central
p12646,Person,20,north
p12647,Person,21,north
p12648,Person,52,north
p12649,Person,58,central
p12650,Person,34,south
p12651,Person,28,east
p12652,Person,32,east
p12653,Person,28,central
p12654,Person,44,west
p12655,Person,19,central
p12656,Person,46,east
p12657,Person,52,south
p12658,Person,44,north
p12659,Person,20,central
p12660,Person,24,central
p12661,Person,21,north
p12662,Person,21,north
p12663,Person,19,east
p12664,Person,29,east
p12665,Person,19,north
p12666,Person,66,east
p12667,Person,30,central
p12668,Person,36,south
p12669,Person,43,central
p12670,Person,77,west
p12671,Person,64,east
p12672,Person,68,east
p12673,Person,65,south
p12674,Person,56,north
p12675,Person,37,east
p12676,Person,34,central
p12677,Person,21,east
p12678,Person,66,west
p12679,Person,37,north
p12680,Person,57,west
p12681,Person,70,north
p12682,Person,62,east
p12683,Person,64,south
p12684,Person,42,east
p12685,Person,69,north
p12686,Person,23,east
p12687,Person,69,north
p12688,Person,63,north
p12689,Person,18,east
p12690,Person,27,east
p12691,Person,22,central
p12692,Person,55,central
p12693,Person,36,central
p12694,Person,69,east
p12695,Person,72,west
p12696,Person,51,south
p12697,Person,39,central
p12698,Person,69,east
p12699,Person,20,west
p12700,Person,47,east
p12701,Person,45,north
p12702,Person,34,east
p12703,Person,34,east
p12704,Person,40,west
p12705,Person,45,central
p12706,Person,58,south
p12707,Person,69,north
p12708,Person,63,central
p12709,Person,27,west
p12710,Person,26,east
p12711,Person,29,west
p12712,Person,34,east
p12713,Person,63,west
p12714,Person,53,west
p12715,Person,50,east
p12716,Person,36,north
p12717,Person,31,east
p12718,Person,67,west
p12719,Person,40,east
p12720,Person,46,central
p12721,Person,40,north
p12722,Person,37,west
p12723,Person,43,central
p12724,Person,24,central
p12725,Person,30,central
p12726,Person,68,east
p12727,Person,27,north
p12728,Person,18,central
p12729,Person,48,west
p12730,Person,35,north
p12731,Person,73,west
p12732,Person,23,north
p12733,Person,46,south
p12734,Person,48,east
p12735,Person,59,west
p12736,Person,52,east
p12737,Person,29,west
p12738,Person,53,south
p12739,Person,76,north
p12740,Person,21,south
p12741,Person,38,south
p12742,Person,20,central
p12743,Person,34,south
p12744,Person,63,central
p12745,Person,47,east
p12746,Person,55,west
p12747,Person,67,east
p12748,Person,51,central
p12749,Person,31,north
p12750,Person,50,central
p12751,Person,65,central
p12752,Person,32,north
p12753,Person,67,north
p12754,Person,45,south
p12755,Person,29,south
p12756,Person,74,central
p12757,Person,31,east
p12758,Person,74,north
p12759,Person,43,south
p12760,Person,39,north
p12761,Person,34,south
p12762,Person,20,west
p12763,Person,30,south
p12764,Person,60,south
p12765,Person,31,west
p12766,Person,30,south
p12767,Person,45,west
p12768,Person,48,central
p12769,Person,29,east
p12770,Person,38,central
p12771,Person,77,central
p12772,Person,51,south
p12773,Person,73,east
p12774,Person,50,north
p12775,Person,62,east
p12776,Person,63,central
p12777,Person,51,east
p12778,Person,31,north
p12779,Person,36,north
p12780,Person,18,central
p12781,Person,47,east
p12782,Person,68,central
p12783,Person,33,central
p12784,Person,66,central
p12785,Person,55,south
p12786,Person,57,south
p12787,Person,20,west
p12788,Person,73,west
p12789,Person,67,north
p12790,Person,72,central
p12791,Person,56,north
p12792,Person,38,central
p12793,Person,44,west
p12794,Person,67,north
p12795,Person,25,south
p12796,Person,23,central
p12797,Person,67,south
p12798,Person,76,north
p12799,Person,62,central
p12800,Person,18,north
p12801,Person,19,east
p12802,Person,64,west
p12803,Person,26,west
p12804,Person,22,central
p12805,Person,47,west
p12806,Person,22,north
p12807,Person,60,north
p12808,Person,50,central
p12809,Person,57,west
p12810,Person,26,south
p12811,Person,46,west
p12812,Person,64,south
p12813,Person,55,west
p12814,Person,22,south
p12815,Person,63,central
p12816,Person,75,north
p12817,Person,47,south
p12818,Person,19,central
p12819,Person,55,north
p12820,Person,25,north
p12821,Person,35,north
p12822,Person,52,west
p12823,Person,35,south
p12824,Person,61,central
p12825,Person,73,south
p12826,Person,72,east
p12827,Person,65,west
p12828,Person,77,north
p12829,Person,29,west
p12830,Person,61,west
p12831,Person,73,east
p12832,Person,52,west
p12833,Person,70,central
p12834,Person,60,south
p12835,Person,47,south
p12836,Person,26,north
p12837,Person,19,north
p12838,Person,64,south
p12839,Person,77,central
p12840,Person,44,south
p12841,Person,72,north
p12842,Person,74,central
p12843,Person,32,central
p12844,Person,35,north
p12845,Person,60,west
p12846,Person,23,west
p12847,Person,69,central
p12848,Person,30,south
p12849,Person,64,south
p12850,Person,49,west
p12851,Person,23,south
p12852,Person,57,west
p12853,Person,40,south
p12854,Person,39,west
p12855,Person,74,south
p12856,Person,64,south
p12857,Person,60,west
p12858,Person,38,east
p12859,Person,21,west
p12860,Person,43,east
p12861,Person,20,central
p12862,Person,59,north
p12863,Person,66,south
p12864,Person,62,west
p12865,Person,25,south
p12866,Person,65,central
p12867,Person,67,south
p12868,Person,20,central
p12869,Person,59,south
p12870,Person,46,north
p12871,Person,50,west
p12872,Person,41,west
p12873,Person,59,east
p12874,Person,47,south
p12875,Person,56,west
p12876,Person,32,west
p12877,Person,72,north
p12878,Person,31,south
p12879,Person,23,central
p12880,Person,59,east
p12881,Person,74,south
p12882,Person,62,south
p12883,Person,28,south
p12884,Person,76,south
p12885,Person,30,south
p12886,Person,57,east
p12887,Person,19,north
p12888,Person,29,north
p12889,Person,34,south
p12890,Person,36,central
p12891,Person,27,central
p12892,Person,39,west
p12893,Person,73,south
p12894,Person,52,east
p12895,Person,45,west
p12896,Person,44,south
p12897,Person,29,south
p12898,Person,71,north
p12899,Person,29,north
p12900,Person,45,south
p12901,Person,18,west
p12902,Person,25,central
p12903,Person,46,north
p12904,Person,41,west
p12905,Person,35,west
p12906,Person,75,east
p12907,Person,58,west
p12908,Person,18,central
p12909,Person,68,west
p12910,Person,48,south
p12911,Person,53,north
p12912,Person,18,west
p12913,Person,24,south
p12914,Person,23,central
p12915,Person,61,south
p12916,Person,57,west
p12917,Person,46,south
p12918,Person,73,north
p12919,Person,67,east
p12920,Person,40,north
p12921,Person,56,west
p12922,Person,34,central
p12923,Person,73,east
p12924,Person,27,west
p12925,Person,68,west
p12926,Person,27,west
p12927,Person,54,north
p12928,Person,29,west
p12929,Person,26,central
p12930,Person,49,west
p12931,Person,31,south
p12932,Person,34,north
p12933,Person,67,central
p12934,Person,45,east
p12935,Person,58,central
p12936,Person,49,west
p12937,Person,76,east
p12938,Person,56,east
p12939,Person,53,central
p12940,Person,58,central
p12941,Person,52,west
p12942,Person,72,west
p12943,Person,48,central
p12944,Person,76,central
p12945,Person,59,west
p12946,Person,29,west
p12947,Person,35,south
p12948,Person,65,north
p12949,Person,24,south
p12950,Person,70,west
p12951,Person,33,west
p12952,Person,67,east
p12953,Person,43,south
p12954,Person,30,central
p12955,Person,54,central
p12956,Person,28,north
p12957,Person,70,central
p12958,Person,73,central
p12959,Person,64,south
p12960,Person,22,south
p12961,Person,48,west
p12962,Person,76,north
p12963,Person,74,north
p12964,Person,67,central
p12965,Person,36,south
p12966,Person,38,central
p12967,Person,27,north
p12968,Person,23,east
p12969,Person,76,east
p12970,Person,49,east
p12971,Person,29,central
p12972,Person,61,west
p12973,Person,46,east
p12974,Person,75,south
p12975,Person,75,east
p12976,Person,50,south
p12977,Person,24,central
p12978,Person,32,west
p12979,Person,29,central
p12980,Person,58,central
p12981,Person,41,east
p12982,Person,43,west
p12983,Person,69,south
p12984,Person,47,west
p12985,Person,33,west
p12986,Person,22,south
p12987,Person,49,west
p12988,Person,67,east
p12989,Person,33,central
p12990,Person,40,west
p12991,Person,64,central
p12992,Person,23,west
p12993,Person,18,east
p12994,Person,32,west
p12995,Person,56,west
p12996,Person,39,north
p12997,Person,66,central
p12998,Person,21,west
p12999,Person,72,north
p13000,Person,20,south
p13001,Person,64,north
p13002,Person,45,west
p13003,Person,46,east
p13004,Person,18,east
p13005,Person,56,west
p13006,Person,58,north
p13007,Person,33,south
p13008,Person,36,west
p13009,Person,34,west
p13010,Person,18,west
p13011,Person,71,south
p13012,Person,52,west
p13013,Person,24,east
p13014,Person,56,west
p13015,Person,23,east
p13016,Person,63,central
p13017,Person,33,east
p13018,Person,69,south
p13019,Person,60,east
p13020,Person,34,south
p13021,Person,66,south
p13022,Person,41,north
p13023,Person,49,west
p13024,Person,69,south
p13025,Person,60,east
p13026,Person,71,south
p13027,Person,43,east
p13028,Person,59,east
p13029,Person,66,central
p13030,Person,28,north
p13031,Person,33,west
p13032,Person,44,south
p13033,Person,61,west
p13034,Person,62,south
p13035,Person,64,north
p13036,Person,69,central
p13037,Person,18,south
p13038,Person,20,central
p13039,Person,74,central
p13040,Person,61,west
p13041,Person,42,west
p13042,Person,21,east
p13043,Person,37,south
p13044,Person,20,north
p13045,Person,42,east
p13046,Person,62,west
p13047,Person,40,central
p13048,Person,28,west
p13049,Person,40,east
p13050,Person,51,south
p13051,Person,40,central
p13052,Person,32,east
p13053,Person,75,west
p13054,Person,58,west
p13055,Person,46,west
p13056,Person,25,north
p13057,Person,48,east
p13058,Person,28,east
p13059,Person,54,north
p13060,Person,60,central
p13061,Person,66,south
p13062,Person,61,east
p13063,Person,35,south
p13064,Person,52,east
p13065,Person,68,south
p13066,Person,66,north
p13067,Person,67,east
p13068,Person,34,central
p13069,Person,22,east
p13070,Person,61,west
p13071,Person,61,west
p13072,Person,18,south
p13073,Person,19,south
p13074,Person,59,west
p13075,Person,41,west
p13076,Person,40,south
p13077,Person,29,central
p13078,Person,28,central
p13079,Person,42,west
p13080,Person,65,central
p13081,Person,63,east
p13082,Person,34,west
p13083,Person,19,south
p13084,Person,48,east
p13085,Person,19,west
p13086,Person,27,central
p13087,Person,27,central
p13088,Person,73,south
p13089,Person,31,south
p13090,Person,72,south
p13091,Person,67,central
p13092,Person,26,east
p13093,Person,35,north
p13094,Person,58,north
p13095,Person,65,central
p13096,Person,32,west
p13097,Person,30,east
p13098,Person,26,south
p13099,Person,70,south
p13100,Person,25,north
p13101,Person,31,central
p13102,Person,49,south
p13103,Person,64,east
p13104,Person,62,east
p13105,Person,33,central
p13106,Person,50,east
p13107,Person,56,south
p13108,Person,47,west
p13109,Person,32,central
p13110,Person,46,east
p13111,Person,41,east
p13112,Person,69,west
p13113,Person,37,west
p13114,Person,73,central
p13115,Person,36,east
p13116,Person,72,central
p13117,Person,39,west
p13118,Person,62,east
p13119,Person,19,central
p13120,Person,32,east
p13121,Person,67,north
p13122,Person,57,central
p13123,Person,29,west
p13124,Person,65,central
p13125,Person,37,east
p13126,Person,34,north
p13127,Person,36,east
p13128,Person,51,south
p13129,Person,46,north
p13130,Person,74,west
p13131,Person,44,east
p13132,Person,22,east
p13133,Person,27,south
p13134,Person,60,east
p13135,Person,42,east
p13136,Person,40,north
p13137,Person,66,west
p13138,Person,36,south
p13139,Person,22,east
p13140,Person,73,south
p13141,Person,23,central
p13142,Person,31,south
p13143,Person,71,north
p13144,Person,67,central
p13145,Person,42,north
p13146,Person,25,south
p13147,Person,63,central
p13148,Person,70,central
p13149,Person,65,south
p13150,Person,70,central
p13151,Person,46,west
p13152,Person,65,north
p13153,Person,42,north
p13154,Person,69,south
p13155,Person,29,east
p13156,Person,24,east
p13157,Person,55,north
p13158,Person,61,central
p13159,Person,70,north
p13160,Person,46,north
p13161,Person,68,central
p13162,Person,51,east
p13163,Person,27,south
p13164,Person,58,south
p13165,Person,59,central
p13166,Person,28,south
p13167,Person,30,central
p13168,Person,26,east
p13169,Person,51,south
p13170,Person,54,west
p13171,Person,55,north
p13172,Person,66,south
p13173,Person,43,east
p13174,Person,33,west
p13175,Person,23,south
p13176,Person,18,east
p13177,Person,26,east
p13178,Person,30,north
p13179,Person,74,north
p13180,Person,45,west
p13181,Person,37,central
p13182,Person,71,north
p13183,Person,67,south
p13184,Person,35,north
p13185,Person,49,west
p13186,Person,34,west
p13187,Person,42,south
p13188,Person,18,east
p13189,Person,62,west
p13190,Person,67,east
p13191,Person,50,north
p13192,Person,62,west
p13193,Person,64,east
p13194,Person,77,west
p13195,Person,44,west
p13196,Person,51,central
p13197,Person,22,south
p13198,Person,40,west
p13199,Person,41,north
p13200,Person,34,central
p13201,Person,37,south
p13202,Person,66,central
p13203,Person,30,west
p13204,Person,74,south
p13205,Person,55,west
p13206,Person,64,west
p13207,Person,21,central
p13208,Person,29,east
p13209,Person,44,central
p13210,Person,60,north
p13211,Person,22,west
p13212,Person,49,west
p13213,Person,20,south
p13214,Person,70,north
p13215,Person,62,west
p13216,Person,55,east
p13217,Person,44,east
p13218,Person,68,north
p13219,Person,66,east
p13220,Person,52,east
p13221,Person,72,central
p13222,Person,33,north
p13223,Person,41,central
p13224,Person,62,south
p13225,Person,44,east
p13226,Person,73,west
p13227,Person,18,north
p13228,Person,68,north
p13229,Person,19,north
p13230,Person,69,east
p13231,Person,33,north
p13232,Person,24,west
p13233,Person,41,south
p13234,Person,40,north
p13235,Person,26,east
p13236,Person,21,north
p13237,Person,30,south
p13238,Person,26,central
p13239,Person,50,central
p13240,Person,48,east
p13241,Person,53,north
p13242,Person,26,north
p13243,Person,27,south
p13244,Person,24,north
p13245,Person,29,west
p13246,Person,76,central
p13247,Person,44,north
p13248,Person,61,east
p13249,Person,23,south
p13250,Person,48,east
p13251,Person,60,east
p13252,Person,52,west
p13253,Person,77,south
p13254,Person,41,west
p13255,Person,28,west
p13256,Person,49,north
p13257,Person,20,south
p13258,Person,53,north
p13259,Person,77,south
p13260,Person,26,west
p13261,Person,69,south
p13262,Person,28,central
p13263,Person,53,south
p13264,Person,76,north
p13265,Person,31,north
p13266,Person,35,north
p13267,Person,21,central
p13268,Person,49,west
p13269,Person,58,south
p13270,Person,44,north
p13271,Person,46,south
p13272,Person,67,south
p13273,Person,45,west
p13274,Person,33,north
p13275,Person,51,east
p13276,Person,41,central
p13277,Person,37,west
p13278,Person,42,north
p13279,Person,63,north
p13280,Person,57,east
p13281,Person,49,north
p13282,Person,18,south
p13283,Person,74,east
p13284,Person,46,west
p13285,Person,18,central
p13286,Person,47,south
p13287,Person,62,west
p13288,Person,19,south
p13289,Person,54,south
p13290,Person,46,west
p13291,Person,76,central
p13292,Person,71,south
p13293,Person,58,central
p13294,Person,57,central
p13295,Person,18,east
p13296,Person,39,north
p13297,Person,55,central
p13298,Person,68,north
p13299,Person,62,west
p13300,Person,37,east
p13301,Person,71,central
p13302,Person,31,west
p13303,Person,36,south
p13304,Person,37,north
p13305,Person,49,west
p13306,Person,67,west
p13307,Person,59,west
p13308,Person,35,west
p13309,Person,46,west
p13310,Person,57,south
p13311,Person,33,central
p13312,Person,60,east
p13313,Person,71,central
p13314,Person,44,central
p13315,Person,60,central
p13316,Person,63,west
p13317,Person,28,east
p13318,Person,51,west
p13319,Person,41,west
p13320,Person,65,north
p13321,Person,29,west
p13322,Person,54,central
p13323,Person,68,north
p13324,Person,21,central
p13325,Person,53,south
p13326,Person,18,east
p13327,Person,39,west
p13328,Person,24,south
p13329,Person,27,west
p13330,Person,51,west
p13331,Person,68,west
p13332,Person,21,south
p13333,Person,50,east
p13334,Person,76,central
p13335,Person,41,south
p13336,Person,36,north
p13337,Person,77,west
p13338,Person,74,west
p13339,Person,32,south
p13340,Person,48,south
p13341,Person,18,north
p13342,Person,74,west
p13343,Person,62,east
p13344,Person,49,south
p13345,Person,29,west
p13346,Person,57,east
p13347,Person,34,west
p13348,Person,35,east
p13349,Person,77,central
p13350,Person,32,south
p13351,Person,28,south
p13352,Person,56,east
p13353,Person,21,north
p13354,Person,71,north
p13355,Person,50,central
p13356,Person,41,central
p13357,Person,73,central
p13358,Person,52,north
p13359,Person,48,east
p13360,Person,26,central
p13361,Person,46,south
p13362,Person,22,west
p13363,Person,77,north
p13364,Person,77,west
p13365,Person,58,west
p13366,Person,44,north
p13367,Person,70,central
p13368,Person,21,central
p13369,Person,72,west
p13370,Person,45,north
p13371,Person,37,west
p13372,Person,62,west
p13373,Person,23,east
p13374,Person,38,south
p13375,Person,74,central
p13376,Person,46,north
p13377,Person,20,south
p13378,Person,47,central
p13379,Person,46,central
p13380,Person,57,central
p13381,Person,69,south
p13382,Person,31,north
p13383,Person,19,south
p13384,Person,55,north
p13385,Person,25,west
p13386,Person,32,east
p13387,Person,26,north
p13388,Person,60,north
p13389,Person,45,central
p13390,Person,30,west
p13391,Person,51,south
p13392,Person,47,west
p13393,Person,58,south
p13394,Person,33,south
p13395,Person,22,south
p13396,Person,75,central
p13397,Person,64,central
p13398,Person,30,east
p13399,Person,67,north
p13400,Person,34,south
p13401,Person,35,north
p13402,Person,59,west
p13403,Person,30,central
p13404,Person,77,south
p13405,Person,67,north
p13406,Person,60,south
p13407,Person,19,central
p13408,Person,26,north
p13409,Person,57,central
p13410,Person,48,south
p13411,Person,24,east
p13412,Person,38,central
p13413,Person,76,south
p13414,Person,72,west
p13415,Person,28,central
p13416,Person,21,south
p13417,Person,57,south
p13418,Person,45,south
p13419,Person,42,north
p13420,Person,62,east
p13421,Person,63,central
p13422,Person,44,south
p13423,Person,40,north
p13424,Person,46,south
p13425,Person,23,south
p13426,Person,49,east
p13427,Person,52,south
p13428,Person,69,east
p13429,Person,66,east
p13430,Person,24,south
p13431,Person,68,north
p13432,Person,69,north
p13433,Person,70,north
p13434,Person,45,central
p13435,Person,54,central
p13436,Person,63,east
p13437,Person,22,central
p13438,Person,31,south
p13439,Person,46,north
p13440,Person,25,west
p13441,Person,71,east
p13442,Person,61,north
p13443,Person,52,central
p13444,Person,21,central
p13445,Person,33,west
p13446,Person,32,central
p13447,Person,33,east
p13448,Person,32,west
p13449,Person,45,central
p13450,Person,60,east
p13451,Person,21,central
p13452,Person,42,west
p13453,Person,32,west
p13454,Person,55,central
p13455,Person,33,south
p13456,Person,39,central
p13457,Person,46,north
p13458,Person,55,east
p13459,Person,61,central
p13460,Person,77,north
p13461,Person,39,north
p13462,Person,40,north
p13463,Person,32,east
p13464,Person,41,east
p13465,Person,31,west
p13466,Person,48,central
p13467,Person,66,west
p13468,Person,37,east
p13469,Person,40,central
p13470,Person,50,east
p13471,Person,48,north
p13472,Person,28,north
p13473,Person,45,north
p13474,Person,73,west
p13475,Person,74,central
p13476,Person,18,north
p13477,Person,72,east
p13478,Person,34,west
p13479,Person,26,north
p13480,Person,22,central
p13481,Person,62,south
p13482,Person,64,north
p13483,Person,19,south
p13484,Person,48,north
p13485,Person,35,west
p13486,Person,42,south
p13487,Person,45,east
p13488,Person,27,east
p13489,Person,74,east
p13490,Person,22,north
p13491,Person,51,north
p13492,Person,37,east
p13493,Person,37,south
p13494,Person,32,central
p13495,Person,52,south
p13496,Person,55,west
p13497,Person,32,east
p13498,Person,55,north
p13499,Person,77,south
p13500,Person,39,central
p13501,Person,51,central
p13502,Person,38,central
p13503,Person,61,west
p13504,Person,32,west
p13505,Person,31,south
p13506,Person,33,north
p13507,Person,18,central
p13508,Person,47,south
p13509,Person,77,central
p13510,Person,54,east
p13511,Person,57,south
p13512,Person,40,east
p13513,Person,43,south
p13514,Person,50,north
p13515,Person,54,north
p13516,Person,76,south
p13517,Person,61,south
p13518,Person,59,central
p13519,Person,55,north
p13520,Person,37,south
p13521,Person,44,north
p13522,Person,19,north
p13523,Person,35,west
p13524,Person,61,north
p13525,Person,55,west
p13526,Person,42,west
p13527,Person,26,west
p13528,Person,48,central
p13529,Person,58,west
p13530,Person,28,south
p13531,Person,20,south
p13532,Person,69,south
p13533,Person,66,east
p13534,Person,18,central
p13535,Person,39,west
p13536,Person,68,west
p13537,Person,73,north
p13538,Person,20,central
p13539,Person,41,north
p13540,Person,66,central
p13541,Person,21,west
p13542,Person,26,east
p13543,Person,76,north
p13544,Person,57,central
p13545,Person,67,north
p13546,Person,18,east
p13547,Person,77,central
p13548,Person,38,south
p13549,Person,48,east
p13550,Person,43,central
p13551,Person,62,west
p13552,Person,55,north
p13553,Person,46,east
p13554,Person,29,central
p13555,Person,73,central
p13556,Person,77,north
p13557,Person,44,central
p13558,Person,43,east
p13559,Person,52,south
p13560,Person,58,central
p13561,Person,76,east
p13562,Person,27,west
p13563,Person,74,east
p13564,Person,41,north
p13565,Person,59,north
p13566,Person,25,west
p13567,Person,33,north
p13568,Person,62,west
p13569,Person,68,central
p13570,Person,52,west
p13571,Person,19,central
p13572,Person,39,south
p13573,Person,20,central
p13574,Person,38,east
p13575,Person,53,central
p13576,Person,64,south
p13577,Person,26,north
p13578,Person,71,east
p13579,Person,44,central
p13580,Person,76,central
p13581,Person,65,west
p13582,Person,62,east
p13583,Person,26,south
p13584,Person,63,west
p13585,Person,54,south
p13586,Person,58,west
p13587,Person,37,west
p13588,Person,21,north
p13589,Person,62,central
p13590,Person,33,east
p13591,Person,38,east
p13592,Person,23,south
p13593,Person,18,north
p13594,Person,43,west
p13595,Person,28,north
p13596,Person,34,north
p13597,Person,41,north
p13598,Person,24,south
p13599,Person,54,west
p13600,Person,66,south
p13601,Person,42,east
p13602,Person,42,west
p13603,Person,29,south
p13604,Person,24,west
p13605,Person,54,east
p13606,Person,54,south
p13607,Person,77,north
p13608,Person,76,south
p13609,Person,44,south
p13610,Person,58,north
p13611,Person,62,south
p13612,Person,20,west
p13613,Person,22,west
p13614,Person,59,east
p13615,Person,55,central
p13616,Person,77,east
p13617,Person,68,west
p13618,Person,39,west
p13619,Person,42,central
p13620,Person,44,west
p13621,Person,33,west
p13622,Person,45,east
p13623,Person,58,east
p13624,Person,36,south
p13625,Person,29,south
p13626,Person,42,south
p13627,Person,50,central
p13628,Person,57,central
p13629,Person,63,south
p13630,Person,69,central
p13631,Person,37,west
p13632,Person,37,central
p13633,Person,42,central
p13634,Person,18,central
p13635,Person,60,north
p13636,Person,59,north
p13637,Person,34,south
p13638,Person,69,east
p13639,Person,66,south
p13640,Person,18,west
p13641,Person,65,central
p13642,Person,77,south
p13643,Person,20,north
p13644,Person,61,south
p13645,Person,33,south
p13646,Person,46,north
p13647,Person,26,central
p13648,Person,61,east
p13649,Person,50,west
p13650,Person,62,central
p13651,Person,67,east
p13652,Person,42,south
p13653,Person,27,south
p13654,Person,57,north
p13655,Person,18,west
p13656,Person,27,north
p13657,Person,31,west
p13658,Person,30,central
p13659,Person,75,west
p13660,Person,18,south
p13661,Person,35,central
p13662,Person,59,west
p13663,Person,59,east
p13664,Person,38,west
p13665,Person,21,east
p13666,Person,36,west
p13667,Person,50,north
p13668,Person,69,south
p13669,Person,57,south
p13670,Person,74,west
p13671,Person,35,north
p13672,Person,32,west
p13673,Person,72,central
p13674,Person,41,south
p13675,Person,53,south
p13676,Person,48,south
p13677,Person,62,south
p13678,Person,24,north
p13679,Person,20,east
p13680,Person,47,north
p13681,Person,69,south
p13682,Person,23,central
p13683,Person,49,central
p13684,Person,54,east
p13685,Person,47,central
p13686,Person,66,south
p13687,Person,42,south
p13688,Person,22,south
p13689,Person,59,south
p13690,Person,36,east
p13691,Person,31,south
p13692,Person,59,east
p13693,Person,26,south
p13694,Person,33,north
p13695,Person,42,central
p13696,Person,36,north
p13697,Person,47,east
p13698,Person,54,central
p13699,Person,35,south
p13700,Person,56,north
p13701,Person,50,north
p13702,Person,42,west
p13703,Person,46,central
p13704,Person,58,east
p13705,Person,24,east
p13706,Person,49,east
p13707,Person,41,central
p13708,Person,28,north
p13709,Person,52,central
p13710,Person,18,central
p13711,Person,71,north
p13712,Person,18,south
p13713,Person,76,west
p13714,Person,43,central
p13715,Person,76,north
p13716,Person,46,east
p13717,Person,69,south
p13718,Person,50,west
p13719,Person,54,central
p13720,Person,72,central
p13721,Person,56,south
p13722,Person,24,south
p13723,Person,27,east
p13724,Person,63,north
p13725,Person,60,east
p13726,Person,33,west
p13727,Person,74,north
p13728,Person,25,west
p13729,Person,50,north
p13730,Person,40,north
p13731,Person,72,west
p13732,Person,29,east
p13733,Person,64,north
p13734,Person,47,north
p13735,Person,63,south
p13736,Person,36,central
p13737,Person,32,central
p13738,Person,18,west
p13739,Person,72,north
p13740,Person,44,west
p13741,Person,31,east
p13742,Person,18,east
p13743,Person,28,west
p13744,Person,27,west
p13745,Person,45,central
p13746,Person,19,south
p13747,Person,42,south
p13748,Person,23,east
p13749,Person,54,central
p13750,Person,40,north
p13751,Person,30,south
p13752,Person,24,west
p13753,Person,37,west
p13754,Person,40,east
p13755,Person,41,south
p13756,Person,33,north
p13757,Person,69,east
p13758,Person,19,south
p13759,Person,57,west
p13760,Person,67,central
p13761,Person,73,central
p13762,Person,61,south
p13763,Person,67,south
p13764,Person,40,central
p13765,Person,28,south
p13766,Person,67,central
p13767,Person,45,east
p13768,Person,39,east
p13769,Person,46,south
p13770,Person,43,east
p13771,Person,34,north
p13772,Person,37,west
p13773,Person,60,east
p13774,Person,55,central
p13775,Person,63,west
p13776,Person,28,west
p13777,Person,56,south
p13778,Person,47,north
p13779,Person,47,west
p13780,Person,49,north
p13781,Person,27,central
p13782,Person,20,north
p13783,Person,66,west
p13784,Person,51,south
p13785,Person,28,south
p13786,Person,49,north
p13787,Person,35,central
p13788,Person,55,south
p13789,Person,44,north
p13790,Person,22,east
p13791,Person,42,north
p13792,Person,48,south
p13793,Person,51,north
p13794,Person,75,east
p13795,Person,60,east
p13796,Person,36,central
p13797,Person,51,west
p13798,Person,39,east
p13799,Person,22,central
p13800,Person,21,west
p13801,Person,55,south
p13802,Person,35,north
p13803,Person,34,south
p13804,Person,66,north
p13805,Person,51,south
p13806,Person,44,east
p13807,Person,22,east
p13808,Person,44,west
p13809,Person,59,west
p13810,Person,64,east
p13811,Person,21,central
p13812,Person,60,north
p13813,Person,57,south
p13814,Person,73,north
p13815,Person,45,central
p13816,Person,69,west
p13817,Person,23,west
p13818,Person,33,south
p13819,Person,45,north
p13820,Person,25,south
p13821,Person,74,north
p13822,Person,22,north
p13823,Person,69,east
p13824,Person,56,west
p13825,Person,39,south
p13826,Person,55,west
p13827,Person,65,south
p13828,Person,33,west
p13829,Person,45,south
p13830,Person,31,east
p13831,Person,53,east
p13832,Person,22,central
p13833,Person,61,north
p13834,Person,30,central
p13835,Person,45,east
p13836,Person,25,west
p13837,Person,72,central
p13838,Person,74,east
p13839,Person,24,east
p13840,Person,77,east
p13841,Person,53,central
p13842,Person,45,west
p13843,Person,47,south
p13844,Person,75,central
p13845,Person,18,central
p13846,Person,23,east
p13847,Person,56,north
p13848,Person,33,east
p13849,Person,61,east
p13850,Person,69,south
p13851,Person,20,central
p13852,Person,61,south
p13853,Person,70,south
p13854,Person,73,central
p13855,Person,51,central
p13856,Person,22,central
p13857,Person,27,west
p13858,Person,72,west
p13859,Person,70,south
p13860,Person,20,west
p13861,Person,20,north
p13862,Person,26,south
p13863,Person,42,central
p13864,Person,71,north
p13865,Person,34,east
p13866,Person,49,central
p13867,Person,26,south
p13868,Person,76,north
p13869,Person,64,central
p13870,Person,39,south
p13871,Person,62,north
p13872,Person,26,central
p13873,Person,42,south
p13874,Person,30,west
p13875,Person,19,west
p13876,Person,74,east
p13877,Person,46,central
p13878,Person,49,south
p13879,Person,75,east
p13880,Person,59,west
p13881,Person,48,south
p13882,Person,42,north
p13883,Person,70,south
p13884,Person,47,north
p13885,Person,50,north
p13886,Person,51,west
p13887,Person,40,central
p13888,Person,72,west
p13889,Person,77,east
p13890,Person,50,east
p13891,Person,69,central
p13892,Person,22,south
p13893,Person,51,central
p13894,Person,39,west
p13895,Person,21,north
p13896,Person,48,east
p13897,Person,73,west
p13898,Person,38,north
p13899,Person,62,central
p13900,Person,44,west
p13901,Person,41,west
p13902,Person,33,central
p13903,Person,41,central
p13904,Person,55,south
p13905,Person,66,east
p13906,Person,49,east
p13907,Person,25,south
p13908,Person,49,central
p13909,Person,57,north
p13910,Person,34,east
p13911,Person,68,central
p13912,Person,40,central
p13913,Person,54,east
p13914,Person,47,west
p13915,Person,23,east
p13916,Person,48,east
p13917,Person,61,central
p13918,Person,62,west
p13919,Person,64,east
p13920,Person,76,east
p13921,Person,71,west
p13922,Person,68,south
p13923,Person,28,north
p13924,Person,22,central
p13925,Person,77,east
p13926,Person,50,north
p13927,Person,32,east
p13928,Person,65,south
p13929,Person,68,west
p13930,Person,32,east
p13931,Person,27,south
p13932,Person,58,north
p13933,Person,31,east
p13934,Person,69,east
p13935,Person,53,west
p13936,Person,24,east
p13937,Person,26,north
p13938,Person,29,south
p13939,Person,77,south
p13940,Person,36,east
p13941,Person,63,east
p13942,Person,29,east
p13943,Person,51,west
p13944,Person,32,north
p13945,Person,61,south
p13946,Person,52,south
p13947,Person,38,east
p13948,Person,30,central
p13949,Person,58,north
p13950,Person,31,central
p13951,Person,34,north
p13952,Person,63,west
p13953,Person,28,central
p13954,Person,28,south
p13955,Person,27,west
p13956,Person,64,central
p13957,Person,44,west
p13958,Person,67,east
p13959,Person,71,west
p13960,Person,54,east
p13961,Person,35,south
p13962,Person,20,west
p13963,Person,64,south
p13964,Person,23,east
p13965,Person,22,central
p13966,Person,21,south
p13967,Person,61,central
p13968,Person,43,west
p13969,Person,50,central
p13970,Person,22,central
p13971,Person,53,west
p13972,Person,65,west
p13973,Person,18,north
p13974,Person,60,north
p13975,Person,68,east
p13976,Person,27,north
p13977,Person,36,east
p13978,Person,35,central
p13979,Person,57,east
p13980,Person,31,south
p13981,Person,57,north
p13982,Person,59,central
p13983,Person,43,east
p13984,Person,48,central
p13985,Person,55,east
p13986,Person,73,west
p13987,Person,39,east
p13988,Person,69,west
p13989,Person,56,south
p13990,Person,27,south
p13991,Person,53,east
p13992,Person,21,south
p13993,Person,42,west
p13994,Person,72,east
p13995,Person,60,south
p13996,Person,40,north
p13997,Person,76,east
p13998,Person,55,north
p13999,Person,77,west
p14000,Person,75,north
p14001,Person,55,central
p14002,Person,74,central
p14003,Person,45,south
p14004,Person,71,south
p14005,Person,32,south
p14006,Person,53,east
p14007,Person,24,central
p14008,Person,66,west
p14009,Person,71,east
p14010,Person,45,south
p14011,Person,45,west
p14012,Person,70,west
p14013,Person,35,central
p14014,Person,32,east
p14015,Person,66,east
p14016,Person,66,east
p14017,Person,26,east
p14018,Person,69,central
p14019,Person,76,north
p14020,Person,54,north
p14021,Person,64,central
p14022,Person,26,west
p14023,Person,56,east
p14024,Person,28,north
p14025,Person,61,central
p14026,Person,23,west
p14027,Person,26,east
p14028,Person,49,central
p14029,Person,22,west
p14030,Person,68,west
p14031,Person,72,central
p14032,Person,71,south
p14033,Person,76,east
p14034,Person,67,north
p14035,Person,24,east
p14036,Person,47,south
p14037,Person,29,west
p14038,Person,25,east
p14039,Person,52,west
p14040,Person,62,east
p14041,Person,38,north
p14042,Person,61,east
p14043,Person,18,south
p14044,Person,33,north
p14045,Person,31,central
p14046,Person,49,north
p14047,Person,33,east
p14048,Person,54,south
p14049,Person,36,north
p14050,Person,53,east
p14051,Person,37,east
p14052,Person,41,south
p14053,Person,54,central
p14054,Person,75,north
p14055,Person,69,north
p14056,Person,75,south
p14057,Person,63,east
p14058,Person,22,east
p14059,Person,21,east
p14060,Person,75,south
p14061,Person,71,north
p14062,Person,22,west
p14063,Person,24,central
p14064,Person,33,central
p14065,Person,37,north
p14066,Person,74,central
p14067,Person,38,south
p14068,Person,46,south
p14069,Person,38,central
p14070,Person,28,west
p14071,Person,49,east
p14072,Person,50,south
p14073,Person,27,north
p14074,Person,66,south
p14075,Person,27,east
p14076,Person,67,east
p14077,Person,68,central
p14078,Person,53,east
p14079,Person,20,north
p14080,Person,63,north
p14081,Person,46,west
p14082,Person,37,north
p14083,Person,26,south
p14084,Person,31,north
p14085,Person,55,central
p14086,Person,66,west
p14087,Person,74,north
p14088,Person,37,north
p14089,Person,44,east
p14090,Person,30,north
p14091,Person,18,west
p14092,Person,18,central
p14093,Person,63,east
p14094,Person,40,south
p14095,Person,77,west
p14096,Person,41,north
p14097,Person,63,east
p14098,Person,26,north
p14099,Person,23,east
p14100,Person,47,south
p14101,Person,73,west
p14102,Person,27,west
p14103,Person,51,north
p14104,Person,62,south
p14105,Person,62,east
p14106,Person,61,east
p14107,Person,26,west
p14108,Person,45,south
p14109,Person,77,south
p14110,Person,50,west
p14111,Person,76,east
p14112,Person,30,east
p14113,Person,29,north
p14114,Person,61,south
p14115,Person,31,north
p14116,Person,30,west
p14117,Person,46,south
p14118,Person,43,south
p14119,Person,43,east
p14120,Person,74,east
p14121,Person,43,south
p14122,Person,27,central
p14123,Person,19,south
p14124,Person,65,south
p14125,Person,77,west
p14126,Person,38,north
p14127,Person,18,north
p14128,Person,75,west
p14129,Person,72,east
p14130,Person,72,east
p14131,Person,33,west
p14132,Person,36,north
p14133,Person,22,central
p14134,Person,66,west
p14135,Person,48,north
p14136,Person,40,west
p14137,Person,44,west
p14138,Person,26,north
p14139,Person,64,east
p14140,Person,23,central
p14141,Person,31,east
p14142,Person,47,south
p14143,Person,30,west
p14144,Person,39,central
p14145,Person,50,north
p14146,Person,23,east
p14147,Person,70,south
p14148,Person,47,west
p14149,Person,73,central
p14150,Person,71,west
p14151,Person,45,north
p14152,Person,61,central
p14153,Person,31,west
p14154,Person,29,west
p14155,Person,44,south
p14156,Person,68,west
p14157,Person,32,central
p14158,Person,56,east
p14159,Person,48,central
p14160,Person,31,east
p14161,Person,68,central
p14162,Person,42,central
p14163,Person,71,central
p14164,Person,31,north
p14165,Person,56,central
p14166,Person,18,north
p14167,Person,30,south
p14168,Person,19,south
p14169,Person,53,south
p14170,Person,57,north
p14171,Person,38,west
p14172,Person,55,east
p14173,Person,58,north
p14174,Person,54,south
p14175,Person,37,east
p14176,Person,49,north
p14177,Person,52,west
p14178,Person,69,north
p14179,Person,54,north
p14180,Person,56,north
p14181,Person,22,south
p14182,Person,57,south
p14183,Person,50,south
p14184,Person,38,east
p14185,Person,25,central
p14186,Person,21,central
p14187,Person,34,west
p14188,Person,66,central
p14189,Person,51,west
p14190,Person,77,central
p14191,Person,34,central
p14192,Person,27,south
p14193,Person,59,north
p14194,Person,60,west
p14195,Person,27,west
p14196,Person,68,west
p14197,Person,48,south
p14198,Person,67,north
p14199,Person,67,east
p14200,Person,32,south
p14201,Person,22,south
p14202,Person,20,south
p14203,Person,34,central
p14204,Person,47,west
p14205,Person,29,north
p14206,Person,74,north
p14207,Person,21,west
p14208,Person,29,north
p14209,Person,36,west
p14210,Person,60,east
p14211,Person,35,west
p14212,Person,69,west
p14213,Person,73,central
p14214,Person,55,central
p14215,Person,64,east
p14216,Person,44,west
p14217,Person,39,north
p14218,Person,33,central
p14219,Person,41,north
p14220,Person,59,south
p14221,Person,64,central
p14222,Person,66,north
p14223,Person,28,central
p14224,Person,66,south
p14225,Person,32,east
p14226,Person,42,north
p14227,Person,28,east
p14228,Person,20,east
p14229,Person,71,east
p14230,Person,27,west
p14231,Person,19,south
p14232,Person,43,central
p14233,Person,68,north
p14234,Person,25,west
p14235,Person,46,north
p14236,Person,46,east
p14237,Person,18,west
p14238,Person,32,north
p14239,Person,55,north
p14240,Person,40,south
p14241,Person,69,west
p14242,Person,46,east
p14243,Person,52,south
p14244,Person,44,west
p14245,Person,49,central
p14246,Person,45,central
p14247,Person,50,central
p14248,Person,40,south
p14249,Person,22,west
p14250,Person,65,central
p14251,Person,45,east
p14252,Person,41,east
p14253,Person,70,west
p14254,Person,20,east
p14255,Person,45,east
p14256,Person,27,central
p14257,Person,44,south
p14258,Person,67,west
p14259,Person,61,south
p14260,Person,67,west
p14261,Person,22,west
p14262,Person,33,west
p14263,Person,38,north
p14264,Person,56,east
p14265,Person,66,south
p14266,Person,45,west
p14267,Person,76,west
p14268,Person,40,north
p14269,Person,53,west
p14270,Person,50,west
p14271,Person,65,north
p14272,Person,34,south
p14273,Person,60,west
p14274,Person,53,south
p14275,Person,72,west
p14276,Person,46,south
p14277,Person,73,north
p14278,Person,22,east
p14279,Person,70,central
p14280,Person,66,south
p14281,Person,77,central
p14282,Person,18,east
p14283,Person,75,east
p14284,Person,24,central
p14285,Person,48,east
p14286,Person,52,central
p14287,Person,50,central
p14288,Person,18,west
p14289,Person,63,east
p14290,Person,56,central
p14291,Person,24,west
p14292,Person,55,east
p14293,Person,40,central
p14294,Person,24,south
p14295,Person,37,central
p14296,Person,43,west
p14297,Person,50,west
p14298,Person,68,north
p14299,Person,29,east
p14300,Person,60,north
p14301,Person,57,south
p14302,Person,56,west
p14303,Person,31,west
p14304,Person,39,south
p14305,Person,41,south
p14306,Person,61,east
p14307,Person,69,west
p14308,Person,69,north
p14309,Person,74,central
p14310,Person,38,west
p14311,Person,71,south
p14312,Person,52,south
p14313,Person,50,west
p14314,Person,46,east
p14315,Person,41,north
p14316,Person,51,west
p14317,Person,43,south
p14318,Person,37,central
p14319,Person,73,west
p14320,Person,45,south
p14321,Person,19,north
p14322,Person,28,north
p14323,Person,28,east
p14324,Person,43,north
p14325,Person,67,central
p14326,Person,41,west
p14327,Person,72,central
p14328,Person,60,west
p14329,Person,71,north
p14330,Person,21,north
p14331,Person,19,central
p14332,Person,77,central
p14333,Person,31,north
p14334,Person,63,east
p14335,Person,74,central
p14336,Person,64,west
p14337,Person,67,east
p14338,Person,46,south
p14339,Person,43,central
p14340,Person,21,central
p14341,Person,71,west
p14342,Person,41,south
p14343,Person,42,west
p14344,Person,31,west
p14345,Person,46,west
p14346,Person,52,west
p14347,Person,64,south
p14348,Person,46,south
p14349,Person,72,west
p14350,Person,34,east
p14351,Person,77,east
p14352,Person,52,east
p14353,Person,32,central
p14354,Person,73,west
p14355,Person,20,west
p14356,Person,65,west
p14357,Person,30,south
p14358,Person,65,west
p14359,Person,38,north
p14360,Person,32,west
p14361,Person,50,central
p14362,Person,64,east
p14363,Person,63,south
p14364,Person,49,east
p14365,Person,77,central
p14366,Person,58,west
p14367,Person,40,south
p14368,Person,70,north
p14369,Person,62,west
p14370,Person,36,central
p14371,Person,68,east
p14372,Person,33,west
p14373,Person,21,west
p14374,Person,38,west
p14375,Person,20,central
p14376,Person,18,east
p14377,Person,31,east
p14378,Person,62,east
p14379,Person,38,north
p14380,Person,61,south
p14381,Person,77,east
p14382,Person,52,east
p14383,Person,26,south
p14384,Person,40,east
p14385,Person,24,south
p14386,Person,18,north
p14387,Person,36,south
p14388,Person,66,south
p14389,Person,57,central
p14390,Person,34,north
p14391,Person,53,west
p14392,Person,45,south
p14393,Person,25,north
p14394,Person,61,west
p14395,Person,59,north
p14396,Person,64,central
p14397,Person,69,central
p14398,Person,39,north
p14399,Person,29,east
p14400,Person,53,north
p14401,Person,63,central
p14402,Person,40,east
p14403,Person,60,south
p14404,Person,23,north
p14405,Person,56,south
p14406,Person,37,west
p14407,Person,42,west
p14408,Person,68,west
p14409,Person,26,east
p14410,Person,67,north
p14411,Person,56,south
p14412,Person,47,central
p14413,Person,48,south
p14414,Person,49,east
p14415,Person,54,east
p14416,Person,28,central
p14417,Person,76,east
p14418,Person,27,west
p14419,Person,70,north
p14420,Person,52,central
p14421,Person,18,east
p14422,Person,77,east
p14423,Person,21,south
p14424,Person,32,north
p14425,Person,76,west
p14426,Person,76,central
p14427,Person,60,west
p14428,Person,63,central
p14429,Person,27,east
p14430,Person,47,west
p14431,Person,68,central
p14432,Person,73,central
p14433,Person,58,west
p14434,Person,51,west
p14435,Person,72,east
p14436,Person,55,west
p14437,Person,18,north
p14438,Person,77,north
p14439,Person,19,north
p14440,Person,68,central
p14441,Person,42,south
p14442,Person,20,north
p14443,Person,34,central
p14444,Person,74,east
p14445,Person,77,west
p14446,Person,47,south
p14447,Person,22,east
p14448,Person,62,central
p14449,Person,40,south
p14450,Person,64,south
p14451,Person,36,north
p14452,Person,59,south
p14453,Person,71,east
p14454,Person,49,north
p14455,Person,72,central
p14456,Person,72,south
p14457,Person,49,central
p14458,Person,44,central
p14459,Person,47,south
p14460,Person,48,south
p14461,Person,71,central
p14462,Person,48,north
p14463,Person,71,east
p14464,Person,39,south
p14465,Person,55,west
p14466,Person,64,west
p14467,Person,31,east
p14468,Person,47,south
p14469,Person,52,north
p14470,Person,53,central
p14471,Person,62,west
p14472,Person,23,east
p14473,Person,22,east
p14474,Person,22,south
p14475,Person,19,south
p14476,Person,47,central
p14477,Person,68,north
p14478,Person,54,east
p14479,Person,43,central
p14480,Person,38,central
p14481,Person,41,north
p14482,Person,48,north
p14483,Person,24,east
p14484,Person,20,west
p14485,Person,54,south
p14486,Person,45,west
p14487,Person,69,south
p14488,Person,52,central
p14489,Person,27,south
p14490,Person,68,north
p14491,Person,44,central
p14492,Person,26,south
p14493,Person,50,central
p14494,Person,19,east
p14495,Person,57,east
p14496,Person,22,north
p14497,Person,33,west
p14498,Person,23,central
p14499,Person,29,east
p14500,Person,52,central
p14501,Person,63,east
p14502,Person,72,south
p14503,Person,60,west
p14504,Person,76,west
p14505,Person,29,north
p14506,Person,38,west
p14507,Person,54,west
p14508,Person,55,east
p14509,Person,49,west
p14510,Person,51,east
p14511,Person,34,central
p14512,Person,32,north
p14513,Person,26,west
p14514,Person,71,east
p14515,Person,57,north
p14516,Person,63,south
p14517,Person,77,east
p14518,Person,43,east
p14519,Person,69,east
p14520,Person,23,central
p14521,Person,39,central
p14522,Person,43,west
p14523,Person,73,north
p14524,Person,46,west
p14525,Person,59,north
p14526,Person,44,east
p14527,Person,36,east
p14528,Person,77,west
p14529,Person,64,south
p14530,Person,45,central
p14531,Person,49,north
p14532,Person,65,west
p14533,Person,18,central
p14534,Person,57,east
p14535,Person,43,east
p14536,Person,41,south
p14537,Person,24,west
p14538,Person,69,north
p14539,Person,32,west
p14540,Person,33,north
p14541,Person,31,east
p14542,Person,53,west
p14543,Person,74,east
p14544,Person,32,south
p14545,Person,25,south
p14546,Person,49,east
p14547,Person,54,east
p14548,Person,21,west
p14549,Person,20,west
p14550,Person,53,central
p14551,Person,66,north
p14552,Person,47,south
p14553,Person,35,north
p14554,Person,33,north
p14555,Person,42,central
p14556,Person,25,central
p14557,Person,32,west
p14558,Person,60,north
p14559,Person,49,south
p14560,Person,53,central
p14561,Person,22,south
p14562,Person,58,west
p14563,Person,58,south
p14564,Person,49,east
p14565,Person,45,north
p14566,Person,22,central
p14567,Person,44,north
p14568,Person,57,north
p14569,Person,67,south
p14570,Person,74,west
p14571,Person,38,central
p14572,Person,64,west
p14573,Person,72,west
p14574,Person,54,east
p14575,Person,19,south
p14576,Person,74,east
p14577,Person,58,west
p14578,Person,19,central
p14579,Person,59,east
p14580,Person,46,north
p14581,Person,49,west
p14582,Person,76,central
p14583,Person,22,east
p14584,Person,69,central
p14585,Person,71,west
p14586,Person,42,north
p14587,Person,45,south
p14588,Person,68,west
p14589,Person,63,central
p14590,Person,75,east
p14591,Person,65,central
p14592,Person,22,west
p14593,Person,20,north
p14594,Person,46,west
p14595,Person,23,west
p14596,Person,66,west
p14597,Person,53,east
p14598,Person,32,west
p14599,Person,39,east
p14600,Person,73,central
p14601,Person,55,east
p14602,Person,22,south
p14603,Person,56,central
p14604,Person,46,central
p14605,Person,49,central
p14606,Person,26,central
p14607,Person,75,central
p14608,Person,33,west
p14609,Person,23,south
p14610,Person,31,north
p14611,Person,42,north
p14612,Person,28,west
p14613,Person,19,central
p14614,Person,69,west
p14615,Person,22,east
p14616,Person,39,east
p14617,Person,70,south
p14618,Person,21,central
p14619,Person,63,north
p14620,Person,21,west
p14621,Person,28,north
p14622,Person,30,east
p14623,Person,53,central
p14624,Person,25,west
p14625,Person,43,central
p14626,Person,60,south
p14627,Person,22,east
p14628,Person,59,central
p14629,Person,41,central
p14630,Person,23,south
p14631,Person,60,south
p14632,Person,36,west
p14633,Person,64,central
p14634,Person,35,west
p14635,Person,51,south
p14636,Person,37,north
p14637,Person,71,north
p14638,Person,38,south
p14639,Person,57,central
p14640,Person,43,east
p14641,Person,19,east
p14642,Person,60,west
p14643,Person,51,north
p14644,Person,46,north
p14645,Person,56,north
p14646,Person,69,east
p14647,Person,60,north
p14648,Person,28,central
p14649,Person,34,south
p14650,Person,20,south
p14651,Person,34,central
p14652,Person,54,west
p14653,Person,49,east
p14654,Person,26,south
p14655,Person,54,west
p14656,Person,74,west
p14657,Person,35,east
p14658,Person,71,east
p14659,Person,67,central
p14660,Person,67,north
p14661,Person,59,west
p14662,Person,23,south
p14663,Person,52,west
p14664,Person,42,central
p14665,Person,30,central
p14666,Person,63,central
p14667,Person,41,north
p14668,Person,31,south
p14669,Person,76,north
p14670,Person,76,south
p14671,Person,73,north
p14672,Person,57,west
p14673,Person,47,east
p14674,Person,37,central
p14675,Person,57,east
p14676,Person,76,south
p14677,Person,60,east
p14678,Person,64,west
p14679,Person,73,west
p14680,Person,50,central
p14681,Person,77,north
p14682,Person,42,west
p14683,Person,59,east
p14684,Person,59,central
p14685,Person,35,central
p14686,Person,54,central
p14687,Person,74,east
p14688,Person,30,west
p14689,Person,59,south
p14690,Person,24,central
p14691,Person,76,north
p14692,Person,27,central
p14693,Person,21,east
p14694,Person,33,south
p14695,Person,41,west
p14696,Person,20,south
p14697,Person,51,east
p14698,Person,36,central
p14699,Person,45,west
p14700,Person,70,south
p14701,Person,45,east
p14702,Person,25,north
p14703,Person,34,south
p14704,Person,51,west
p14705,Person,21,west
p14706,Person,48,south
p14707,Person,74,north
p14708,Person,25,south
p14709,Person,47,central
p14710,Person,18,north
p14711,Person,23,north
p14712,Person,53,north
p14713,Person,37,north
p14714,Person,45,east
p14715,Person,76,central
p14716,Person,54,south
p14717,Person,77,central
p14718,Person,75,north
p14719,Person,44,central
p14720,Person,54,north
p14721,Person,35,south
p14722,Person,50,south
p14723,Person,66,west
p14724,Person,58,central
p14725,Person,57,south
p14726,Person,46,central
p14727,Person,76,north
p14728,Person,33,north
p14729,Person,61,north
p14730,Person,27,east
p14731,Person,75,west
p14732,Person,33,east
p14733,Person,57,east
p14734,Person,31,west
p14735,Person,71,east
p14736,Person,31,south
p14737,Person,57,west
p14738,Person,20,south
p14739,Person,62,west
p14740,Person,36,west
p14741,Person,62,west
p14742,Person,68,north
p14743,Person,61,east
p14744,Person,75,west
p14745,Person,60,west
p14746,Person,63,central
p14747,Person,37,west
p14748,Person,77,south
p14749,Person,23,south
p14750,Person,77,east
p14751,Person,55,north
p14752,Person,70,central
p14753,Person,40,central
p14754,Person,49,east
p14755,Person,44,east
p14756,Person,27,north
p14757,Person,26,south
p14758,Person,69,west
p14759,Person,31,central
p14760,Person,21,west
p14761,Person,39,west
p14762,Person,26,north
p14763,Person,49,central
p14764,Person,42,east
p14765,Person,74,west
p14766,Person,74,east
p14767,Person,41,north
p14768,Person,63,central
p14769,Person,23,east
p14770,Person,73,east
p14771,Person,59,central
p14772,Person,44,north
p14773,Person,66,central
p14774,Person,37,north
p14775,Person,24,north
p14776,Person,29,central
p14777,Person,68,east
p14778,Person,54,west
p14779,Person,45,west
p14780,Person,25,central
p14781,Person,67,central
p14782,Person,44,south
p14783,Person,76,east
p14784,Person,32,west
p14785,Person,23,east
p14786,Person,40,east
p14787,Person,31,west
p14788,Person,31,east
p14789,Person,57,west
p14790,Person,66,east
p14791,Person,76,west
p14792,Person,23,south
p14793,Person,31,central
p14794,Person,50,south
p14795,Person,53,central
p14796,Person,70,east
p14797,Person,56,central
p14798,Person,54,east
p14799,Person,70,north
p14800,Person,23,north
p14801,Person,36,central
p14802,Person,67,east
p14803,Person,19,north
p14804,Person,74,south
p14805,Person,20,east
p14806,Person,31,north
p14807,Person,34,north
p14808,Person,51,east
p14809,Person,26,central
p14810,Person,75,north
p14811,Person,48,east
p14812,Person,58,central
p14813,Person,54,north
p14814,Person,34,south
p14815,Person,62,south
p14816,Person,42,north
p14817,Person,27,east
p14818,Person,45,central
p14819,Person,25,east
p14820,Person,72,west
p14821,Person,40,south
p14822,Person,54,central
p14823,Person,77,central
p14824,Person,77,east
p14825,Person,70,west
p14826,Person,35,north
p14827,Person,50,west
p14828,Person,71,south
p14829,Person,29,south
p14830,Person,73,west
p14831,Person,72,south
p14832,Person,27,north
p14833,Person,47,east
p14834,Person,35,north
p14835,Person,41,east
p14836,Person,45,north
p14837,Person,37,east
p14838,Person,32,central
p14839,Person,37,south
p14840,Person,50,south
p14841,Person,42,north
p14842,Person,50,south
p14843,Person,27,east
p14844,Person,32,north
p14845,Person,76,north
p14846,Person,21,central
p14847,Person,65,central
p14848,Person,71,west
p14849,Person,73,north
p14850,Person,59,west
p14851,Person,55,west
p14852,Person,74,central
p14853,Person,42,south
p14854,Person,72,west
p14855,Person,49,east
p14856,Person,61,central
p14857,Person,48,west
p14858,Person,33,east
p14859,Person,52,central
p14860,Person,60,east
p14861,Person,68,south
p14862,Person,34,north
p14863,Person,50,south
p14864,Person,76,north
p14865,Person,60,east
p14866,Person,60,east
p14867,Person,35,east
p14868,Person,58,east
p14869,Person,56,south
p14870,Person,62,south
p14871,Person,45,west
p14872,Person,27,central
p14873,Person,39,north
p14874,Person,60,west
p14875,Person,19,north
p14876,Person,50,east
p14877,Person,70,north
p14878,Person,46,east
p14879,Person,59,east
p14880,Person,28,west
p14881,Person,37,east
p14882,Person,20,east
p14883,Person,74,south
p14884,Person,42,south
p14885,Person,57,central
p14886,Person,77,west
p14887,Person,49,central
p14888,Person,59,central
p14889,Person,31,south
p14890,Person,60,west
p14891,Person,42,south
p14892,Person,77,north
p14893,Person,51,north
p14894,Person,47,central
p14895,Person,32,central
p14896,Person,74,west
p14897,Person,69,west
p14898,Person,21,west
p14899,Person,43,south
p14900,Person,34,central
p14901,Person,47,north
p14902,Person,75,east
p14903,Person,30,west
p14904,Person,38,north
p14905,Person,77,central
p14906,Person,43,west
p14907,Person,18,north
p14908,Person,29,east
p14909,Person,68,south
p14910,Person,59,north
p14911,Person,73,east
p14912,Person,37,east
p14913,Person,29,west
p14914,Person,18,north
p14915,Person,74,central
p14916,Person,29,east
p14917,Person,66,south
p14918,Person,59,west
p14919,Person,18,south
p14920,Person,66,west
p14921,Person,54,east
p14922,Person,53,south
p14923,Person,48,west
p14924,Person,41,central
p14925,Person,38,central
p14926,Person,65,north
p14927,Person,28,south
p14928,Person,74,north
p14929,Person,39,central
p14930,Person,27,south
p14931,Person,71,central
p14932,Person,51,east
p14933,Person,28,north
p14934,Person,48,east
p14935,Person,25,north
p14936,Person,60,south
p14937,Person,41,east
p14938,Person,50,east
p14939,Person,57,east
p14940,Person,20,north
p14941,Person,21,west
p14942,Person,18,west
p14943,Person,32,east
p14944,Person,20,south
p14945,Person,37,east
p14946,Person,33,south
p14947,Person,77,west
p14948,Person,56,east
p14949,Person,29,central
p14950,Person,23,east
p14951,Person,49,east
p14952,Person,27,west
p14953,Person,33,west
p14954,Person,54,north
p14955,Person,35,east
p14956,Person,76,central
p14957,Person,22,west
p14958,Person,63,north
p14959,Person,64,south
p14960,Person,47,west
p14961,Person,41,east
p14962,Person,51,west
p14963,Person,44,west
p14964,Person,62,west
p14965,Person,60,west
p14966,Person,41,south
p14967,Person,50,south
p14968,Person,58,east
p14969,Person,27,central
p14970,Person,55,west
p14971,Person,54,south
p14972,Person,37,south
p14973,Person,65,central
p14974,Person,61,north
p14975,Person,58,south
p14976,Person,40,central
p14977,Person,48,north
p14978,Person,68,north
p14979,Person,26,south
p14980,Person,76,north
p14981,Person,75,north
p14982,Person,37,central
p14983,Person,57,north
p14984,Person,20,central
p14985,Person,34,east
p14986,Person,58,north
p14987,Person,27,west
p14988,Person,50,east
p14989,Person,66,north
p14990,Person,70,north
p14991,Person,54,south
p14992,Person,68,west
p14993,Person,50,east
p14994,Person,40,central
p14995,Person,77,west
p14996,Person,48,north
p14997,Person,63,west
p14998,Person,70,north
p14999,Person,50,north
p15000,Person,58,east
p15001,Person,32,west
p15002,Person,62,central
p15003,Person,30,east
p15004,Person,18,east
p15005,Person,39,south
p15006,Person,71,east
p15007,Person,19,central
p15008,Person,68,east
p15009,Person,19,central
p15010,Person,67,south
p15011,Person,51,central
p15012,Person,63,north
p15013,Person,35,north
p15014,Person,58,south
p15015,Person,57,north
p15016,Person,60,west
p15017,Person,18,central
p15018,Person,53,west
p15019,Person,72,central
p15020,Person,48,south
p15021,Person,18,west
p15022,Person,50,south
p15023,Person,54,south
p15024,Person,74,central
p15025,Person,26,north
p15026,Person,65,south
p15027,Person,28,north
p15028,Person,27,east
p15029,Person,28,west
p15030,Person,18,north
p15031,Person,40,central
p15032,Person,74,south
p15033,Person,50,east
p15034,Person,55,east
p15035,Person,51,north
p15036,Person,42,east
p15037,Person,36,north
p15038,Person,68,north
p15039,Person,37,west
p15040,Person,61,south
p15041,Person,70,north
p15042,Person,19,south
p15043,Person,55,west
p15044,Person,22,south
p15045,Person,27,south
p15046,Person,48,north
p15047,Person,74,west
p15048,Person,73,south
p15049,Person,56,west
p15050,Person,22,central
p15051,Person,55,west
p15052,Person,77,north
p15053,Person,72,north
p15054,Person,51,south
p15055,Person,49,south
p15056,Person,31,east
p15057,Person,74,north
p15058,Person,32,west
p15059,Person,63,west
p15060,Person,75,central
p15061,Person,64,south
p15062,Person,44,east
p15063,Person,18,east
p15064,Person,43,north
p15065,Person,64,east
p15066,Person,49,north
p15067,Person,50,south
p15068,Person,18,north
p15069,Person,49,central
p15070,Person,57,west
p15071,Person,40,central
p15072,Person,58,north
p15073,Person,30,east
p15074,Person,27,east
p15075,Person,44,central
p15076,Person,20,east
p15077,Person,38,south
p15078,Person,68,central
p15079,Person,34,south
p15080,Person,76,south
p15081,Person,26,south
p15082,Person,19,west
p15083,Person,48,west
p15084,Person,57,central
p15085,Person,46,south
p15086,Person,73,west
p15087,Person,49,south
p15088,Person,65,north
p15089,Person,70,north
p15090,Person,75,west
p15091,Person,37,south
p15092,Person,37,north
p15093,Person,44,west
p15094,Person,48,west
p15095,Person,24,north
p15096,Person,68,north
p15097,Person,32,central
p15098,Person,25,west
p15099,Person,61,central
p15100,Person,21,east
p15101,Person,21,central
p15102,Person,44,south
p15103,Person,33,east
p15104,Person,76,south
p15105,Person,75,central
p15106,Person,54,east
p15107,Person,41,east
p15108,Person,37,south
p15109,Person,42,east
p15110,Person,28,north
p15111,Person,71,east
p15112,Person,43,east
p15113,Person,73,central
p15114,Person,36,west
p15115,Person,46,west
p15116,Person,56,central
p15117,Person,21,central
p15118,Person,54,west
p15119,Person,77,south
p15120,Person,22,east
p15121,Person,26,east
p15122,Person,72,west
p15123,Person,77,south
p15124,Person,48,south
p15125,Person,31,east
p15126,Person,69,east
p15127,Person,56,west
p15128,Person,31,west
p15129,Person,34,west
p15130,Person,21,central
p15131,Person,26,central
p15132,Person,64,west
p15133,Person,34,south
p15134,Person,49,west
p15135,Person,41,south
p15136,Person,57,south
p15137,Person,56,west
p15138,Person,74,east
p15139,Person,70,central
p15140,Person,45,central
p15141,Person,24,east
p15142,Person,18,north
p15143,Person,49,south
p15144,Person,75,east
p15145,Person,55,north
p15146,Person,32,east
p15147,Person,51,central
p15148,Person,40,east
p15149,Person,34,west
p15150,Person,65,west
p15151,Person,20,north
p15152,Person,43,east
p15153,Person,35,south
p15154,Person,42,west
p15155,Person,49,central
p15156,Person,74,west
p15157,Person,73,south
p15158,Person,62,west
p15159,Person,46,south
p15160,Person,62,north
p15161,Person,72,north
p15162,Person,63,north
p15163,Person,29,west
p15164,Person,73,west
p15165,Person,76,south
p15166,Person,62,south
p15167,Person,59,west
p15168,Person,59,central
p15169,Person,59,east
p15170,Person,74,east
p15171,Person,57,north
p15172,Person,50,south
p15173,Person,42,central
p15174,Person,76,central
p15175,Person,56,north
p15176,Person,43,east
p15177,Person,70,east
p15178,Person,61,north
p15179,Person,52,south
p15180,Person,31,east
p15181,Person,50,east
p15182,Person,30,central
p15183,Person,74,central
p15184,Person,67,central
p15185,Person,28,north
p15186,Person,26,west
p15187,Person,52,west
p15188,Person,52,south
p15189,Person,36,south
p15190,Person,28,south
p15191,Person,36,north
p15192,Person,56,east
p15193,Person,57,south
p15194,Person,74,north
p15195,Person,35,south
p15196,Person,33,east
p15197,Person,45,south
p15198,Person,38,south
p15199,Person,76,central
p15200,Person,47,east
p15201,Person,53,north
p15202,Person,34,east
p15203,Person,26,north
p15204,Person,22,central
p15205,Person,42,east
p15206,Person,24,east
p15207,Person,55,central
p15208,Person,51,east
p15209,Person,56,west
p15210,Person,69,central
p15211,Person,36,central
p15212,Person,59,north
p15213,Person,54,central
p15214,Person,31,central
p15215,Person,19,north
p15216,Person,57,central
p15217,Person,67,north
p15218,Person,29,north
p15219,Person,63,central
p15220,Person,33,west
p15221,Person,66,central
p15222,Person,35,central
p15223,Person,37,west
p15224,Person,48,east
p15225,Person,32,north
p15226,Person,38,east
p15227,Person,76,central
p15228,Person,57,west
p15229,Person,41,west
p15230,Person,31,central
p15231,Person,26,central
p15232,Person,48,north
p15233,Person,36,south
p15234,Person,74,west
p15235,Person,20,central
p15236,Person,65,north
p15237,Person,68,central
p15238,Person,21,west
p15239,Person,77,east
p15240,Person,55,south
p15241,Person,33,east
p15242,Person,47,west
p15243,Person,72,north
p15244,Person,41,east
p15245,Person,52,north
p15246,Person,39,east
p15247,Person,73,south
p15248,Person,51,central
p15249,Person,33,north
p15250,Person,59,south
p15251,Person,36,east
p15252,Person,36,central
p15253,Person,36,south
p15254,Person,43,central
p15255,Person,71,south
p15256,Person,30,east
p15257,Person,42,central
p15258,Person,23,central
p15259,Person,63,west
p15260,Person,30,east
p15261,Person,33,west
p15262,Person,48,east
p15263,Person,18,east
p15264,Person,37,west
p15265,Person,69,east
p15266,Person,24,south
p15267,Person,43,south
p15268,Person,63,central
p15269,Person,29,west
p15270,Person,26,west
p15271,Person,23,west
p15272,Person,37,south
p15273,Person,44,east
p15274,Person,68,east
p15275,Person,76,south
p15276,Person,52,south
p15277,Person,60,south
p15278,Person,65,west
p15279,Person,65,west
p15280,Person,31,south
p15281,Person,34,east
p15282,Person,38,central
p15283,Person,29,west
p15284,Person,43,central
p15285,Person,48,north
p15286,Person,41,north
p15287,Person,70,north
p15288,Person,65,south
p15289,Person,62,south
p15290,Person,46,south
p15291,Person,38,north
p15292,Person,47,north
p15293,Person,41,south
p15294,Person,50,east
p15295,Person,47,north
p15296,Person,18,east
p15297,Person,61,east
p15298,Person,62,east
p15299,Person,70,west
p15300,Person,29,west
p15301,Person,19,west
p15302,Person,21,north
p15303,Person,54,central
p15304,Person,38,east
p15305,Person,45,north
p15306,Person,51,east
p15307,Person,40,north
p15308,Person,21,west
p15309,Person,65,east
p15310,Person,77,east
p15311,Person,42,east
p15312,Person,35,east
p15313,Person,67,south
p15314,Person,48,north
p15315,Person,30,west
p15316,Person,47,north
p15317,Person,51,west
p15318,Person,43,north
p15319,Person,53,central
p15320,Person,27,central
p15321,Person,34,south
p15322,Person,33,south
p15323,Person,35,central
p15324,Person,33,north
p15325,Person,25,east
p15326,Person,24,south
p15327,Person,58,south
p15328,Person,62,east
p15329,Person,41,central
p15330,Person,51,south
p15331,Person,39,west
p15332,Person,20,central
p15333,Person,57,central
p15334,Person,62,north
p15335,Person,61,north
p15336,Person,56,west
p15337,Person,73,south
p15338,Person,41,west
p15339,Person,69,central
p15340,Person,63,south
p15341,Person,71,central
p15342,Person,39,south
p15343,Person,56,south
p15344,Person,68,south
p15345,Person,31,west
p15346,Person,61,east
p15347,Person,34,central
p15348,Person,37,central
p15349,Person,58,north
p15350,Person,24,east
p15351,Person,33,central
p15352,Person,57,north
p15353,Person,38,west
p15354,Person,27,east
p15355,Person,37,south
p15356,Person,28,central
p15357,Person,38,north
p15358,Person,64,central
p15359,Person,76,west
p15360,Person,31,north
p15361,Person,69,east
p15362,Person,62,south
p15363,Person,47,central
p15364,Person,62,west
p15365,Person,36,west
p15366,Person,37,central
p15367,Person,73,central
p15368,Person,27,central
p15369,Person,36,east
p15370,Person,47,east
p15371,Person,24,east
p15372,Person,46,central
p15373,Person,70,central
p15374,Person,61,east
p15375,Person,73,east
p15376,Person,63,east
p15377,Person,30,north
p15378,Person,46,south
p15379,Person,61,west
p15380,Person,23,central
p15381,Person,45,west
p15382,Person,60,east
p15383,Person,22,central
p15384,Person,59,south
p15385,Person,48,east
p15386,Person,72,central
p15387,Person,58,east
p15388,Person,39,west
p15389,Person,19,west
p15390,Person,75,south
p15391,Person,37,east
p15392,Person,61,east
p15393,Person,72,north
p15394,Person,61,west
p15395,Person,49,south
p15396,Person,48,north
p15397,Person,30,east
p15398,Person,36,west
p15399,Person,27,west
p15400,Person,66,central
p15401,Person,20,east
p15402,Person,68,central
p15403,Person,27,central
p15404,Person,63,north
p15405,Person,75,west
p15406,Person,70,central
p15407,Person,24,south
p15408,Person,38,north
p15409,Person,70,north
p15410,Person,27,east
p15411,Person,72,west
p15412,Person,46,east
p15413,Person,48,central
p15414,Person,51,west
p15415,Person,22,west
p15416,Person,52,south
p15417,Person,71,north
p15418,Person,77,west
p15419,Person,58,north
p15420,Person,75,west
p15421,Person,60,west
p15422,Person,49,north
p15423,Person,36,east
p15424,Person,62,north
p15425,Person,22,north
p15426,Person,53,south
p15427,Person,27,west
p15428,Person,29,west
p15429,Person,25,central
p15430,Person,74,south
p15431,Person,30,west
p15432,Person,66,west
p15433,Person,33,central
p15434,Person,50,west
p15435,Person,54,north
p15436,Person,61,central
p15437,Person,64,east
p15438,Person,75,west
p15439,Person,69,central
p15440,Person,21,central
p15441,Person,39,south
p15442,Person,70,north
p15443,Person,53,west
p15444,Person,41,north
p15445,Person,55,south
p15446,Person,46,central
p15447,Person,51,central
p15448,Person,30,central
p15449,Person,56,east
p15450,Person,35,north
p15451,Person,43,north
p15452,Person,40,south
p15453,Person,35,north
p15454,Person,58,central
p15455,Person,65,west
p15456,Person,56,south
p15457,Person,48,central
p15458,Person,64,south
p15459,Person,63,central
p15460,Person,71,central
p15461,Person,38,south
p15462,Person,34,central
p15463,Person,62,west
p15464,Person,30,north
p15465,Person,36,east
p15466,Person,30,central
p15467,Person,35,central
p15468,Person,50,west
p15469,Person,35,central
p15470,Person,40,east
p15471,Person,27,central
p15472,Person,70,west
p15473,Person,50,south
p15474,Person,74,north
p15475,Person,69,east
p15476,Person,29,west
p15477,Person,20,south
p15478,Person,50,east
p15479,Person,50,south
p15480,Person,27,south
p15481,Person,23,south
p15482,Person,22,south
p15483,Person,32,north
p15484,Person,54,north
p15485,Person,53,central
p15486,Person,49,east
p15487,Person,76,east
p15488,Person,34,east
p15489,Person,59,east
p15490,Person,67,central
p15491,Person,75,south
p15492,Person,47,south
p15493,Person,71,north
p15494,Person,45,north
p15495,Person,41,north
p15496,Person,68,south
p15497,Person,73,east
p15498,Person,75,south
p15499,Person,65,north
p15500,Person,27,west
p15501,Person,49,east
p15502,Person,35,south
p15503,Person,22,west
p15504,Person,42,north
p15505,Person,40,west
p15506,Person,47,south
p15507,Person,19,north
p15508,Person,25,east
p15509,Person,48,east
p15510,Person,63,north
p15511,Person,33,west
p15512,Person,19,south
p15513,Person,23,central
p15514,Person,74,south
p15515,Person,75,west
p15516,Person,26,east
p15517,Person,64,north
p15518,Person,53,central
p15519,Person,27,central
p15520,Person,44,north
p15521,Person,75,east
p15522,Person,64,east
p15523,Person,25,west
p15524,Person,32,south
p15525,Person,72,east
p15526,Person,65,east
p15527,Person,63,west
p15528,Person,51,south
p15529,Person,30,west
p15530,Person,65,central
p15531,Person,54,south
p15532,Person,77,west
p15533,Person,75,north
p15534,Person,22,east
p15535,Person,47,west
p15536,Person,75,north
p15537,Person,69,central
p15538,Person,64,south
p15539,Person,74,west
p15540,Person,34,north
p15541,Person,23,north
p15542,Person,61,north
p15543,Person,34,west
p15544,Person,55,east
p15545,Person,48,south
p15546,Person,63,east
p15547,Person,38,west
p15548,Person,75,east
p15549,Person,38,central
p15550,Person,37,west
p15551,Person,30,south
p15552,Person,66,central
p15553,Person,64,east
p15554,Person,68,north
p15555,Person,60,south
p15556,Person,28,east
p15557,Person,71,east
p15558,Person,46,west
p15559,Person,53,central
p15560,Person,30,central
p15561,Person,47,east
p15562,Person,31,west
p15563,Person,41,north
p15564,Person,60,east
p15565,Person,62,north
p15566,Person,43,central
p15567,Person,73,central
p15568,Person,31,central
p15569,Person,46,central
p15570,Person,44,north
p15571,Person,70,south
p15572,Person,75,south
p15573,Person,75,west
p15574,Person,21,central
p15575,Person,59,north
p15576,Person,65,west
p15577,Person,46,south
p15578,Person,35,north
p15579,Person,31,east
p15580,Person,19,west
p15581,Person,69,north
p15582,Person,71,north
p15583,Person,23,east
p15584,Person,70,central
p15585,Person,64,north
p15586,Person,34,south
p15587,Person,77,central
p15588,Person,42,south
p15589,Person,41,north
p15590,Person,50,central
p15591,Person,55,east
p15592,Person,38,north
p15593,Person,44,south
p15594,Person,29,south
p15595,Person,42,north
p15596,Person,60,east
p15597,Person,43,south
p15598,Person,65,north
p15599,Person,45,east
p15600,Person,71,north
p15601,Person,61,east
p15602,Person,71,south
p15603,Person,66,east
p15604,Person,48,west
p15605,Person,77,south
p15606,Person,48,south
p15607,Person,33,south
p15608,Person,57,east
p15609,Person,76,south
p15610,Person,53,east
p15611,Person,53,north
p15612,Person,19,east
p15613,Person,22,east
p15614,Person,70,west
p15615,Person,40,north
p15616,Person,34,south
p15617,Person,56,north
p15618,Person,46,east
p15619,Person,58,east
p15620,Person,73,central
p15621,Person,39,north
p15622,Person,28,north
p15623,Person,60,east
p15624,Person,43,west
p15625,Person,70,north
p15626,Person,60,north
p15627,Person,72,south
p15628,Person,40,east
p15629,Person,69,central
p15630,Person,45,south
p15631,Person,71,east
p15632,Person,68,south
p15633,Person,36,west
p15634,Person,53,west
p15635,Person,75,east
p15636,Person,66,north
p15637,Person,19,north
p15638,Person,52,central
p15639,Person,38,south
p15640,Person,33,central
p15641,Person,72,central
p15642,Person,63,central
p15643,Person,18,west
p15644,Person,71,east
p15645,Person,64,central
p15646,Person,22,north
p15647,Person,52,south
p15648,Person,36,west
p15649,Person,33,west
p15650,Person,59,south
p15651,Person,31,south
p15652,Person,37,north
p15653,Person,41,west
p15654,Person,37,east
p15655,Person,27,west
p15656,Person,66,central
p15657,Person,61,south
p15658,Person,39,north
p15659,Person,36,west
p15660,Person,26,west
p15661,Person,71,north
p15662,Person,31,central
p15663,Person,42,east
p15664,Person,36,west
p15665,Person,61,south
p15666,Person,19,east
p15667,Person,21,central
p15668,Person,63,north
p15669,Person,52,north
p15670,Person,45,east
p15671,Person,36,central
p15672,Person,57,south
p15673,Person,44,central
p15674,Person,71,west
p15675,Person,77,east
p15676,Person,52,south
p15677,Person,41,north
p15678,Person,40,north
p15679,Person,40,south
p15680,Person,60,north
p15681,Person,30,west
p15682,Person,27,east
p15683,Person,70,west
p15684,Person,38,east
p15685,Person,19,north
p15686,Person,71,south
p15687,Person,35,west
p15688,Person,56,central
p15689,Person,62,east
p15690,Person,60,west
p15691,Person,71,central
p15692,Person,41,east
p15693,Person,53,west
p15694,Person,50,south
p15695,Person,23,north
p15696,Person,33,north
p15697,Person,69,east
p15698,Person,26,central
p15699,Person,50,west
p15700,Person,71,south
p15701,Person,74,south
p15702,Person,53,east
p15703,Person,55,north
p15704,Person,49,north
p15705,Person,40,north
p15706,Person,19,north
p15707,Person,28,central
p15708,Person,48,west
p15709,Person,38,east
p15710,Person,30,central
p15711,Person,33,west
p15712,Person,29,central
p15713,Person,39,north
p15714,Person,73,east
p15715,Person,32,central
p15716,Person,64,east
p15717,Person,18,south
p15718,Person,22,east
p15719,Person,37,central
p15720,Person,58,south
p15721,Person,28,central
p15722,Person,50,north
p15723,Person,59,south
p15724,Person,48,central
p15725,Person,41,east
p15726,Person,68,central
p15727,Person,32,west
p15728,Person,69,west
p15729,Person,22,south
p15730,Person,25,central
p15731,Person,37,north
p15732,Person,71,west
p15733,Person,32,central
p15734,Person,21,north
p15735,Person,75,west
p15736,Person,45,west
p15737,Person,63,south
p15738,Person,49,north
p15739,Person,30,east
p15740,Person,25,south
p15741,Person,47,south
p15742,Person,57,north
p15743,Person,36,east
p15744,Person,41,north
p15745,Person,42,east
p15746,Person,47,central
p15747,Person,64,east
p15748,Person,24,south
p15749,Person,30,east
p15750,Person,66,south
p15751,Person,36,west
p15752,Person,35,west
p15753,Person,35,central
p15754,Person,42,north
p15755,Person,28,central
p15756,Person,68,central
p15757,Person,26,west
p15758,Person,49,east
p15759,Person,56,central
p15760,Person,51,east
p15761,Person,57,east
p15762,Person,38,south
p15763,Person,75,central
p15764,Person,65,east
p15765,Person,47,south
p15766,Person,72,north
p15767,Person,64,west
p15768,Person,26,east
p15769,Person,36,central
p15770,Person,29,east
p15771,Person,53,east
p15772,Person,75,central
p15773,Person,46,central
p15774,Person,40,east
p15775,Person,38,east
p15776,Person,61,east
p15777,Person,32,central
p15778,Person,76,central
p15779,Person,76,south
p15780,Person,18,central
p15781,Person,56,central
p15782,Person,26,central
p15783,Person,24,central
p15784,Person,76,north
p15785,Person,36,west
p15786,Person,43,central
p15787,Person,32,south
p15788,Person,39,east
p15789,Person,57,south
p15790,Person,34,east
p15791,Person,62,south
p15792,Person,29,east
p15793,Person,29,east
p15794,Person,60,north
p15795,Person,21,west
p15796,Person,35,east
p15797,Person,63,north
p15798,Person,47,north
p15799,Person,29,west
p15800,Person,55,south
p15801,Person,31,central
p15802,Person,56,north
p15803,Person,67,central
p15804,Person,63,north
p15805,Person,44,central
p15806,Person,69,north
p15807,Person,30,west
p15808,Person,34,east
p15809,Person,55,west
p15810,Person,28,south
p15811,Person,63,south
p15812,Person,53,south
p15813,Person,73,south
p15814,Person,48,west
p15815,Person,23,west
p15816,Person,39,south
p15817,Person,45,south
p15818,Person,47,east
p15819,Person,60,central
p15820,Person,61,north
p15821,Person,45,east
p15822,Person,54,central
p15823,Person,54,west
p15824,Person,18,south
p15825,Person,65,west
p15826,Person,18,north
p15827,Person,51,east
p15828,Person,33,central
p15829,Person,33,east
p15830,Person,33,east
p15831,Person,51,west
p15832,Person,54,central
p15833,Person,34,east
p15834,Person,26,west
p15835,Person,62,west
p15836,Person,57,east
p15837,Person,38,west
p15838,Person,58,central
p15839,Person,24,south
p15840,Person,33,west
p15841,Person,74,west
p15842,Person,75,east
p15843,Person,39,east
p15844,Person,53,east
p15845,Person,19,west
p15846,Person,49,central
p15847,Person,59,east
p15848,Person,42,east
p15849,Person,28,east
p15850,Person,70,central
p15851,Person,70,north
p15852,Person,67,south
p15853,Person,28,east
p15854,Person,58,east
p15855,Person,60,east
p15856,Person,42,east
p15857,Person,71,central
p15858,Person,36,central
p15859,Person,49,west
p15860,Person,69,west
p15861,Person,49,central
p15862,Person,44,south
p15863,Person,20,central
p15864,Person,45,west
p15865,Person,48,central
p15866,Person,50,central
p15867,Person,40,east
p15868,Person,77,central
p15869,Person,51,south
p15870,Person,31,west
p15871,Person,36,south
p15872,Person,37,central
p15873,Person,35,east
p15874,Person,35,west
p15875,Person,77,south
p15876,Person,64,central
p15877,Person,46,central
p15878,Person,53,north
p15879,Person,57,east
p15880,Person,25,central
p15881,Person,57,west
p15882,Person,30,central
p15883,Person,20,east
p15884,Person,46,east
p15885,Person,74,east
p15886,Person,42,central
p15887,Person,49,east
p15888,Person,20,east
p15889,Person,57,central
p15890,Person,57,central
p15891,Person,19,north
p15892,Person,46,west
p15893,Person,50,east
p15894,Person,77,central
p15895,Person,22,central
p15896,Person,21,central
p15897,Person,37,east
p15898,Person,63,west
p15899,Person,59,east
p15900,Person,28,east
p15901,Person,60,west
p15902,Person,72,south
p15903,Person,38,east
p15904,Person,39,central
p15905,Person,48,south
p15906,Person,67,central
p15907,Person,66,east
p15908,Person,20,north
p15909,Person,74,north
p15910,Person,26,south
p15911,Person,35,east
p15912,Person,51,west
p15913,Person,41,central
p15914,Person,43,west
p15915,Person,62,west
p15916,Person,51,central
p15917,Person,49,south
p15918,Person,47,south
p15919,Person,49,north
p15920,Person,36,west
p15921,Person,67,west
p15922,Person,69,west
p15923,Person,23,east
p15924,Person,76,west
p15925,Person,42,east
p15926,Person,40,north
p15927,Person,31,west
p15928,Person,59,north
p15929,Person,48,south
p15930,Person,26,north
p15931,Person,77,south
p15932,Person,72,east
p15933,Person,46,west
p15934,Person,42,west
p15935,Person,28,central
p15936,Person,70,south
p15937,Person,34,south
p15938,Person,37,east
p15939,Person,43,central
p15940,Person,19,west
p15941,Person,25,central
p15942,Person,47,west
p15943,Person,23,central
p15944,Person,34,north
p15945,Person,56,west
p15946,Person,20,north
p15947,Person,76,north
p15948,Person,30,west
p15949,Person,34,north
p15950,Person,19,south
p15951,Person,20,east
p15952,Person,50,central
p15953,Person,77,west
p15954,Person,64,east
p15955,Person,32,central
p15956,Person,42,south
p15957,Person,50,central
p15958,Person,64,south
p15959,Person,44,east
p15960,Person,50,west
p15961,Person,52,south
p15962,Person,66,north
p15963,Person,63,south
p15964,Person,75,central
p15965,Person,58,west
p15966,Person,39,south
p15967,Person,59,east
p15968,Person,18,west
p15969,Person,36,north
p15970,Person,46,north
p15971,Person,30,east
p15972,Person,21,west
p15973,Person,20,central
p15974,Person,23,east
p15975,Person,64,west
p15976,Person,41,central
p15977,Person,59,central
p15978,Person,35,south
p15979,Person,69,east
p15980,Person,27,south
p15981,Person,48,south
p15982,Person,67,central
p15983,Person,36,west
p15984,Person,43,central
p15985,Person,46,north
p15986,Person,55,central
p15987,Person,69,east
p15988,Person,24,west
p15989,Person,47,central
p15990,Person,18,central
p15991,Person,33,west
p15992,Person,63,south
p15993,Person,27,west
p15994,Person,28,west
p15995,Person,76,west
p15996,Person,50,east
p15997,Person,66,north
p15998,Person,67,central
p15999,Person,40,south
p16000,Person,71,west
p16001,Person,72,south
p16002,Person,75,south
p16003,Person,54,central
p16004,Person,69,north
p16005,Person,37,south
p16006,Person,34,south
p16007,Person,60,north
p16008,Person,53,east
p16009,Person,68,central
p16010,Person,32,east
p16011,Person,31,east
p16012,Person,46,south
p16013,Person,22,north
p16014,Person,43,south
p16015,Person,29,central
p16016,Person,34,west
p16017,Person,25,south
p16018,Person,72,west
p16019,Person,66,north
p16020,Person,64,east
p16021,Person,32,north
p16022,Person,44,east
p16023,Person,39,central
p16024,Person,52,east
p16025,Person,30,south
p16026,Person,51,east
p16027,Person,46,central
p16028,Person,66,east
p16029,Person,73,west
p16030,Person,69,east
p16031,Person,44,west
p16032,Person,67,south
p16033,Person,40,west
p16034,Person,29,north
p16035,Person,54,central
p16036,Person,38,north
p16037,Person,64,north
p16038,Person,36,north
p16039,Person,23,south
p16040,Person,48,west
p16041,Person,22,south
p16042,Person,49,north
p16043,Person,48,north
p16044,Person,41,central
p16045,Person,50,east
p16046,Person,32,west
p16047,Person,55,south
p16048,Person,50,east
p16049,Person,19,west
p16050,Person,33,south
p16051,Person,41,east
p16052,Person,27,north
p16053,Person,56,north
p16054,Person,19,central
p16055,Person,45,west
p16056,Person,29,south
p16057,Person,21,north
p16058,Person,19,north
p16059,Person,36,west
p16060,Person,59,central
p16061,Person,20,west
p16062,Person,49,north
p16063,Person,53,west
p16064,Person,31,central
p16065,Person,44,north
p16066,Person,72,south
p16067,Person,62,south
p16068,Person,73,south
p16069,Person,30,north
p16070,Person,32,central
p16071,Person,62,north
p16072,Person,65,east
p16073,Person,53,west
p16074,Person,46,central
p16075,Person,63,west
p16076,Person,69,north
p16077,Person,46,south
p16078,Person,19,east
p16079,Person,41,east
p16080,Person,70,south
p16081,Person,21,south
p16082,Person,19,central
p16083,Person,45,west
p16084,Person,45,central
p16085,Person,50,west
p16086,Person,49,south
p16087,Person,48,west
p16088,Person,30,central
p16089,Person,53,east
p16090,Person,37,central
p16091,Person,53,north
p16092,Person,22,west
p16093,Person,25,south
p16094,Person,19,west
p16095,Person,54,south
p16096,Person,69,south
p16097,Person,36,west
p16098,Person,75,west
p16099,Person,25,west
p16100,Person,51,east
p16101,Person,37,north
p16102,Person,53,north
p16103,Person,36,east
p16104,Person,27,west
p16105,Person,44,central
p16106,Person,22,south
p16107,Person,38,east
p16108,Person,49,central
p16109,Person,36,north
p16110,Person,24,east
p16111,Person,71,east
p16112,Person,55,central
p16113,Person,49,west
p16114,Person,53,west
p16115,Person,55,west
p16116,Person,61,east
p16117,Person,53,central
p16118,Person,18,west
p16119,Person,59,south
p16120,Person,52,south
p16121,Person,36,north
p16122,Person,44,west
p16123,Person,53,central
p16124,Person,33,central
p16125,Person,57,north
p16126,Person,35,south
p16127,Person,44,central
p16128,Person,20,south
p16129,Person,73,central
p16130,Person,42,central
p16131,Person,35,central
p16132,Person,50,west
p16133,Person,75,east
p16134,Person,18,south
p16135,Person,52,south
p16136,Person,34,south
p16137,Person,18,east
p16138,Person,21,west
p16139,Person,47,north
p16140,Person,67,south
p16141,Person,30,west
p16142,Person,66,central
p16143,Person,66,north
p16144,Person,68,central
p16145,Person,51,central
p16146,Person,32,east
p16147,Person,62,east
p16148,Person,47,south
p16149,Person,27,north
p16150,Person,35,north
p16151,Person,43,south
p16152,Person,64,east
p16153,Person,49,south
p16154,Person,43,central
p16155,Person,35,central
p16156,Person,76,east
p16157,Person,38,south
p16158,Person,45,south
p16159,Person,49,west
p16160,Person,75,east
p16161,Person,23,south
p16162,Person,27,east
p16163,Person,32,east
p16164,Person,52,central
p16165,Person,19,central
p16166,Person,40,east
p16167,Person,34,north
p16168,Person,50,north
p16169,Person,29,west
p16170,Person,58,south
p16171,Person,24,east
p16172,Person,63,east
p16173,Person,73,east
p16174,Person,74,north
p16175,Person,61,north
p16176,Person,39,west
p16177,Person,63,central
p16178,Person,54,north
p16179,Person,56,east
p16180,Person,56,south
p16181,Person,35,east
p16182,Person,67,north
p16183,Person,62,west
p16184,Person,77,central
p16185,Person,70,central
p16186,Person,62,north
p16187,Person,66,south
p16188,Person,44,east
p16189,Person,63,north
p16190,Person,57,west
p16191,Person,59,central
p16192,Person,44,central
p16193,Person,22,north
p16194,Person,75,east
p16195,Person,47,south
p16196,Person,20,east
p16197,Person,77,central
p16198,Person,59,west
p16199,Person,53,central
p16200,Person,64,central
p16201,Person,41,north
p16202,Person,37,west
p16203,Person,28,east
p16204,Person,47,central
p16205,Person,69,west
p16206,Person,37,east
p16207,Person,35,central
p16208,Person,70,north
p16209,Person,34,north
p16210,Person,43,east
p16211,Person,31,central
p16212,Person,72,west
p16213,Person,60,south
p16214,Person,72,east
p16215,Person,55,east
p16216,Person,62,south
p16217,Person,77,south
p16218,Person,34,west
p16219,Person,19,south
p16220,Person,38,north
p16221,Person,70,central
p16222,Person,73,north
p16223,Person,40,south
p16224,Person,30,west
p16225,Person,76,east
p16226,Person,69,south
p16227,Person,30,central
p16228,Person,22,south
p16229,Person,27,east
p16230,Person,53,central
p16231,Person,36,central
p16232,Person,55,south
p16233,Person,36,north
p16234,Person,64,south
p16235,Person,64,west
p16236,Person,41,south
p16237,Person,52,central
p16238,Person,27,south
p16239,Person,26,south
p16240,Person,67,east
p16241,Person,36,east
p16242,Person,19,central
p16243,Person,75,central
p16244,Person,39,north
p16245,Person,53,east
p16246,Person,77,west
p16247,Person,35,south
p16248,Person,67,north
p16249,Person,64,east
p16250,Person,42,central
p16251,Person,73,south
p16252,Person,29,south
p16253,Person,26,west
p16254,Person,64,north
p16255,Person,49,east
p16256,Person,35,central
p16257,Person,42,south
p16258,Person,38,north
p16259,Person,61,west
p16260,Person,25,central
p16261,Person,51,south
p16262,Person,25,west
p16263,Person,38,central
p16264,Person,64,west
p16265,Person,48,south
p16266,Person,70,north
p16267,Person,35,central
p16268,Person,26,south
p16269,Person,60,central
p16270,Person,34,north
p16271,Person,75,east
p16272,Person,49,south
p16273,Person,22,south
p16274,Person,51,north
p16275,Person,33,central
p16276,Person,19,south
p16277,Person,32,west
p16278,Person,57,central
p16279,Person,65,north
p16280,Person,45,east
p16281,Person,60,south
p16282,Person,25,central
p16283,Person,50,east
p16284,Person,34,west
p16285,Person,54,central
p16286,Person,57,east
p16287,Person,55,west
p16288,Person,43,central
p16289,Person,67,east
p16290,Person,63,central
p16291,Person,54,south
p16292,Person,52,north
p16293,Person,33,south
p16294,Person,48,central
p16295,Person,37,west
p16296,Person,58,north
p16297,Person,22,west
p16298,Person,65,south
p16299,Person,72,east
p16300,Person,31,central
p16301,Person,77,central
p16302,Person,63,east
p16303,Person,23,central
p16304,Person,56,south
p16305,Person,36,central
p16306,Person,32,north
p16307,Person,33,west
p16308,Person,18,west
p16309,Person,27,north
p16310,Person,25,north
p16311,Person,70,north
p16312,Person,35,west
p16313,Person,68,south
p16314,Person,72,east
p16315,Person,37,west
p16316,Person,76,north
p16317,Person,70,central
p16318,Person,35,central
p16319,Person,57,central
p16320,Person,35,east
p16321,Person,37,south
p16322,Person,32,central
p16323,Person,20,east
p16324,Person,28,south
p16325,Person,54,south
p16326,Person,68,east
p16327,Person,71,north
p16328,Person,71,east
p16329,Person,18,east
p16330,Person,69,north
p16331,Person,41,east
p16332,Person,24,central
p16333,Person,46,south
p16334,Person,19,central
p16335,Person,76,south
p16336,Person,61,central
p16337,Person,71,south
p16338,Person,35,east
p16339,Person,63,north
p16340,Person,20,east
p16341,Person,65,east
p16342,Person,43,central
p16343,Person,73,central
p16344,Person,62,west
p16345,Person,47,south
p16346,Person,51,central
p16347,Person,69,north
p16348,Person,37,north
p16349,Person,42,west
p16350,Person,45,west
p16351,Person,45,west
p16352,Person,75,south
p16353,Person,62,central
p16354,Person,63,east
p16355,Person,74,east
p16356,Person,47,south
p16357,Person,41,north
p16358,Person,32,central
p16359,Person,59,central
p16360,Person,49,central
p16361,Person,63,north
p16362,Person,67,west
p16363,Person,42,central
p16364,Person,47,east
p16365,Person,41,south
p16366,Person,57,east
p16367,Person,28,west
p16368,Person,50,east
p16369,Person,21,west
p16370,Person,56,east
p16371,Person,24,east
p16372,Person,23,south
p16373,Person,20,north
p16374,Person,61,west
p16375,Person,72,central
p16376,Person,24,central
p16377,Person,42,south
p16378,Person,29,central
p16379,Person,51,central
p16380,Person,48,south
p16381,Person,29,east
p16382,Person,39,central
p16383,Person,66,east
p16384,Person,49,central
p16385,Person,76,north
p16386,Person,64,south
p16387,Person,73,south
p16388,Person,42,south
p16389,Person,49,north
p16390,Person,19,south
p16391,Person,38,north
p16392,Person,32,central
p16393,Person,26,central
p16394,Person,50,west
p16395,Person,43,south
p16396,Person,27,east
p16397,Person,77,central
p16398,Person,73,north
p16399,Person,64,east
p16400,Person,37,west
p16401,Person,74,west
p16402,Person,76,north
p16403,Person,28,west
p16404,Person,23,west
p16405,Person,48,central
p16406,Person,64,west
p16407,Person,63,east
p16408,Person,50,west
p16409,Person,64,south
p16410,Person,48,central
p16411,Person,66,south
p16412,Person,57,south
p16413,Person,58,central
p16414,Person,44,west
p16415,Person,54,west
p16416,Person,77,south
p16417,Person,27,central
p16418,Person,18,west
p16419,Person,71,north
p16420,Person,54,north
p16421,Person,75,south
p16422,Person,63,east
p16423,Person,25,central
p16424,Person,64,west
p16425,Person,45,east
p16426,Person,77,east
p16427,Person,62,west
p16428,Person,49,east
p16429,Person,51,central
p16430,Person,18,east
p16431,Person,51,central
p16432,Person,34,south
p16433,Person,69,east
p16434,Person,41,south
p16435,Person,40,west
p16436,Person,38,south
p16437,Person,25,east
p16438,Person,49,central
p16439,Person,24,central
p16440,Person,71,central
p16441,Person,45,south
p16442,Person,43,west
p16443,Person,42,north
p16444,Person,53,south
p16445,Person,66,central
p16446,Person,26,east
p16447,Person,50,central
p16448,Person,27,west
p16449,Person,60,south
p16450,Person,19,south
p16451,Person,35,south
p16452,Person,31,east
p16453,Person,75,central
p16454,Person,23,south
p16455,Person,43,west
p16456,Person,30,central
p16457,Person,47,west
p16458,Person,47,north
p16459,Person,34,east
p16460,Person,75,west
p16461,Person,67,north
p16462,Person,65,north
p16463,Person,76,north
p16464,Person,59,east
p16465,Person,40,east
p16466,Person,22,south
p16467,Person,32,west
p16468,Person,75,north
p16469,Person,64,central
p16470,Person,63,east
p16471,Person,24,west
p16472,Person,35,east
p16473,Person,28,north
p16474,Person,67,west
p16475,Person,18,west
p16476,Person,53,west
p16477,Person,51,south
p16478,Person,48,central
p16479,Person,72,south
p16480,Person,67,west
p16481,Person,24,south
p16482,Person,61,north
p16483,Person,36,east
p16484,Person,46,north
p16485,Person,50,north
p16486,Person,71,east
p16487,Person,20,central
p16488,Person,20,central
p16489,Person,34,central
p16490,Person,77,north
p16491,Person,34,north
p16492,Person,69,east
p16493,Person,38,west
p16494,Person,57,east
p16495,Person,52,south
p16496,Person,36,south
p16497,Person,60,west
p16498,Person,48,east
p16499,Person,45,south
p16500,Person,49,west
p16501,Person,20,north
p16502,Person,32,east
p16503,Person,61,west
p16504,Person,73,south
p16505,Person,27,central
p16506,Person,61,west
p16507,Person,38,north
p16508,Person,33,north
p16509,Person,40,west
p16510,Person,42,south
p16511,Person,38,north
p16512,Person,35,south
p16513,Person,32,west
p16514,Person,63,west
p16515,Person,33,south
p16516,Person,35,north
p16517,Person,58,east
p16518,Person,66,east
p16519,Person,29,north
p16520,Person,63,central
p16521,Person,32,south
p16522,Person,40,central
p16523,Person,68,west
p16524,Person,63,west
p16525,Person,40,south
p16526,Person,76,west
p16527,Person,57,south
p16528,Person,67,west
p16529,Person,76,north
p16530,Person,77,central
p16531,Person,27,central
p16532,Person,42,west
p16533,Person,29,west
p16534,Person,68,south
p16535,Person,36,east
p16536,Person,52,north
p16537,Person,24,south
p16538,Person,55,west
p16539,Person,63,central
p16540,Person,26,north
p16541,Person,63,west
p16542,Person,75,central
p16543,Person,58,west
p16544,Person,63,north
p16545,Person,53,central
p16546,Person,52,west
p16547,Person,60,south
p16548,Person,32,south
p16549,Person,65,south
p16550,Person,59,north
p16551,Person,47,central
p16552,Person,18,north
p16553,Person,21,east
p16554,Person,68,west
p16555,Person,52,north
p16556,Person,53,central
p16557,Person,49,south
p16558,Person,45,north
p16559,Person,42,east
p16560,Person,74,west
p16561,Person,42,west
p16562,Person,42,south
p16563,Person,59,west
p16564,Person,19,central
p16565,Person,22,central
p16566,Person,71,south
p16567,Person,34,south
p16568,Person,45,south
p16569,Person,25,east
p16570,Person,36,central
p16571,Person,29,south
p16572,Person,57,central
p16573,Person,56,central
p16574,Person,41,south
p16575,Person,70,west
p16576,Person,42,central
p16577,Person,44,north
p16578,Person,49,central
p16579,Person,45,south
p16580,Person,30,east
p16581,Person,64,central
p16582,Person,36,south
p16583,Person,51,east
p16584,Person,35,east
p16585,Person,35,north
p16586,Person,41,west
p16587,Person,43,north
p16588,Person,60,central
p16589,Person,27,west
p16590,Person,31,east
p16591,Person,44,east
p16592,Person,52,central
p16593,Person,18,central
p16594,Person,24,central
p16595,Person,31,central
p16596,Person,53,east
p16597,Person,67,east
p16598,Person,61,east
p16599,Person,18,west
p16600,Person,18,south
p16601,Person,18,south
p16602,Person,63,central
p16603,Person,50,central
p16604,Person,32,central
p16605,Person,37,east
p16606,Person,38,north
p16607,Person,35,north
p16608,Person,28,west
p16609,Person,40,east
p16610,Person,25,east
p16611,Person,19,north
p16612,Person,58,west
p16613,Person,19,west
p16614,Person,34,east
p16615,Person,76,east
p16616,Person,33,north
p16617,Person,59,east
p16618,Person,36,central
p16619,Person,66,east
p16620,Person,44,west
p16621,Person,73,central
p16622,Person,75,east
p16623,Person,68,east
p16624,Person,51,north
p16625,Person,67,south
p16626,Person,46,south
p16627,Person,62,west
p16628,Person,71,west
p16629,Person,71,west
p16630,Person,42,north
p16631,Person,39,north
p16632,Person,61,west
p16633,Person,34,central
p16634,Person,51,south
p16635,Person,57,north
p16636,Person,53,west
p16637,Person,24,south
p16638,Person,67,north
p16639,Person,67,west
p16640,Person,76,north
p16641,Person,62,central
p16642,Person,31,west
p16643,Person,24,north
p16644,Person,77,south
p16645,Person,46,north
p16646,Person,76,west
p16647,Person,67,central
p16648,Person,72,central
p16649,Person,43,west
p16650,Person,37,west
p16651,Person,68,north
p16652,Person,41,central
p16653,Person,56,west
p16654,Person,47,west
p16655,Person,61,east
p16656,Person,72,south
p16657,Person,57,north
p16658,Person,70,north
p16659,Person,42,west
p16660,Person,48,north
p16661,Person,49,west
p16662,Person,33,west
p16663,Person,67,north
p16664,Person,20,north
p16665,Person,60,south
p16666,Person,64,west
p16667,Person,44,central
p16668,Person,30,north
p16669,Person,50,west
p16670,Person,26,central
p16671,Person,44,west
p16672,Person,56,east
p16673,Person,77,central
p16674,Person,45,north
p16675,Person,76,central
p16676,Person,70,central
p16677,Person,21,west
p16678,Person,75,central
p16679,Person,21,west
p16680,Person,38,south
p16681,Person,77,east
p16682,Person,69,north
p16683,Person,62,east
p16684,Person,35,north
p16685,Person,36,west
p16686,Person,30,east
p16687,Person,55,central
p16688,Person,45,south
p16689,Person,73,south
p16690,Person,26,central
p16691,Person,54,west
p16692,Person,38,south
p16693,Person,18,east
p16694,Person,18,south
p16695,Person,38,north
p16696,Person,25,central
p16697,Person,49,east
p16698,Person,68,central
p16699,Person,29,north
p16700,Person,30,west
p16701,Person,20,north
p16702,Person,41,east
p16703,Person,35,west
p16704,Person,71,south
p16705,Person,24,south
p16706,Person,65,east
p16707,Person,76,south
p16708,Person,69,north
p16709,Person,47,east
p16710,Person,38,central
p16711,Person,21,south
p16712,Person,59,north
p16713,Person,23,north
p16714,Person,77,west
p16715,Person,29,north
p16716,Person,34,east
p16717,Person,33,central
p16718,Person,55,west
p16719,Person,57,west
p16720,Person,66,east
p16721,Person,69,south
p16722,Person,64,east
p16723,Person,60,central
p16724,Person,55,south
p16725,Person,51,west
p16726,Person,69,central
p16727,Person,58,south
p16728,Person,59,west
p16729,Person,56,north
p16730,Person,73,west
p16731,Person,65,central
p16732,Person,59,south
p16733,Person,76,east
p16734,Person,31,central
p16735,Person,35,south
p16736,Person,22,south
p16737,Person,55,north
p16738,Person,21,south
p16739,Person,37,east
p16740,Person,73,east
p16741,Person,56,central
p16742,Person,40,east
p16743,Person,32,south
p16744,Person,53,south
p16745,Person,19,central
p16746,Person,45,east
p16747,Person,21,south
p16748,Person,35,central
p16749,Person,36,south
p16750,Person,20,east
p16751,Person,43,central
p16752,Person,74,east
p16753,Person,44,west
p16754,Person,64,east
p16755,Person,27,north
p16756,Person,59,north
p16757,Person,41,central
p16758,Person,62,central
p16759,Person,38,central
p16760,Person,47,south
p16761,Person,60,north
p16762,Person,40,west
p16763,Person,50,central
p16764,Person,67,central
p16765,Person,25,south
p16766,Person,58,central
p16767,Person,26,west
p16768,Person,31,west
p16769,Person,60,south
p16770,Person,47,north
p16771,Person,52,north
p16772,Person,39,central
p16773,Person,18,east
p16774,Person,73,north
p16775,Person,23,central
p16776,Person,25,east
p16777,Person,20,west
p16778,Person,49,north
p16779,Person,76,central
p16780,Person,45,south
p16781,Person,60,south
p16782,Person,54,east
p16783,Person,26,central
p16784,Person,72,east
p16785,Person,69,central
p16786,Person,31,north
p16787,Person,22,central
p16788,Person,57,west
p16789,Person,40,central
p16790,Person,63,west
p16791,Person,66,east
p16792,Person,24,north
p16793,Person,34,central
p16794,Person,56,west
p16795,Person,64,west
p16796,Person,27,west
p16797,Person,44,north
p16798,Person,50,north
p16799,Person,36,central
p16800,Person,20,north
p16801,Person,77,west
p16802,Person,37,south
p16803,Person,59,central
p16804,Person,37,south
p16805,Person,62,south
p16806,Person,39,east
p16807,Person,76,south
p16808,Person,34,north
p16809,Person,18,central
p16810,Person,73,south
p16811,Person,19,east
p16812,Person,33,east
p16813,Person,57,east
p16814,Person,49,central
p16815,Person,57,central
p16816,Person,34,east
p16817,Person,21,central
p16818,Person,72,south
p16819,Person,67,east
p16820,Person,54,west
p16821,Person,64,central
p16822,Person,66,central
p16823,Person,30,west
p16824,Person,23,south
p16825,Person,50,east
p16826,Person,40,central
p16827,Person,20,west
p16828,Person,22,central
p16829,Person,44,south
p16830,Person,51,east
p16831,Person,41,west
p16832,Person,60,central
p16833,Person,73,north
p16834,Person,34,north
p16835,Person,61,west
p16836,Person,22,north
p16837,Person,58,central
p16838,Person,72,central
p16839,Person,58,east
p16840,Person,71,south
p16841,Person,39,central
p16842,Person,68,central
p16843,Person,75,central
p16844,Person,65,west
p16845,Person,52,west
p16846,Person,59,south
p16847,Person,62,south
p16848,Person,62,north
p16849,Person,21,north
p16850,Person,61,north
p16851,Person,65,east
p16852,Person,53,west
p16853,Person,18,west
p16854,Person,62,central
p16855,Person,71,north
p16856,Person,49,central
p16857,Person,40,east
p16858,Person,29,central
p16859,Person,49,north
p16860,Person,61,central
p16861,Person,68,east
p16862,Person,76,south
p16863,Person,68,west
p16864,Person,63,central
p16865,Person,56,east
p16866,Person,26,east
p16867,Person,27,north
p16868,Person,69,east
p16869,Person,74,north
p16870,Person,55,central
p16871,Person,41,east
p16872,Person,26,east
p16873,Person,70,north
p16874,Person,42,north
p16875,Person,61,west
p16876,Person,77,west
p16877,Person,42,west
p16878,Person,60,south
p16879,Person,51,east
p16880,Person,77,west
p16881,Person,28,central
p16882,Person,69,south
p16883,Person,27,east
p16884,Person,41,central
p16885,Person,25,north
p16886,Person,44,south
p16887,Person,53,south
p16888,Person,44,east
p16889,Person,37,west
p16890,Person,53,south
p16891,Person,68,north
p16892,Person,23,west
p16893,Person,43,west
p16894,Person,64,central
p16895,Person,61,central
p16896,Person,59,south
p16897,Person,32,north
p16898,Person,63,north
p16899,Person,24,central
p16900,Person,42,east
p16901,Person,42,west
p16902,Person,45,south
p16903,Person,29,west
p16904,Person,53,central
p16905,Person,54,west
p16906,Person,48,north
p16907,Person,43,south
p16908,Person,44,east
p16909,Person,31,south
p16910,Person,44,east
p16911,Person,29,north
p16912,Person,73,south
p16913,Person,77,north
p16914,Person,53,central
p16915,Person,29,north
p16916,Person,21,south
p16917,Person,60,central
p16918,Person,23,central
p16919,Person,46,north
p16920,Person,19,south
p16921,Person,21,east
p16922,Person,34,east
p16923,Person,64,east
p16924,Person,28,west
p16925,Person,48,north
p16926,Person,47,west
p16927,Person,56,west
p16928,Person,36,north
p16929,Person,34,central
p16930,Person,43,east
p16931,Person,48,south
p16932,Person,20,north
p16933,Person,54,south
p16934,Person,48,west
p16935,Person,44,north
p16936,Person,64,south
p16937,Person,48,south
p16938,Person,67,north
p16939,Person,34,south
p16940,Person,39,west
p16941,Person,63,south
p16942,Person,59,central
p16943,Person,29,west
p16944,Person,73,north
p16945,Person,49,north
p16946,Person,40,west
p16947,Person,18,south
p16948,Person,38,central
p16949,Person,45,east
p16950,Person,37,south
p16951,Person,27,north
p16952,Person,39,south
p16953,Person,70,east
p16954,Person,36,north
p16955,Person,21,central
p16956,Person,28,south
p16957,Person,56,central
p16958,Person,18,central
p16959,Person,26,south
p16960,Person,36,south
p16961,Person,52,south
p16962,Person,77,north
p16963,Person,63,east
p16964,Person,27,south
p16965,Person,33,west
p16966,Person,18,central
p16967,Person,47,central
p16968,Person,49,west
p16969,Person,70,north
p16970,Person,63,central
p16971,Person,37,west
p16972,Person,55,south
p16973,Person,66,east
p16974,Person,41,east
p16975,Person,29,south
p16976,Person,44,north
p16977,Person,42,central
p16978,Person,75,south
p16979,Person,51,north
p16980,Person,36,west
p16981,Person,66,south
p16982,Person,53,south
p16983,Person,21,south
p16984,Person,45,west
p16985,Person,39,east
p16986,Person,57,south
p16987,Person,18,north
p16988,Person,46,west
p16989,Person,55,east
p16990,Person,36,north
p16991,Person,42,south
p16992,Person,62,south
p16993,Person,18,east
p16994,Person,53,central
p16995,Person,41,central
p16996,Person,50,west
p16997,Person,57,east
p16998,Person,55,east
p16999,Person,32,east
p17000,Person,28,east
p17001,Person,72,west
p17002,Person,48,south
p17003,Person,63,east
p17004,Person,23,east
p17005,Person,43,central
p17006,Person,68,central
p17007,Person,41,north
p17008,Person,24,north
p17009,Person,64,central
p17010,Person,19,west
p17011,Person,24,east
p17012,Person,76,west
p17013,Person,46,north
p17014,Person,71,north
p17015,Person,40,west
p17016,Person,56,central
p17017,Person,57,north
p17018,Person,33,west
p17019,Person,44,south
p17020,Person,25,east
p17021,Person,71,central
p17022,Person,72,central
p17023,Person,61,west
p17024,Person,24,west
p17025,Person,77,west
p17026,Person,54,central
p17027,Person,48,east
p17028,Person,58,north
p17029,Person,20,east
p17030,Person,45,north
p17031,Person,61,west
p17032,Person,71,north
p17033,Person,21,west
p17034,Person,57,south
p17035,Person,72,east
p17036,Person,45,south
p17037,Person,66,north
p17038,Person,19,north
p17039,Person,29,north
p17040,Person,43,south
p17041,Person,31,central
p17042,Person,22,central
p17043,Person,34,central
p17044,Person,30,south
p17045,Person,24,south
p17046,Person,61,west
p17047,Person,52,south
p17048,Person,73,central
p17049,Person,59,north
p17050,Person,67,west
p17051,Person,64,east
p17052,Person,44,east
p17053,Person,74,east
p17054,Person,48,north
p17055,Person,45,east
p17056,Person,23,central
p17057,Person,18,north
p17058,Person,24,central
p17059,Person,20,east
p17060,Person,19,south
p17061,Person,47,west
p17062,Person,23,east
p17063,Person,40,central
p17064,Person,20,central
p17065,Person,73,north
p17066,Person,75,north
p17067,Person,73,west
p17068,Person,66,north
p17069,Person,22,west
p17070,Person,33,east
p17071,Person,72,east
p17072,Person,38,central
p17073,Person,47,west
p17074,Person,35,central
p17075,Person,35,south
p17076,Person,40,north
p17077,Person,40,south
p17078,Person,44,west
p17079,Person,54,west
p17080,Person,25,east
p17081,Person,39,north
p17082,Person,74,central
p17083,Person,47,east
p17084,Person,57,south
p17085,Person,35,central
p17086,Person,62,east
p17087,Person,74,central
p17088,Person,77,west
p17089,Person,54,north
p17090,Person,44,east
p17091,Person,41,north
p17092,Person,55,north
p17093,Person,77,south
p17094,Person,29,central
p17095,Person,47,south
p17096,Person,72,north
p17097,Person,37,east
p17098,Person,41,west
p17099,Person,26,east
p17100,Person,18,central
p17101,Person,76,central
p17102,Person,60,north
p17103,Person,48,north
p17104,Person,38,central
p17105,Person,77,east
p17106,Person,39,west
p17107,Person,65,east
p17108,Person,51,east
p17109,Person,36,central
p17110,Person,36,south
p17111,Person,42,south
p17112,Person,63,north
p17113,Person,74,south
p17114,Person,50,central
p17115,Person,63,east
p17116,Person,39,north
p17117,Person,32,south
p17118,Person,21,north
p17119,Person,51,south
p17120,Person,45,central
p17121,Person,36,north
p17122,Person,26,north
p17123,Person,21,east
p17124,Person,21,south
p17125,Person,51,west
p17126,Person,21,south
p17127,Person,62,east
p17128,Person,61,west
p17129,Person,33,west
p17130,Person,35,east
p17131,Person,49,west
p17132,Person,71,central
p17133,Person,46,central
p17134,Person,70,west
p17135,Person,23,east
p17136,Person,64,central
p17137,Person,44,north
p17138,Person,34,south
p17139,Person,32,north
p17140,Person,25,south
p17141,Person,65,south
p17142,Person,52,south
p17143,Person,76,east
p17144,Person,18,north
p17145,Person,69,east
p17146,Person,35,north
p17147,Person,54,north
p17148,Person,48,central
p17149,Person,27,south
p17150,Person,54,west
p17151,Person,47,south
p17152,Person,64,south
p17153,Person,24,north
p17154,Person,61,west
p17155,Person,24,west
p17156,Person,24,north
p17157,Person,31,north
p17158,Person,20,west
p17159,Person,41,north
p17160,Person,32,west
p17161,Person,26,east
p17162,Person,73,east
p17163,Person,61,east
p17164,Person,73,east
p17165,Person,66,west
p17166,Person,22,north
p17167,Person,23,central
p17168,Person,51,west
p17169,Person,64,central
p17170,Person,73,central
p17171,Person,64,south
p17172,Person,61,east
p17173,Person,31,south
p17174,Person,27,south
p17175,Person,67,west
p17176,Person,31,central
p17177,Person,23,west
p17178,Person,45,south
p17179,Person,28,north
p17180,Person,30,west
p17181,Person,55,east
p17182,Person,24,north
p17183,Person,34,south
p17184,Person,42,west
p17185,Person,77,west
p17186,Person,33,south
p17187,Person,44,north
p17188,Person,29,north
p17189,Person,21,north
p17190,Person,41,east
p17191,Person,25,east
p17192,Person,18,north
p17193,Person,36,north
p17194,Person,55,north
p17195,Person,45,west
p17196,Person,28,south
p17197,Person,63,east
p17198,Person,40,central
p17199,Person,51,west
p17200,Person,36,central
p17201,Person,52,north
p17202,Person,38,central
p17203,Person,23,north
p17204,Person,38,north
p17205,Person,32,central
p17206,Person,59,central
p17207,Person,73,south
p17208,Person,64,central
p17209,Person,54,south
p17210,Person,22,east
p17211,Person,44,south
p17212,Person,50,east
p17213,Person,30,south
p17214,Person,46,east
p17215,Person,23,west
p17216,Person,39,west
p17217,Person,51,north
p17218,Person,32,west
p17219,Person,60,west
p17220,Person,41,south
p17221,Person,19,south
p17222,Person,60,north
p17223,Person,55,central
p17224,Person,24,south
p17225,Person,74,east
p17226,Person,21,south
p17227,Person,51,central
p17228,Person,63,south
p17229,Person,19,south
p17230,Person,64,south
p17231,Person,32,west
p17232,Person,19,south
p17233,Person,35,west
p17234,Person,48,central
p17235,Person,58,north
p17236,Person,73,west
p17237,Person,58,north
p17238,Person,77,north
p17239,Person,51,east
p17240,Person,30,central
p17241,Person,43,east
p17242,Person,54,east
p17243,Person,59,central
p17244,Person,39,east
p17245,Person,74,central
p17246,Person,37,east
p17247,Person,31,north
p17248,Person,27,central
p17249,Person,73,south
p17250,Person,69,west
p17251,Person,65,south
p17252,Person,56,central
p17253,Person,41,south
p17254,Person,35,south
p17255,Person,43,north
p17256,Person,45,north
p17257,Person,54,central
p17258,Person,22,west
p17259,Person,32,south
p17260,Person,51,south
p17261,Person,20,west
p17262,Person,45,north
p17263,Person,30,central
p17264,Person,45,central
p17265,Person,55,south
p17266,Person,67,east
p17267,Person,58,west
p17268,Person,51,east
p17269,Person,21,north
p17270,Person,40,west
p17271,Person,35,east
p17272,Person,38,central
p17273,Person,56,north
p17274,Person,75,north
p17275,Person,27,west
p17276,Person,77,east
p17277,Person,28,south
p17278,Person,70,south
p17279,Person,31,south
p17280,Person,41,central
p17281,Person,69,central
p17282,Person,24,north
p17283,Person,26,west
p17284,Person,69,south
p17285,Person,52,north
p17286,Person,68,west
p17287,Person,20,east
p17288,Person,26,south
p17289,Person,48,north
p17290,Person,73,north
p17291,Person,71,north
p17292,Person,20,south
p17293,Person,58,central
p17294,Person,62,east
p17295,Person,29,north
p17296,Person,34,central
p17297,Person,18,north
p17298,Person,51,south
p17299,Person,27,central
p17300,Person,27,north
p17301,Person,69,central
p17302,Person,64,south
p17303,Person,41,west
p17304,Person,49,south
p17305,Person,59,east
p17306,Person,60,south
p17307,Person,35,central
p17308,Person,58,north
p17309,Person,57,south
p17310,Person,61,west
p17311,Person,69,north
p17312,Person,45,central
p17313,Person,31,central
p17314,Person,41,central
p17315,Person,19,west
p17316,Person,29,west
p17317,Person,51,north
p17318,Person,32,central
p17319,Person,20,central
p17320,Person,47,west
p17321,Person,62,west
p17322,Person,74,east
p17323,Person,27,central
p17324,Person,75,south
p17325,Person,35,west
p17326,Person,28,west
p17327,Person,72,north
p17328,Person,69,central
p17329,Person,36,east
p17330,Person,65,central
p17331,Person,29,west
p17332,Person,57,west
p17333,Person,71,south
p17334,Person,28,east
p17335,Person,73,north
p17336,Person,60,south
p17337,Person,59,east
p17338,Person,57,east
p17339,Person,66,central
p17340,Person,53,central
p17341,Person,77,east
p17342,Person,38,east
p17343,Person,77,central
p17344,Person,76,west
p17345,Person,56,south
p17346,Person,32,central
p17347,Person,54,central
p17348,Person,75,east
p17349,Person,44,central
p17350,Person,73,south
p17351,Person,47,south
p17352,Person,62,south
p17353,Person,47,west
p17354,Person,37,north
p17355,Person,55,central
p17356,Person,31,south
p17357,Person,62,north
p17358,Person,24,central
p17359,Person,71,central
p17360,Person,66,east
p17361,Person,73,north
p17362,Person,59,north
p17363,Person,55,central
p17364,Person,65,south
p17365,Person,36,east
p17366,Person,62,north
p17367,Person,66,east
p17368,Person,77,south
p17369,Person,62,central
p17370,Person,48,central
p17371,Person,19,east
p17372,Person,43,central
p17373,Person,21,east
p17374,Person,50,east
p17375,Person,24,south
p17376,Person,46,east
p17377,Person,66,south
p17378,Person,70,north
p17379,Person,65,central
p17380,Person,59,central
p17381,Person,56,south
p17382,Person,37,west
p17383,Person,40,central
p17384,Person,32,central
p17385,Person,21,central
p17386,Person,75,north
p17387,Person,27,central
p17388,Person,54,central
p17389,Person,27,central
p17390,Person,22,south
p17391,Person,41,south
p17392,Person,46,south
p17393,Person,47,east
p17394,Person,68,south
p17395,Person,54,central
p17396,Person,42,east
p17397,Person,22,south
p17398,Person,22,north
p17399,Person,76,south
p17400,Person,76,north
p17401,Person,52,south
p17402,Person,42,west
p17403,Person,56,north
p17404,Person,46,east
p17405,Person,51,east
p17406,Person,56,west
p17407,Person,27,north
p17408,Person,24,south
p17409,Person,24,central
p17410,Person,62,west
p17411,Person,21,west
p17412,Person,35,north
p17413,Person,34,central
p17414,Person,56,north
p17415,Person,46,east
p17416,Person,41,central
p17417,Person,46,north
p17418,Person,22,east
p17419,Person,53,central
p17420,Person,62,east
p17421,Person,20,west
p17422,Person,65,east
p17423,Person,18,central
p17424,Person,21,central
p17425,Person,23,west
p17426,Person,52,east
p17427,Person,34,central
p17428,Person,74,east
p17429,Person,56,north
p17430,Person,19,east
p17431,Person,45,north
p17432,Person,59,north
p17433,Person,53,south
p17434,Person,33,west
p17435,Person,31,central
p17436,Person,58,south
p17437,Person,39,central
p17438,Person,60,central
p17439,Person,51,west
p17440,Person,74,north
p17441,Person,20,north
p17442,Person,59,central
p17443,Person,18,north
p17444,Person,26,north
p17445,Person,60,central
p17446,Person,39,south
p17447,Person,67,west
p17448,Person,25,south
p17449,Person,68,east
p17450,Person,31,central
p17451,Person,55,central
p17452,Person,32,central
p17453,Person,21,central
p17454,Person,66,west
p17455,Person,22,south
p17456,Person,19,central
p17457,Person,33,west
p17458,Person,56,central
p17459,Person,51,north
p17460,Person,20,west
p17461,Person,23,east
p17462,Person,22,central
p17463,Person,36,east
p17464,Person,60,south
p17465,Person,70,west
p17466,Person,64,east
p17467,Person,74,south
p17468,Person,30,north
p17469,Person,67,east
p17470,Person,19,west
p17471,Person,71,south
p17472,Person,26,west
p17473,Person,72,east
p17474,Person,61,east
p17475,Person,46,west
p17476,Person,68,central
p17477,Person,69,north
p17478,Person,34,north
p17479,Person,31,south
p17480,Person,28,south
p17481,Person,73,north
p17482,Person,55,east
p17483,Person,48,central
p17484,Person,40,west
p17485,Person,62,south
p17486,Person,54,north
p17487,Person,32,west
p17488,Person,23,east
p17489,Person,22,south
p17490,Person,39,south
p17491,Person,57,east
p17492,Person,76,west
p17493,Person,41,west
p17494,Person,67,west
p17495,Person,41,west
p17496,Person,60,south
p17497,Person,36,east
p17498,Person,71,south
p17499,Person,31,west
p17500,Person,54,west
p17501,Person,73,east
p17502,Person,58,west
p17503,Person,53,east
p17504,Person,60,west
p17505,Person,43,south
p17506,Person,35,south
p17507,Person,33,east
p17508,Person,77,central
p17509,Person,60,central
p17510,Person,57,central
p17511,Person,32,south
p17512,Person,44,south
p17513,Person,23,south
p17514,Person,44,west
p17515,Person,72,south
p17516,Person,75,west
p17517,Person,58,north
p17518,Person,63,north
p17519,Person,35,south
p17520,Person,51,west
p17521,Person,29,east
p17522,Person,42,east
p17523,Person,39,central
p17524,Person,58,central
p17525,Person,70,north
p17526,Person,62,south
p17527,Person,26,north
p17528,Person,68,north
p17529,Person,65,east
p17530,Person,44,west
p17531,Person,35,east
p17532,Person,39,east
p17533,Person,39,north
p17534,Person,74,north
p17535,Person,60,west
p17536,Person,56,east
p17537,Person,53,west
p17538,Person,69,south
p17539,Person,55,east
p17540,Person,62,east
p17541,Person,34,west
p17542,Person,68,south
p17543,Person,49,central
p17544,Person,31,south
p17545,Person,55,east
p17546,Person,30,west
p17547,Person,76,central
p17548,Person,73,south
p17549,Person,20,north
p17550,Person,35,north
p17551,Person,59,east
p17552,Person,66,north
p17553,Person,55,east
p17554,Person,24,central
p17555,Person,22,east
p17556,Person,68,north
p17557,Person,45,central
p17558,Person,40,central
p17559,Person,18,east
p17560,Person,59,central
p17561,Person,70,east
p17562,Person,58,east
p17563,Person,69,north
p17564,Person,38,west
p17565,Person,54,central
p17566,Person,71,north
p17567,Person,31,west
p17568,Person,48,south
p17569,Person,51,east
p17570,Person,66,west
p17571,Person,35,east
p17572,Person,19,central
p17573,Person,67,north
p17574,Person,77,central
p17575,Person,35,east
p17576,Person,67,south
p17577,Person,72,central
p17578,Person,31,east
p17579,Person,33,east
p17580,Person,53,central
p17581,Person,61,north
p17582,Person,34,central
p17583,Person,60,central
p17584,Person,44,north
p17585,Person,45,south
p17586,Person,53,central
p17587,Person,75,west
p17588,Person,38,east
p17589,Person,56,south
p17590,Person,48,east
p17591,Person,54,north
p17592,Person,44,west
p17593,Person,23,north
p17594,Person,39,north
p17595,Person,60,west
p17596,Person,52,east
p17597,Person,63,west
p17598,Person,25,south
p17599,Person,34,west
p17600,Person,68,south
p17601,Person,43,south
p17602,Person,40,east
p17603,Person,70,south
p17604,Person,22,north
p17605,Person,51,east
p17606,Person,26,central
p17607,Person,58,south
p17608,Person,59,central
p17609,Person,74,north
p17610,Person,75,south
p17611,Person,58,south
p17612,Person,67,west
p17613,Person,77,central
p17614,Person,43,south
p17615,Person,57,north
p17616,Person,65,south
p17617,Person,21,north
p17618,Person,20,east
p17619,Person,20,central
p17620,Person,55,north
p17621,Person,24,north
p17622,Person,63,north
p17623,Person,52,west
p17624,Person,29,central
p17625,Person,39,north
p17626,Person,42,west
p17627,Person,54,east
p17628,Person,77,north
p17629,Person,52,central
p17630,Person,49,north
p17631,Person,73,east
p17632,Person,22,south
p17633,Person,74,central
p17634,Person,73,north
p17635,Person,30,east
p17636,Person,52,east
p17637,Person,74,east
p17638,Person,75,central
p17639,Person,40,west
p17640,Person,38,east
p17641,Person,18,east
p17642,Person,69,south
p17643,Person,44,west
p17644,Person,31,east
p17645,Person,71,north
p17646,Person,62,central
p17647,Person,66,west
p17648,Person,21,west
p17649,Person,49,west
p17650,Person,25,north
p17651,Person,21,west
p17652,Person,55,south
p17653,Person,27,south
p17654,Person,59,central
p17655,Person,59,south
p17656,Person,75,south
p17657,Person,35,south
p17658,Person,63,south
p17659,Person,59,central
p17660,Person,66,central
p17661,Person,46,east
p17662,Person,33,south
p17663,Person,65,east
p17664,Person,22,south
p17665,Person,74,west
p17666,Person,72,east
p17667,Person,21,south
p17668,Person,42,central
p17669,Person,28,north
p17670,Person,68,north
p17671,Person,75,east
p17672,Person,46,west
p17673,Person,43,north
p17674,Person,35,north
p17675,Person,54,west
p17676,Person,48,east
p17677,Person,75,south
p17678,Person,60,central
p17679,Person,31,east
p17680,Person,29,east
p17681,Person,48,north
p17682,Person,54,central
p17683,Person,64,north
p17684,Person,52,north
p17685,Person,21,south
p17686,Person,63,south
p17687,Person,66,south
p17688,Person,30,east
p17689,Person,42,south
p17690,Person,52,south
p17691,Person,73,west
p17692,Person,28,north
p17693,Person,22,central
p17694,Person,70,west
p17695,Person,53,north
p17696,Person,52,west
p17697,Person,22,central
p17698,Person,48,east
p17699,Person,33,south
p17700,Person,56,east
p17701,Person,61,east
p17702,Person,34,east
p17703,Person,31,east
p17704,Person,42,east
p17705,Person,46,east
p17706,Person,58,west
p17707,Person,41,north
p17708,Person,57,central
p17709,Person,59,central
p17710,Person,60,central
p17711,Person,73,north
p17712,Person,23,south
p17713,Person,27,central
p17714,Person,41,central
p17715,Person,64,central
p17716,Person,66,central
p17717,Person,60,south
p17718,Person,22,east
p17719,Person,69,west
p17720,Person,57,west
p17721,Person,58,north
p17722,Person,52,east
p17723,Person,43,east
p17724,Person,52,north
p17725,Person,27,east
p17726,Person,76,east
p17727,Person,18,north
p17728,Person,32,west
p17729,Person,22,south
p17730,Person,70,west
p17731,Person,66,central
p17732,Person,33,west
p17733,Person,40,east
p17734,Person,47,west
p17735,Person,67,central
p17736,Person,32,west
p17737,Person,51,east
p17738,Person,60,west
p17739,Person,52,central
p17740,Person,60,north
p17741,Person,25,east
p17742,Person,51,south
p17743,Person,41,west
p17744,Person,73,west
p17745,Person,59,east
p17746,Person,24,central
p17747,Person,69,east
p17748,Person,37,west
p17749,Person,44,west
p17750,Person,75,west
p17751,Person,32,north
p17752,Person,76,west
p17753,Person,55,west
p17754,Person,43,north
p17755,Person,41,central
p17756,Person,52,south
p17757,Person,46,central
p17758,Person,19,east
p17759,Person,58,east
p17760,Person,20,east
p17761,Person,57,central
p17762,Person,33,central
p17763,Person,65,east
p17764,Person,47,west
p17765,Person,19,west
p17766,Person,18,east
p17767,Person,34,north
p17768,Person,52,north
p17769,Person,48,east
p17770,Person,76,north
p17771,Person,61,east
p17772,Person,62,west
p17773,Person,30,west
p17774,Person,21,west
p17775,Person,73,south
p17776,Person,40,north
p17777,Person,48,east
p17778,Person,29,central
p17779,Person,68,south
p17780,Person,41,north
p17781,Person,72,west
p17782,Person,48,south
p17783,Person,28,east
p17784,Person,65,north
p17785,Person,61,north
p17786,Person,65,east
p17787,Person,55,east
p17788,Person,50,south
p17789,Person,52,west
p17790,Person,63,east
p17791,Person,61,east
p17792,Person,63,east
p17793,Person,62,west
p17794,Person,56,south
p17795,Person,24,north
p17796,Person,50,north
p17797,Person,27,south
p17798,Person,56,east
p17799,Person,50,west
p17800,Person,40,west
p17801,Person,21,central
p17802,Person,62,north
p17803,Person,25,east
p17804,Person,68,north
p17805,Person,72,east
p17806,Person,18,north
p17807,Person,50,east
p17808,Person,33,east
p17809,Person,25,south
p17810,Person,55,south
p17811,Person,20,west
p17812,Person,32,west
p17813,Person,38,north
p17814,Person,32,east
p17815,Person,40,east
p17816,Person,36,east
p17817,Person,40,north
p17818,Person,65,north
p17819,Person,40,south
p17820,Person,29,east
p17821,Person,69,east
p17822,Person,26,north
p17823,Person,23,north
p17824,Person,31,east
p17825,Person,30,west
p17826,Person,61,south
p17827,Person,54,west
p17828,Person,77,east
p17829,Person,63,west
p17830,Person,24,east
p17831,Person,64,south
p17832,Person,74,west
p17833,Person,53,east
p17834,Person,23,east
p17835,Person,66,central
p17836,Person,69,south
p17837,Person,75,central
p17838,Person,46,south
p17839,Person,52,north
p17840,Person,21,east
p17841,Person,51,west
p17842,Person,50,north
p17843,Person,75,west
p17844,Person,22,north
p17845,Person,51,north
p17846,Person,69,central
p17847,Person,33,east
p17848,Person,63,south
p17849,Person,47,central
p17850,Person,29,north
p17851,Person,22,west
p17852,Person,29,west
p17853,Person,55,south
p17854,Person,49,north
p17855,Person,27,south
p17856,Person,76,west
p17857,Person,18,west
p17858,Person,56,south
p17859,Person,58,south
p17860,Person,74,east
p17861,Person,38,north
p17862,Person,75,south
p17863,Person,56,south
p17864,Person,29,north
p17865,Person,77,south
p17866,Person,70,north
p17867,Person,21,west
p17868,Person,75,north
p17869,Person,29,south
p17870,Person,60,south
p17871,Person,31,south
p17872,Person,40,east
p17873,Person,61,south
p17874,Person,41,west
p17875,Person,75,west
p17876,Person,55,central
p17877,Person,60,south
p17878,Person,76,north
p17879,Person,49,north
p17880,Person,23,south
p17881,Person,29,central
p17882,Person,21,central
p17883,Person,35,central
p17884,Person,53,west
p17885,Person,39,north
p17886,Person,44,north
p17887,Person,31,central
p17888,Person,40,west
p17889,Person,45,east
p17890,Person,25,east
p17891,Person,49,west
p17892,Person,37,east
p17893,Person,69,central
p17894,Person,59,west
p17895,Person,66,west
p17896,Person,22,south
p17897,Person,77,south
p17898,Person,40,east
p17899,Person,72,west
p17900,Person,55,central
p17901,Person,65,north
p17902,Person,21,west
p17903,Person,21,central
p17904,Person,69,south
p17905,Person,40,north
p17906,Person,34,north
p17907,Person,72,north
p17908,Person,54,south
p17909,Person,33,north
p17910,Person,32,central
p17911,Person,23,north
p17912,Person,57,east
p17913,Person,25,north
p17914,Person,33,east
p17915,Person,29,west
p17916,Person,34,central
p17917,Person,41,west
p17918,Person,25,south
p17919,Person,59,central
p17920,Person,69,west
p17921,Person,23,east
p17922,Person,51,south
p17923,Person,19,west
p17924,Person,41,east
p17925,Person,50,east
p17926,Person,72,east
p17927,Person,44,north
p17928,Person,74,east
p17929,Person,25,central
p17930,Person,32,east
p17931,Person,61,south
p17932,Person,49,central
p17933,Person,23,north
p17934,Person,68,north
p17935,Person,75,north
p17936,Person,36,south
p17937,Person,65,west
p17938,Person,54,east
p17939,Person,49,south
p17940,Person,69,central
p17941,Person,18,west
p17942,Person,35,central
p17943,Person,24,central
p17944,Person,61,south
p17945,Person,59,central
p17946,Person,59,north
p17947,Person,64,north
p17948,Person,32,east
p17949,Person,73,south
p17950,Person,33,east
p17951,Person,76,north
p17952,Person,38,south
p17953,Person,31,west
p17954,Person,26,north
p17955,Person,52,central
p17956,Person,20,east
p17957,Person,34,east
p17958,Person,36,north
p17959,Person,43,central
p17960,Person,31,central
p17961,Person,28,east
p17962,Person,28,north
p17963,Person,67,north
p17964,Person,61,west
p17965,Person,37,central
p17966,Person,56,west
p17967,Person,52,north
p17968,Person,22,north
p17969,Person,69,south
p17970,Person,21,west
p17971,Person,69,south
p17972,Person,33,east
p17973,Person,44,east
p17974,Person,65,central
p17975,Person,48,south
p17976,Person,47,east
p17977,Person,47,west
p17978,Person,48,west
p17979,Person,26,west
p17980,Person,61,east
p17981,Person,75,east
p17982,Person,52,west
p17983,Person,66,central
p17984,Person,26,east
p17985,Person,43,west
p17986,Person,50,south
p17987,Person,39,west
p17988,Person,22,central
p17989,Person,39,south
p17990,Person,24,south
p17991,Person,23,north
p17992,Person,49,south
p17993,Person,41,north
p17994,Person,68,south
p17995,Person,51,central
p17996,Person,24,south
p17997,Person,59,north
p17998,Person,31,central
p17999,Person,49,central
p18000,Person,57,south
p18001,Person,51,central
p18002,Person,49,south
p18003,Person,52,central
p18004,Person,59,central
p18005,Person,34,north
p18006,Person,30,north
p18007,Person,75,east
p18008,Person,51,central
p18009,Person,59,central
p18010,Person,56,central
p18011,Person,66,north
p18012,Person,18,west
p18013,Person,72,central
p18014,Person,59,east
p18015,Person,67,east
p18016,Person,47,central
p18017,Person,66,west
p18018,Person,69,west
p18019,Person,34,west
p18020,Person,19,north
p18021,Person,20,east
p18022,Person,38,central
p18023,Person,72,north
p18024,Person,76,north
p18025,Person,55,south
p18026,Person,39,south
p18027,Person,67,north
p18028,Person,21,central
p18029,Person,60,west
p18030,Person,74,north
p18031,Person,31,east
p18032,Person,64,south
p18033,Person,44,west
p18034,Person,40,west
p18035,Person,73,central
p18036,Person,27,west
p18037,Person,44,west
p18038,Person,76,north
p18039,Person,61,west
p18040,Person,71,north
p18041,Person,51,north
p18042,Person,32,central
p18043,Person,35,west
p18044,Person,71,south
p18045,Person,50,west
p18046,Person,69,east
p18047,Person,73,south
p18048,Person,44,west
p18049,Person,63,north
p18050,Person,38,west
p18051,Person,67,north
p18052,Person,38,south
p18053,Person,51,south
p18054,Person,71,south
p18055,Person,55,east
p18056,Person,60,east
p18057,Person,76,central
p18058,Person,48,north
p18059,Person,56,central
p18060,Person,60,south
p18061,Person,22,central
p18062,Person,69,south
p18063,Person,64,east
p18064,Person,45,north
p18065,Person,46,west
p18066,Person,60,central
p18067,Person,65,east
p18068,Person,35,central
p18069,Person,70,west
p18070,Person,54,east
p18071,Person,67,central
p18072,Person,41,south
p18073,Person,28,north
p18074,Person,26,west
p18075,Person,70,west
p18076,Person,37,north
p18077,Person,39,east
p18078,Person,75,east
p18079,Person,71,west
p18080,Person,21,west
p18081,Person,55,south
p18082,Person,47,west
p18083,Person,47,west
p18084,Person,25,central
p18085,Person,29,west
p18086,Person,18,north
p18087,Person,42,central
p18088,Person,22,west
p18089,Person,44,central
p18090,Person,51,north
p18091,Person,22,central
p18092,Person,69,east
p18093,Person,46,east
p18094,Person,74,south
p18095,Person,57,central
p18096,Person,20,west
p18097,Person,76,east
p18098,Person,40,west
p18099,Person,77,central
p18100,Person,37,central
p18101,Person,72,south
p18102,Person,58,south
p18103,Person,33,east
p18104,Person,54,west
p18105,Person,68,east
p18106,Person,53,central
p18107,Person,74,central
p18108,Person,35,west
p18109,Person,46,central
p18110,Person,57,east
p18111,Person,36,south
p18112,Person,68,south
p18113,Person,30,east
p18114,Person,44,east
p18115,Person,21,south
p18116,Person,55,south
p18117,Person,62,north
p18118,Person,25,south
p18119,Person,63,east
p18120,Person,49,north
p18121,Person,66,south
p18122,Person,75,west
p18123,Person,59,central
p18124,Person,51,south
p18125,Person,58,central
p18126,Person,22,east
p18127,Person,67,west
p18128,Person,21,north
p18129,Person,62,north
p18130,Person,23,central
p18131,Person,48,east
p18132,Person,40,north
p18133,Person,53,west
p18134,Person,62,west
p18135,Person,22,north
p18136,Person,34,central
p18137,Person,32,north
p18138,Person,50,north
p18139,Person,45,north
p18140,Person,31,south
p18141,Person,52,east
p18142,Person,27,east
p18143,Person,47,central
p18144,Person,56,north
p18145,Person,35,central
p18146,Person,67,north
p18147,Person,29,east
p18148,Person,60,north
p18149,Person,18,north
p18150,Person,41,central
p18151,Person,24,east
p18152,Person,48,west
p18153,Person,43,north
p18154,Person,38,west
p18155,Person,38,west
p18156,Person,30,east
p18157,Person,21,south
p18158,Person,46,east
p18159,Person,18,central
p18160,Person,62,east
p18161,Person,77,south
p18162,Person,65,east
p18163,Person,28,north
p18164,Person,35,south
p18165,Person,40,east
p18166,Person,53,east
p18167,Person,33,south
p18168,Person,50,central
p18169,Person,22,central
p18170,Person,41,east
p18171,Person,20,east
p18172,Person,77,south
p18173,Person,64,west
p18174,Person,55,east
p18175,Person,40,central
p18176,Person,58,west
p18177,Person,25,central
p18178,Person,23,east
p18179,Person,69,north
p18180,Person,61,east
p18181,Person,63,east
p18182,Person,75,south
p18183,Person,26,west
p18184,Person,34,north
p18185,Person,52,east
p18186,Person,23,south
p18187,Person,42,west
p18188,Person,61,north
p18189,Person,49,east
p18190,Person,55,central
p18191,Person,41,east
p18192,Person,67,east
p18193,Person,50,south
p18194,Person,24,west
p18195,Person,60,east
p18196,Person,45,south
p18197,Person,34,south
p18198,Person,23,north
p18199,Person,38,north
p18200,Person,37,central
p18201,Person,30,central
p18202,Person,55,east
p18203,Person,69,east
p18204,Person,71,east
p18205,Person,75,central
p18206,Person,72,north
p18207,Person,70,west
p18208,Person,28,east
p18209,Person,50,west
p18210,Person,22,central
p18211,Person,32,north
p18212,Person,48,east
p18213,Person,65,west
p18214,Person,76,east
p18215,Person,58,west
p18216,Person,32,south
p18217,Person,18,north
p18218,Person,54,south
p18219,Person,74,central
p18220,Person,76,south
p18221,Person,50,east
p18222,Person,56,central
p18223,Person,42,central
p18224,Person,74,south
p18225,Person,72,north
p18226,Person,54,east
p18227,Person,23,west
p18228,Person,65,north
p18229,Person,75,west
p18230,Person,58,north
p18231,Person,58,west
p18232,Person,33,north
p18233,Person,26,south
p18234,Person,43,south
p18235,Person,18,north
p18236,Person,48,west
p18237,Person,72,south
p18238,Person,73,north
p18239,Person,37,east
p18240,Person,51,west
p18241,Person,76,central
p18242,Person,34,south
p18243,Person,21,central
p18244,Person,46,north
p18245,Person,39,east
p18246,Person,36,east
p18247,Person,24,south
p18248,Person,55,east
p18249,Person,22,central
p18250,Person,71,east
p18251,Person,43,north
p18252,Person,57,north
p18253,Person,61,central
p18254,Person,47,west
p18255,Person,43,south
p18256,Person,42,west
p18257,Person,38,south
p18258,Person,49,west
p18259,Person,50,central
p18260,Person,41,east
p18261,Person,41,central
p18262,Person,54,south
p18263,Person,35,east
p18264,Person,36,south
p18265,Person,24,west
p18266,Person,34,north
p18267,Person,63,north
p18268,Person,67,central
p18269,Person,57,south
p18270,Person,40,north
p18271,Person,64,central
p18272,Person,22,east
p18273,Person,34,south
p18274,Person,30,central
p18275,Person,28,west
p18276,Person,42,south
p18277,Person,72,central
p18278,Person,45,south
p18279,Person,30,south
p18280,Person,25,south
p18281,Person,26,south
p18282,Person,55,north
p18283,Person,77,east
p18284,Person,33,south
p18285,Person,53,east
p18286,Person,40,east
p18287,Person,76,east
p18288,Person,34,south
p18289,Person,30,west
p18290,Person,77,north
p18291,Person,22,south
p18292,Person,76,south
p18293,Person,76,central
p18294,Person,39,north
p18295,Person,75,east
p18296,Person,25,east
p18297,Person,46,south
p18298,Person,43,central
p18299,Person,69,west
p18300,Person,47,north
p18301,Person,32,south
p18302,Person,28,south
p18303,Person,21,west
p18304,Person,48,west
p18305,Person,67,central
p18306,Person,18,west
p18307,Person,40,south
p18308,Person,42,central
p18309,Person,29,south
p18310,Person,42,north
p18311,Person,46,west
p18312,Person,28,central
p18313,Person,48,north
p18314,Person,63,west
p18315,Person,73,central
p18316,Person,18,south
p18317,Person,72,west
p18318,Person,66,west
p18319,Person,58,south
p18320,Person,74,central
p18321,Person,28,south
p18322,Person,74,west
p18323,Person,63,east
p18324,Person,75,east
p18325,Person,63,west
p18326,Person,29,central
p18327,Person,75,central
p18328,Person,26,south
p18329,Person,57,north
p18330,Person,24,south
p18331,Person,66,west
p18332,Person,73,north
p18333,Person,36,north
p18334,Person,56,east
p18335,Person,37,west
p18336,Person,20,north
p18337,Person,65,north
p18338,Person,30,west
p18339,Person,69,central
p18340,Person,48,north
p18341,Person,54,north
p18342,Person,24,west
p18343,Person,18,central
p18344,Person,72,central
p18345,Person,29,west
p18346,Person,55,south
p18347,Person,35,north
p18348,Person,66,south
p18349,Person,47,west
p18350,Person,76,north
p18351,Person,28,south
p18352,Person,44,south
p18353,Person,39,south
p18354,Person,75,west
p18355,Person,39,north
p18356,Person,45,south
p18357,Person,43,east
p18358,Person,19,east
p18359,Person,51,east
p18360,Person,20,west
p18361,Person,49,west
p18362,Person,41,east
p18363,Person,43,east
p18364,Person,33,central
p18365,Person,63,north
p18366,Person,40,north
p18367,Person,54,north
p18368,Person,19,west
p18369,Person,43,west
p18370,Person,74,south
p18371,Person,54,east
p18372,Person,37,east
p18373,Person,66,south
p18374,Person,20,west
p18375,Person,44,west
p18376,Person,66,north
p18377,Person,29,north
p18378,Person,73,west
p18379,Person,18,west
p18380,Person,36,central
p18381,Person,43,west
p18382,Person,49,central
p18383,Person,60,west
p18384,Person,76,north
p18385,Person,61,east
p18386,Person,70,central
p18387,Person,66,south
p18388,Person,52,east
p18389,Person,58,east
p18390,Person,33,east
p18391,Person,68,north
p18392,Person,19,east
p18393,Person,19,east
p18394,Person,70,central
p18395,Person,52,east
p18396,Person,22,west
p18397,Person,66,west
p18398,Person,68,south
p18399,Person,43,west
p18400,Person,63,west
p18401,Person,56,south
p18402,Person,28,north
p18403,Person,74,central
p18404,Person,55,east
p18405,Person,29,north
p18406,Person,36,east
p18407,Person,68,north
p18408,Person,28,north
p18409,Person,34,south
p18410,Person,67,central
p18411,Person,72,north
p18412,Person,69,central
p18413,Person,44,west
p18414,Person,40,central
p18415,Person,71,north
p18416,Person,23,north
p18417,Person,43,south
p18418,Person,64,south
p18419,Person,57,west
p18420,Person,51,east
p18421,Person,22,central
p18422,Person,31,east
p18423,Person,53,south
p18424,Person,75,east
p18425,Person,49,central
p18426,Person,35,east
p18427,Person,19,central
p18428,Person,74,east
p18429,Person,41,central
p18430,Person,39,south
p18431,Person,77,central
p18432,Person,23,central
p18433,Person,23,central
p18434,Person,58,south
p18435,Person,56,west
p18436,Person,64,central
p18437,Person,33,west
p18438,Person,21,north
p18439,Person,27,east
p18440,Person,68,east
p18441,Person,40,central
p18442,Person,50,east
p18443,Person,19,central
p18444,Person,19,south
p18445,Person,44,south
p18446,Person,50,south
p18447,Person,52,west
p18448,Person,27,south
p18449,Person,28,east
p18450,Person,34,west
p18451,Person,70,west
p18452,Person,35,north
p18453,Person,63,south
p18454,Person,72,north
p18455,Person,57,east
p18456,Person,32,south
p18457,Person,64,south
p18458,Person,38,east
p18459,Person,73,west
p18460,Person,39,east
p18461,Person,28,central
p18462,Person,24,east
p18463,Person,38,east
p18464,Person,52,east
p18465,Person,62,west
p18466,Person,18,north
p18467,Person,41,west
p18468,Person,47,east
p18469,Person,43,east
p18470,Person,70,north
p18471,Person,67,north
p18472,Person,25,north
p18473,Person,77,north
p18474,Person,76,north
p18475,Person,25,central
p18476,Person,60,west
p18477,Person,33,east
p18478,Person,19,south
p18479,Person,61,north
p18480,Person,62,west
p18481,Person,47,central
p18482,Person,35,north
p18483,Person,34,north
p18484,Person,32,north
p18485,Person,21,north
p18486,Person,58,west
p18487,Person,49,north
p18488,Person,22,east
p18489,Person,44,central
p18490,Person,62,north
p18491,Person,37,west
p18492,Person,59,west
p18493,Person,60,east
p18494,Person,77,west
p18495,Person,59,east
p18496,Person,30,central
p18497,Person,26,south
p18498,Person,34,central
p18499,Person,48,south
p18500,Person,63,east
p18501,Person,64,north
p18502,Person,60,west
p18503,Person,77,north
p18504,Person,76,west
p18505,Person,45,north
p18506,Person,39,central
p18507,Person,42,west
p18508,Person,37,south
p18509,Person,20,east
p18510,Person,29,north
p18511,Person,66,central
p18512,Person,38,central
p18513,Person,65,central
p18514,Person,45,east
p18515,Person,65,central
p18516,Person,54,south
p18517,Person,33,north
p18518,Person,69,central
p18519,Person,58,south
p18520,Person,22,east
p18521,Person,18,central
p18522,Person,21,east
p18523,Person,59,east
p18524,Person,76,east
p18525,Person,34,west
p18526,Person,53,east
p18527,Person,35,south
p18528,Person,43,north
p18529,Person,55,west
p18530,Person,41,central
p18531,Person,37,west
p18532,Person,75,west
p18533,Person,55,south
p18534,Person,57,east
p18535,Person,76,west
p18536,Person,64,west
p18537,Person,59,east
p18538,Person,47,south
p18539,Person,58,central
p18540,Person,77,central
p18541,Person,70,east
p18542,Person,21,central
p18543,Person,51,west
p18544,Person,50,south
p18545,Person,50,south
p18546,Person,31,south
p18547,Person,63,central
p18548,Person,46,east
p18549,Person,71,east
p18550,Person,53,central
p18551,Person,32,central
p18552,Person,33,north
p18553,Person,28,east
p18554,Person,56,east
p18555,Person,20,central
p18556,Person,76,north
p18557,Person,57,south
p18558,Person,18,north
p18559,Person,24,south
p18560,Person,50,south
p18561,Person,66,north
p18562,Person,51,central
p18563,Person,77,central
p18564,Person,23,central
p18565,Person,76,central
p18566,Person,32,north
p18567,Person,31,central
p18568,Person,36,west
p18569,Person,49,central
p18570,Person,28,west
p18571,Person,26,south
p18572,Person,56,west
p18573,Person,57,south
p18574,Person,67,south
p18575,Person,28,south
p18576,Person,62,north
p18577,Person,52,central
p18578,Person,51,north
p18579,Person,28,south
p18580,Person,54,north
p18581,Person,20,east
p18582,Person,50,south
p18583,Person,34,central
p18584,Person,23,east
p18585,Person,57,south
p18586,Person,24,west
p18587,Person,45,central
p18588,Person,18,east
p18589,Person,49,central
p18590,Person,23,east
p18591,Person,42,west
p18592,Person,44,north
p18593,Person,28,east
p18594,Person,48,central
p18595,Person,76,east
p18596,Person,38,south
p18597,Person,45,south
p18598,Person,24,west
p18599,Person,25,north
p18600,Person,59,west
p18601,Person,33,central
p18602,Person,23,south
p18603,Person,77,south
p18604,Person,37,east
p18605,Person,52,east
p18606,Person,68,east
p18607,Person,43,north
p18608,Person,37,east
p18609,Person,32,east
p18610,Person,47,south
p18611,Person,31,west
p18612,Person,27,east
p18613,Person,27,north
p18614,Person,44,central
p18615,Person,49,east
p18616,Person,50,east
p18617,Person,40,west
p18618,Person,51,south
p18619,Person,47,north
p18620,Person,21,west
p18621,Person,56,west
p18622,Person,39,north
p18623,Person,33,north
p18624,Person,77,east
p18625,Person,22,north
p18626,Person,37,central
p18627,Person,25,central
p18628,Person,33,central
p18629,Person,69,south
p18630,Person,21,east
p18631,Person,77,east
p18632,Person,22,east
p18633,Person,56,central
p18634,Person,26,west
p18635,Person,37,north
p18636,Person,70,north
p18637,Person,35,central
p18638,Person,64,west
p18639,Person,63,west
p18640,Person,61,north
p18641,Person,26,north
p18642,Person,45,west
p18643,Person,64,south
p18644,Person,74,south
p18645,Person,47,south
p18646,Person,53,central
p18647,Person,27,central
p18648,Person,35,north
p18649,Person,68,east
p18650,Person,21,east
p18651,Person,48,west
p18652,Person,36,south
p18653,Person,58,central
p18654,Person,59,central
p18655,Person,19,south
p18656,Person,65,south
p18657,Person,27,central
p18658,Person,53,north
p18659,Person,60,central
p18660,Person,75,south
p18661,Person,65,south
p18662,Person,46,east
p18663,Person,35,east
p18664,Person,59,central
p18665,Person,72,west
p18666,Person,76,central
p18667,Person,72,east
p18668,Person,28,south
p18669,Person,29,south
p18670,Person,64,west
p18671,Person,27,north
p18672,Person,36,south
p18673,Person,39,central
p18674,Person,52,west
p18675,Person,25,east
p18676,Person,50,central
p18677,Person,73,central
p18678,Person,76,west
p18679,Person,41,south
p18680,Person,65,west
p18681,Person,54,west
p18682,Person,71,south
p18683,Person,25,west
p18684,Person,43,east
p18685,Person,46,west
p18686,Person,23,central
p18687,Person,60,east
p18688,Person,59,south
p18689,Person,54,south
p18690,Person,73,west
p18691,Person,76,south
p18692,Person,27,south
p18693,Person,29,south
p18694,Person,18,east
p18695,Person,69,north
p18696,Person,55,north
p18697,Person,76,west
p18698,Person,58,central
p18699,Person,39,west
p18700,Person,40,central
p18701,Person,41,north
p18702,Person,60,east
p18703,Person,31,east
p18704,Person,38,east
p18705,Person,35,central
p18706,Person,29,central
p18707,Person,64,east
p18708,Person,54,south
p18709,Person,37,central
p18710,Person,61,east
p18711,Person,48,north
p18712,Person,67,central
p18713,Person,38,west
p18714,Person,58,north
p18715,Person,32,east
p18716,Person,43,central
p18717,Person,47,central
p18718,Person,61,west
p18719,Person,28,east
p18720,Person,24,central
p18721,Person,65,east
p18722,Person,37,north
p18723,Person,26,south
p18724,Person,77,south
p18725,Person,67,north
p18726,Person,69,east
p18727,Person,56,central
p18728,Person,30,north
p18729,Person,59,north
p18730,Person,30,east
p18731,Person,33,central
p18732,Person,59,east
p18733,Person,60,east
p18734,Person,76,east
p18735,Person,21,south
p18736,Person,34,south
p18737,Person,65,east
p18738,Person,51,north
p18739,Person,23,central
p18740,Person,75,east
p18741,Person,77,south
p18742,Person,77,east
p18743,Person,31,north
p18744,Person,74,central
p18745,Person,47,central
p18746,Person,20,west
p18747,Person,39,north
p18748,Person,28,east
p18749,Person,73,central
p18750,Person,49,north
p18751,Person,63,central
p18752,Person,49,west
p18753,Person,25,north
p18754,Person,25,east
p18755,Person,20,north
p18756,Person,56,south
p18757,Person,18,west
p18758,Person,73,south
p18759,Person,42,east
p18760,Person,32,south
p18761,Person,45,south
p18762,Person,22,east
p18763,Person,38,east
p18764,Person,65,central
p18765,Person,26,west
p18766,Person,39,east
p18767,Person,67,north
p18768,Person,65,central
p18769,Person,56,east
p18770,Person,53,north
p18771,Person,63,central
p18772,Person,35,central
p18773,Person,74,west
p18774,Person,64,south
p18775,Person,74,west
p18776,Person,61,south
p18777,Person,66,central
p18778,Person,47,east
p18779,Person,49,north
p18780,Person,57,west
p18781,Person,34,north
p18782,Person,43,north
p18783,Person,30,north
p18784,Person,73,west
p18785,Person,46,south
p18786,Person,28,south
p18787,Person,30,south
p18788,Person,58,south
p18789,Person,18,central
p18790,Person,60,south
p18791,Person,36,west
p18792,Person,30,east
p18793,Person,62,west
p18794,Person,72,central
p18795,Person,60,central
p18796,Person,29,north
p18797,Person,56,north
p18798,Person,62,west
p18799,Person,69,south
p18800,Person,73,central
p18801,Person,65,west
p18802,Person,45,central
p18803,Person,72,east
p18804,Person,37,central
p18805,Person,41,north
p18806,Person,72,east
p18807,Person,20,north
p18808,Person,42,west
p18809,Person,32,north
p18810,Person,47,north
p18811,Person,29,central
p18812,Person,47,east
p18813,Person,68,east
p18814,Person,52,west
p18815,Person,49,central
p18816,Person,35,north
p18817,Person,52,west
p18818,Person,76,central
p18819,Person,25,north
p18820,Person,44,central
p18821,Person,25,central
p18822,Person,34,south
p18823,Person,53,south
p18824,Person,34,south
p18825,Person,42,central
p18826,Person,55,east
p18827,Person,62,central
p18828,Person,74,north
p18829,Person,55,north
p18830,Person,47,north
p18831,Person,30,west
p18832,Person,44,south
p18833,Person,47,east
p18834,Person,26,south
p18835,Person,43,west
p18836,Person,67,west
p18837,Person,76,north
p18838,Person,62,west
p18839,Person,27,central
p18840,Person,22,south
p18841,Person,72,south
p18842,Person,57,north
p18843,Person,71,west
p18844,Person,67,south
p18845,Person,19,north
p18846,Person,22,west
p18847,Person,36,west
p18848,Person,19,south
p18849,Person,73,east
p18850,Person,69,north
p18851,Person,19,west
p18852,Person,73,north
p18853,Person,51,north
p18854,Person,28,central
p18855,Person,34,west
p18856,Person,56,north
p18857,Person,46,north
p18858,Person,24,east
p18859,Person,45,east
p18860,Person,65,west
p18861,Person,59,east
p18862,Person,52,north
p18863,Person,31,east
p18864,Person,74,north
p18865,Person,32,north
p18866,Person,43,south
p18867,Person,48,east
p18868,Person,28,north
p18869,Person,26,south
p18870,Person,42,north
p18871,Person,47,west
p18872,Person,64,east
p18873,Person,76,west
p18874,Person,60,north
p18875,Person,55,east
p18876,Person,34,south
p18877,Person,64,east
p18878,Person,29,central
p18879,Person,25,east
p18880,Person,77,central
p18881,Person,56,central
p18882,Person,34,south
p18883,Person,58,south
p18884,Person,57,north
p18885,Person,75,north
p18886,Person,70,east
p18887,Person,68,south
p18888,Person,60,south
p18889,Person,19,north
p18890,Person,70,central
p18891,Person,62,east
p18892,Person,68,south
p18893,Person,57,east
p18894,Person,68,east
p18895,Person,51,west
p18896,Person,74,west
p18897,Person,22,west
p18898,Person,59,east
p18899,Person,33,east
p18900,Person,37,south
p18901,Person,39,north
p18902,Person,57,south
p18903,Person,77,east
p18904,Person,34,west
p18905,Person,25,west
p18906,Person,58,west
p18907,Person,35,west
p18908,Person,45,north
p18909,Person,36,west
p18910,Person,36,west
p18911,Person,49,central
p18912,Person,38,east
p18913,Person,64,central
p18914,Person,55,central
p18915,Person,64,central
p18916,Person,20,south
p18917,Person,58,north
p18918,Person,34,east
p18919,Person,77,north
p18920,Person,66,central
p18921,Person,32,central
p18922,Person,47,central
p18923,Person,73,central
p18924,Person,70,north
p18925,Person,27,east
p18926,Person,30,east
p18927,Person,54,north
p18928,Person,58,west
p18929,Person,39,west
p18930,Person,44,north
p18931,Person,65,west
p18932,Person,42,north
p18933,Person,70,south
p18934,Person,69,central
p18935,Person,37,west
p18936,Person,65,west
p18937,Person,58,south
p18938,Person,55,west
p18939,Person,29,west
p18940,Person,39,central
p18941,Person,38,south
p18942,Person,45,west
p18943,Person,54,west
p18944,Person,19,north
p18945,Person,45,north
p18946,Person,74,central
p18947,Person,66,south
p18948,Person,60,central
p18949,Person,37,central
p18950,Person,45,central
p18951,Person,20,west
p18952,Person,54,central
p18953,Person,61,east
p18954,Person,20,central
p18955,Person,70,south
p18956,Person,51,south
p18957,Person,35,north
p18958,Person,25,east
p18959,Person,53,west
p18960,Person,61,central
p18961,Person,52,north
p18962,Person,64,central
p18963,Person,31,central
p18964,Person,55,south
p18965,Person,25,south
p18966,Person,61,south
p18967,Person,71,south
p18968,Person,67,east
p18969,Person,45,west
p18970,Person,50,north
p18971,Person,26,central
p18972,Person,21,east
p18973,Person,74,north
p18974,Person,34,north
p18975,Person,49,west
p18976,Person,76,east
p18977,Person,49,north
p18978,Person,19,east
p18979,Person,73,south
p18980,Person,67,central
p18981,Person,46,central
p18982,Person,45,east
p18983,Person,48,central
p18984,Person,35,north
p18985,Person,35,south
p18986,Person,74,north
p18987,Person,53,west
p18988,Person,67,north
p18989,Person,28,west
p18990,Person,36,central
p18991,Person,61,north
p18992,Person,46,central
p18993,Person,43,west
p18994,Person,51,central
p18995,Person,68,south
p18996,Person,34,south
p18997,Person,27,north
p18998,Person,31,east
p18999,Person,64,east
p19000,Person,26,south
p19001,Person,45,west
p19002,Person,21,south
p19003,Person,77,north
p19004,Person,63,north
p19005,Person,39,central
p19006,Person,71,south
p19007,Person,33,south
p19008,Person,58,west
p19009,Person,52,north
p19010,Person,69,south
p19011,Person,64,south
p19012,Person,49,east
p19013,Person,42,west
p19014,Person,20,north
p19015,Person,63,central
p19016,Person,73,east
p19017,Person,70,east
p19018,Person,30,central
p19019,Person,55,north
p19020,Person,19,east
p19021,Person,75,north
p19022,Person,32,north
p19023,Person,28,central
p19024,Person,49,west
p19025,Person,34,west
p19026,Person,67,south
p19027,Person,26,north
p19028,Person,43,south
p19029,Person,40,central
p19030,Person,54,east
p19031,Person,33,north
p19032,Person,23,west
p19033,Person,32,east
p19034,Person,57,south
p19035,Person,59,west
p19036,Person,74,north
p19037,Person,72,west
p19038,Person,53,south
p19039,Person,33,east
p19040,Person,32,north
p19041,Person,45,west
p19042,Person,50,central
p19043,Person,46,west
p19044,Person,66,south
p19045,Person,46,west
p19046,Person,37,north
p19047,Person,36,central
p19048,Person,24,east
p19049,Person,50,central
p19050,Person,70,central
p19051,Person,75,east
p19052,Person,72,north
p19053,Person,33,central
p19054,Person,39,west
p19055,Person,75,north
p19056,Person,47,north
p19057,Person,38,north
p19058,Person,42,central
p19059,Person,56,south
p19060,Person,18,west
p19061,Person,74,central
p19062,Person,67,central
p19063,Person,54,central
p19064,Person,77,west
p19065,Person,32,central
p19066,Person,58,south
p19067,Person,68,south
p19068,Person,19,south
p19069,Person,45,south
p19070,Person,53,south
p19071,Person,52,central
p19072,Person,72,east
p19073,Person,64,central
p19074,Person,56,west
p19075,Person,22,south
p19076,Person,38,south
p19077,Person,29,south
p19078,Person,20,central
p19079,Person,37,west
p19080,Person,70,west
p19081,Person,57,north
p19082,Person,46,north
p19083,Person,29,east
p19084,Person,64,central
p19085,Person,51,central
p19086,Person,72,central
p19087,Person,66,east
p19088,Person,63,east
p19089,Person,49,east
p19090,Person,45,central
p19091,Person,26,south
p19092,Person,50,south
p19093,Person,22,central
p19094,Person,65,central
p19095,Person,26,central
p19096,Person,57,north
p19097,Person,27,central
p19098,Person,64,central
p19099,Person,76,north
p19100,Person,49,south
p19101,Person,39,south
p19102,Person,54,east
p19103,Person,59,east
p19104,Person,39,central
p19105,Person,18,south
p19106,Person,70,south
p19107,Person,55,central
p19108,Person,67,west
p19109,Person,21,north
p19110,Person,77,central
p19111,Person,51,central
p19112,Person,55,south
p19113,Person,35,west
p19114,Person,46,north
p19115,Person,42,east
p19116,Person,38,east
p19117,Person,77,south
p19118,Person,51,north
p19119,Person,37,north
p19120,Person,21,east
p19121,Person,56,south
p19122,Person,42,east
p19123,Person,34,south
p19124,Person,20,south
p19125,Person,34,south
p19126,Person,21,north
p19127,Person,76,west
p19128,Person,49,north
p19129,Person,61,central
p19130,Person,66,east
p19131,Person,24,east
p19132,Person,38,north
p19133,Person,72,east
p19134,Person,33,south
p19135,Person,21,west
p19136,Person,20,south
p19137,Person,53,north
p19138,Person,38,east
p19139,Person,29,west
p19140,Person,47,east
p19141,Person,68,east
p19142,Person,70,central
p19143,Person,55,north
p19144,Person,23,east
p19145,Person,52,south
p19146,Person,26,west
p19147,Person,48,west
p19148,Person,64,central
p19149,Person,20,north
p19150,Person,41,north
p19151,Person,75,central
p19152,Person,18,north
p19153,Person,42,north
p19154,Person,45,south
p19155,Person,36,north
p19156,Person,60,south
p19157,Person,71,west
p19158,Person,35,east
p19159,Person,54,south
p19160,Person,45,north
p19161,Person,44,central
p19162,Person,59,central
p19163,Person,63,north
p19164,Person,54,east
p19165,Person,56,east
p19166,Person,27,central
p19167,Person,47,central
p19168,Person,29,east
p19169,Person,75,west
p19170,Person,23,south
p19171,Person,77,north
p19172,Person,60,south
p19173,Person,67,south
p19174,Person,40,central
p19175,Person,59,south
p19176,Person,31,south
p19177,Person,62,central
p19178,Person,52,west
p19179,Person,23,central
p19180,Person,46,west
p19181,Person,29,central
p19182,Person,43,north
p19183,Person,54,south
p19184,Person,50,east
p19185,Person,42,south
p19186,Person,44,west
p19187,Person,42,central
p19188,Person,22,central
p19189,Person,36,west
p19190,Person,56,south
p19191,Person,31,west
p19192,Person,73,east
p19193,Person,27,east
p19194,Person,77,north
p19195,Person,70,central
p19196,Person,72,east
p19197,Person,30,north
p19198,Person,50,east
p19199,Person,53,central
p19200,Person,27,central
p19201,Person,61,central
p19202,Person,49,east
p19203,Person,22,central
p19204,Person,54,south
p19205,Person,19,central
p19206,Person,67,north
p19207,Person,76,central
p19208,Person,41,south
p19209,Person,55,west
p19210,Person,31,central
p19211,Person,59,central
p19212,Person,42,east
p19213,Person,38,north
p19214,Person,29,west
p19215,Person,32,east
p19216,Person,61,west
p19217,Person,69,central
p19218,Person,23,east
p19219,Person,28,west
p19220,Person,58,east
p19221,Person,73,west
p19222,Person,32,east
p19223,Person,75,west
p19224,Person,71,west
p19225,Person,64,south
p19226,Person,35,south
p19227,Person,49,south
p19228,Person,47,west
p19229,Person,62,central
p19230,Person,24,south
p19231,Person,36,west
p19232,Person,37,west
p19233,Person,74,central
p19234,Person,53,east
p19235,Person,34,south
p19236,Person,44,central
p19237,Person,28,north
p19238,Person,27,south
p19239,Person,76,central
p19240,Person,22,south
p19241,Person,40,east
p19242,Person,58,central
p19243,Person,24,north
p19244,Person,46,west
p19245,Person,65,south
p19246,Person,51,south
p19247,Person,58,west
p19248,Person,33,east
p19249,Person,30,east
p19250,Person,24,north
p19251,Person,41,east
p19252,Person,68,north
p19253,Person,65,south
p19254,Person,66,central
p19255,Person,21,north
p19256,Person,57,north
p19257,Person,62,central
p19258,Person,59,south
p19259,Person,58,south
p19260,Person,65,north
p19261,Person,31,east
p19262,Person,49,west
p19263,Person,33,south
p19264,Person,52,west
p19265,Person,74,north
p19266,Person,50,south
p19267,Person,43,north
p19268,Person,36,south
p19269,Person,64,east
p19270,Person,31,north
p19271,Person,23,east
p19272,Person,56,south
p19273,Person,45,north
p19274,Person,59,west
p19275,Person,68,west
p19276,Person,68,east
p19277,Person,59,north
p19278,Person,58,central
p19279,Person,48,north
p19280,Person,58,north
p19281,Person,77,west
p19282,Person,52,east
p19283,Person,41,east
p19284,Person,36,south
p19285,Person,76,west
p19286,Person,77,east
p19287,Person,50,west
p19288,Person,23,south
p19289,Person,49,east
p19290,Person,60,central
p19291,Person,68,central
p19292,Person,49,north
p19293,Person,34,west
p19294,Person,25,central
p19295,Person,46,west
p19296,Person,77,north
p19297,Person,69,north
p19298,Person,60,west
p19299,Person,61,south
p19300,Person,34,central
p19301,Person,58,south
p19302,Person,18,central
p19303,Person,22,west
p19304,Person,42,north
p19305,Person,68,east
p19306,Person,52,south
p19307,Person,74,south
p19308,Person,60,central
p19309,Person,53,central
p19310,Person,60,east
p19311,Person,69,central
p19312,Person,67,west
p19313,Person,38,central
p19314,Person,62,south
p19315,Person,65,central
p19316,Person,22,central
p19317,Person,43,north
p19318,Person,58,west
p19319,Person,69,west
p19320,Person,61,west
p19321,Person,50,east
p19322,Person,33,west
p19323,Person,57,west
p19324,Person,57,west
p19325,Person,32,south
p19326,Person,41,north
p19327,Person,19,east
p19328,Person,64,west
p19329,Person,23,north
p19330,Person,61,west
p19331,Person,29,south
p19332,Person,69,central
p19333,Person,40,central
p19334,Person,31,west
p19335,Person,43,central
p19336,Person,74,west
p19337,Person,59,south
p19338,Person,63,south
p19339,Person,71,north
p19340,Person,50,west
p19341,Person,51,north
p19342,Person,63,west
p19343,Person,45,central
p19344,Person,19,east
p19345,Person,27,south
p19346,Person,41,north
p19347,Person,18,central
p19348,Person,49,south
p19349,Person,51,east
p19350,Person,22,central
p19351,Person,60,central
p19352,Person,22,central
p19353,Person,43,north
p19354,Person,18,south
p19355,Person,44,south
p19356,Person,33,south
p19357,Person,60,west
p19358,Person,65,central
p19359,Person,71,south
p19360,Person,65,east
p19361,Person,47,west
p19362,Person,51,east
p19363,Person,23,north
p19364,Person,22,south
p19365,Person,76,central
p19366,Person,56,east
p19367,Person,68,central
p19368,Person,23,central
p19369,Person,23,east
p19370,Person,44,north
p19371,Person,30,west
p19372,Person,24,east
p19373,Person,49,south
p19374,Person,46,north
p19375,Person,39,west
p19376,Person,44,south
p19377,Person,70,north
p19378,Person,53,north
p19379,Person,56,east
p19380,Person,49,central
p19381,Person,43,central
p19382,Person,19,south
p19383,Person,57,west
p19384,Person,38,north
p19385,Person,31,central
p19386,Person,66,central
p19387,Person,69,central
p19388,Person,45,central
p19389,Person,62,east
p19390,Person,42,east
p19391,Person,53,west
p19392,Person,76,central
p19393,Person,37,east
p19394,Person,66,west
p19395,Person,73,south
p19396,Person,44,south
p19397,Person,50,north
p19398,Person,47,central
p19399,Person,49,east
p19400,Person,63,east
p19401,Person,58,south
p19402,Person,34,central
p19403,Person,19,central
p19404,Person,28,west
p19405,Person,54,central
p19406,Person,26,west
p19407,Person,29,east
p19408,Person,67,central
p19409,Person,24,central
p19410,Person,38,east
p19411,Person,47,west
p19412,Person,26,south
p19413,Person,42,east
p19414,Person,61,west
p19415,Person,23,central
p19416,Person,57,west
p19417,Person,43,north
p19418,Person,50,north
p19419,Person,22,north
p19420,Person,71,north
p19421,Person,71,central
p19422,Person,36,central
p19423,Person,77,east
p19424,Person,36,west
p19425,Person,36,south
p19426,Person,51,south
p19427,Person,37,south
p19428,Person,28,south
p19429,Person,46,east
p19430,Person,66,east
p19431,Person,67,north
p19432,Person,53,south
p19433,Person,43,west
p19434,Person,21,central
p19435,Person,23,central
p19436,Person,34,west
p19437,Person,42,south
p19438,Person,49,central
p19439,Person,58,west
p19440,Person,76,north
p19441,Person,41,south
p19442,Person,53,east
p19443,Person,76,west
p19444,Person,18,south
p19445,Person,61,west
p19446,Person,28,south
p19447,Person,49,south
p19448,Person,42,west
p19449,Person,71,south
p19450,Person,19,west
p19451,Person,54,west
p19452,Person,61,north
p19453,Person,20,central
p19454,Person,70,west
p19455,Person,58,north
p19456,Person,28,south
p19457,Person,46,west
p19458,Person,47,north
p19459,Person,75,west
p19460,Person,26,central
p19461,Person,77,central
p19462,Person,57,central
p19463,Person,77,central
p19464,Person,60,south
p19465,Person,39,east
p19466,Person,60,west
p19467,Person,71,west
p19468,Person,47,north
p19469,Person,72,central
p19470,Person,71,west
p19471,Person,19,south
p19472,Person,44,west
p19473,Person,40,west
p19474,Person,59,west
p19475,Person,57,central
p19476,Person,30,east
p19477,Person,31,south
p19478,Person,36,north
p19479,Person,76,central
p19480,Person,63,east
p19481,Person,21,east
p19482,Person,75,south
p19483,Person,45,east
p19484,Person,68,central
p19485,Person,50,west
p19486,Person,23,north
p19487,Person,53,north
p19488,Person,66,south
p19489,Person,22,west
p19490,Person,60,north
p19491,Person,61,east
p19492,Person,76,south
p19493,Person,47,south
p19494,Person,58,central
p19495,Person,39,south
p19496,Person,75,central
p19497,Person,19,west
p19498,Person,35,north
p19499,Person,28,central
p19500,Person,51,central
p19501,Person,36,south
p19502,Person,27,south
p19503,Person,24,central
p19504,Person,38,west
p19505,Person,36,south
p19506,Person,48,west
p19507,Person,39,central
p19508,Person,53,west
p19509,Person,62,north
p19510,Person,73,east
p19511,Person,53,central
p19512,Person,43,north
p19513,Person,24,south
p19514,Person,59,west
p19515,Person,49,west
p19516,Person,47,west
p19517,Person,21,north
p19518,Person,39,west
p19519,Person,67,west
p19520,Person,20,east
p19521,Person,73,west
p19522,Person,65,north
p19523,Person,59,south
p19524,Person,64,central
p19525,Person,33,north
p19526,Person,58,south
p19527,Person,30,east
p19528,Person,65,central
p19529,Person,38,south
p19530,Person,58,north
p19531,Person,24,north
p19532,Person,25,central
p19533,Person,73,south
p19534,Person,67,central
p19535,Person,36,east
p19536,Person,46,north
p19537,Person,72,central
p19538,Person,18,east
p19539,Person,65,central
p19540,Person,51,south
p19541,Person,30,west
p19542,Person,29,central
p19543,Person,74,central
p19544,Person,58,west
p19545,Person,54,central
p19546,Person,43,central
p19547,Person,57,west
p19548,Person,29,west
p19549,Person,40,west
p19550,Person,55,east
p19551,Person,67,east
p19552,Person,74,north
p19553,Person,29,north
p19554,Person,24,central
p19555,Person,31,east
p19556,Person,71,north
p19557,Person,67,south
p19558,Person,48,north
p19559,Person,29,south
p19560,Person,39,north
p19561,Person,20,west
p19562,Person,60,north
p19563,Person,71,central
p19564,Person,31,west
p19565,Person,44,east
p19566,Person,59,west
p19567,Person,42,south
p19568,Person,25,west
p19569,Person,51,central
p19570,Person,21,east
p19571,Person,77,west
p19572,Person,27,east
p19573,Person,18,south
p19574,Person,59,north
p19575,Person,56,central
p19576,Person,69,central
p19577,Person,36,east
p19578,Person,60,north
p19579,Person,46,south
p19580,Person,47,north
p19581,Person,41,north
p19582,Person,73,east
p19583,Person,51,west
p19584,Person,36,east
p19585,Person,59,central
p19586,Person,24,central
p19587,Person,71,east
p19588,Person,77,central
p19589,Person,41,east
p19590,Person,41,central
p19591,Person,57,north
p19592,Person,22,central
p19593,Person,30,east
p19594,Person,30,central
p19595,Person,48,south
p19596,Person,46,north
p19597,Person,58,west
p19598,Person,70,north
p19599,Person,64,east
p19600,Person,47,central
p19601,Person,52,west
p19602,Person,70,south
p19603,Person,56,north
p19604,Person,62,central
p19605,Person,40,north
p19606,Person,25,west
p19607,Person,29,north
p19608,Person,39,west
p19609,Person,31,south
p19610,Person,42,east
p19611,Person,71,central
p19612,Person,30,south
p19613,Person,54,south
p19614,Person,67,east
p19615,Person,46,west
p19616,Person,34,south
p19617,Person,65,south
p19618,Person,52,west
p19619,Person,77,west
p19620,Person,60,east
p19621,Person,39,north
p19622,Person,46,east
p19623,Person,37,north
p19624,Person,57,north
p19625,Person,62,north
p19626,Person,48,west
p19627,Person,45,central
p19628,Person,35,south
p19629,Person,29,central
p19630,Person,62,west
p19631,Person,61,central
p19632,Person,39,west
p19633,Person,52,east
p19634,Person,40,west
p19635,Person,44,north
p19636,Person,34,north
p19637,Person,37,south
p19638,Person,43,north
p19639,Person,36,north
p19640,Person,62,central
p19641,Person,31,west
p19642,Person,74,north
p19643,Person,77,east
p19644,Person,75,central
p19645,Person,63,west
p19646,Person,53,north
p19647,Person,33,north
p19648,Person,68,central
p19649,Person,44,north
p19650,Person,72,south
p19651,Person,42,central
p19652,Person,40,east
p19653,Person,63,north
p19654,Person,66,west
p19655,Person,24,east
p19656,Person,36,north
p19657,Person,53,south
p19658,Person,71,west
p19659,Person,73,east
p19660,Person,53,north
p19661,Person,31,north
p19662,Person,77,south
p19663,Person,20,south
p19664,Person,59,west
p19665,Person,33,north
p19666,Person,40,central
p19667,Person,71,north
p19668,Person,69,north
p19669,Person,67,west
p19670,Person,62,north
p19671,Person,24,east
p19672,Person,49,east
p19673,Person,70,west
p19674,Person,59,west
p19675,Person,20,south
p19676,Person,22,west
p19677,Person,48,north
p19678,Person,49,west
p19679,Person,28,east
p19680,Person,26,east
p19681,Person,54,north
p19682,Person,27,north
p19683,Person,44,central
p19684,Person,20,east
p19685,Person,29,west
p19686,Person,38,west
p19687,Person,31,north
p19688,Person,61,north
p19689,Person,30,east
p19690,Person,29,north
p19691,Person,52,south
p19692,Person,76,central
p19693,Person,19,central
p19694,Person,53,central
p19695,Person,33,north
p19696,Person,55,central
p19697,Person,71,north
p19698,Person,64,east
p19699,Person,64,east
p19700,Person,56,central
p19701,Person,21,north
p19702,Person,33,west
p19703,Person,63,south
p19704,Person,37,central
p19705,Person,24,south
p19706,Person,63,west
p19707,Person,56,central
p19708,Person,27,east
p19709,Person,22,west
p19710,Person,45,west
p19711,Person,40,west
p19712,Person,34,east
p19713,Person,66,west
p19714,Person,58,east
p19715,Person,75,central
p19716,Person,60,central
p19717,Person,34,south
p19718,Person,43,north
p19719,Person,47,west
p19720,Person,37,south
p19721,Person,47,east
p19722,Person,59,north
p19723,Person,46,north
p19724,Person,44,north
p19725,Person,49,south
p19726,Person,31,north
p19727,Person,66,central
p19728,Person,44,west
p19729,Person,38,central
p19730,Person,51,central
p19731,Person,59,north
p19732,Person,45,west
p19733,Person,69,central
p19734,Person,70,central
p19735,Person,18,north
p19736,Person,19,south
p19737,Person,52,east
p19738,Person,49,north
p19739,Person,76,east
p19740,Person,61,west
p19741,Person,43,south
p19742,Person,71,west
p19743,Person,62,north
p19744,Person,53,north
p19745,Person,44,north
p19746,Person,21,central
p19747,Person,27,east
p19748,Person,71,east
p19749,Person,76,north
p19750,Person,33,central
p19751,Person,67,south
p19752,Person,40,central
p19753,Person,42,south
p19754,Person,38,west
p19755,Person,76,central
p19756,Person,20,north
p19757,Person,43,west
p19758,Person,37,east
p19759,Person,47,east
p19760,Person,32,west
p19761,Person,61,south
p19762,Person,22,north
p19763,Person,74,north
p19764,Person,40,east
p19765,Person,59,central
p19766,Person,49,west
p19767,Person,56,south
p19768,Person,65,north
p19769,Person,42,central
p19770,Person,33,south
p19771,Person,27,north
p19772,Person,71,central
p19773,Person,66,south
p19774,Person,46,north
p19775,Person,37,east
p19776,Person,57,west
p19777,Person,38,central
p19778,Person,20,central
p19779,Person,39,east
p19780,Person,47,south
p19781,Person,77,east
p19782,Person,55,north
p19783,Person,22,central
p19784,Person,64,central
p19785,Person,77,north
p19786,Person,71,west
p19787,Person,61,north
p19788,Person,18,north
p19789,Person,58,south
p19790,Person,63,north
p19791,Person,60,south
p19792,Person,41,north
p19793,Person,65,west
p19794,Person,66,west
p19795,Person,67,east
p19796,Person,72,south
p19797,Person,55,central
p19798,Person,61,central
p19799,Person,45,west
p19800,Person,62,west
p19801,Person,45,central
p19802,Person,44,east
p19803,Person,66,east
p19804,Person,46,south
p19805,Person,28,central
p19806,Person,27,central
p19807,Person,27,west
p19808,Person,60,west
p19809,Person,52,central
p19810,Person,53,south
p19811,Person,71,east
p19812,Person,27,west
p19813,Person,32,west
p19814,Person,54,east
p19815,Person,20,south
p19816,Person,19,west
p19817,Person,48,south
p19818,Person,56,east
p19819,Person,33,south
p19820,Person,56,central
p19821,Person,27,south
p19822,Person,18,south
p19823,Person,68,south
p19824,Person,73,east
p19825,Person,38,west
p19826,Person,64,central
p19827,Person,25,north
p19828,Person,20,east
p19829,Person,55,west
p19830,Person,29,west
p19831,Person,69,north
p19832,Person,47,north
p19833,Person,25,east
p19834,Person,26,east
p19835,Person,56,west
p19836,Person,67,central
p19837,Person,19,south
p19838,Person,33,south
p19839,Person,57,central
p19840,Person,36,north
p19841,Person,45,east
p19842,Person,68,east
p19843,Person,53,east
p19844,Person,77,west
p19845,Person,50,east
p19846,Person,77,south
p19847,Person,66,central
p19848,Person,49,east
p19849,Person,60,west
p19850,Person,21,west
p19851,Person,62,west
p19852,Person,28,east
p19853,Person,31,north
p19854,Person,73,south
p19855,Person,43,south
p19856,Person,31,south
p19857,Person,44,north
p19858,Person,47,south
p19859,Person,62,south
p19860,Person,51,west
p19861,Person,37,north
p19862,Person,53,south
p19863,Person,37,east
p19864,Person,45,central
p19865,Person,55,central
p19866,Person,56,central
p19867,Person,36,south
p19868,Person,49,east
p19869,Person,43,east
p19870,Person,65,central
p19871,Person,69,central
p19872,Person,21,central
p19873,Person,44,west
p19874,Person,63,south
p19875,Person,24,south
p19876,Person,25,east
p19877,Person,26,north
p19878,Person,59,north
p19879,Person,73,west
p19880,Person,40,south
p19881,Person,60,west
p19882,Person,21,west
p19883,Person,44,north
p19884,Person,74,west
p19885,Person,38,north
p19886,Person,32,east
p19887,Person,48,central
p19888,Person,66,east
p19889,Person,48,east
p19890,Person,24,west
p19891,Person,42,north
p19892,Person,67,south
p19893,Person,24,north
p19894,Person,71,north
p19895,Person,46,central
p19896,Person,58,east
p19897,Person,32,east
p19898,Person,48,south
p19899,Person,32,central
p19900,Person,25,east
p19901,Person,73,east
p19902,Person,71,central
p19903,Person,59,north
p19904,Person,55,central
p19905,Person,41,central
p19906,Person,19,central
p19907,Person,55,central
p19908,Person,43,east
p19909,Person,60,west
p19910,Person,32,north
p19911,Person,35,north
p19912,Person,24,east
p19913,Person,28,east
p19914,Person,36,central
p19915,Person,47,central
p19916,Person,69,west
p19917,Person,75,west
p19918,Person,55,south
p19919,Person,24,west
p19920,Person,33,south
p19921,Person,50,south
p19922,Person,55,north
p19923,Person,36,north
p19924,Person,24,west
p19925,Person,18,east
p19926,Person,40,south
p19927,Person,31,north
p19928,Person,18,east
p19929,Person,49,east
p19930,Person,59,north
p19931,Person,73,north
p19932,Person,69,north
p19933,Person,25,south
p19934,Person,66,west
p19935,Person,67,west
p19936,Person,54,west
p19937,Person,28,north
p19938,Person,68,west
p19939,Person,20,west
p19940,Person,49,east
p19941,Person,50,north
p19942,Person,37,north
p19943,Person,72,west
p19944,Person,71,central
p19945,Person,36,central
p19946,Person,73,west
p19947,Person,34,north
p19948,Person,21,west
p19949,Person,54,south
p19950,Person,56,east
p19951,Person,69,north
p19952,Person,56,south
p19953,Person,20,north
p19954,Person,61,east
p19955,Person,75,central
p19956,Person,73,north
p19957,Person,48,north
p19958,Person,59,south
p19959,Person,62,central
p19960,Person,65,east
p19961,Person,40,west
p19962,Person,24,west
p19963,Person,23,central
p19964,Person,69,west
p19965,Person,70,east
p19966,Person,51,east
p19967,Person,21,south
p19968,Person,23,east
p19969,Person,63,south
p19970,Person,25,south
p19971,Person,55,north
p19972,Person,70,west
p19973,Person,24,north
p19974,Person,30,central
p19975,Person,42,west
p19976,Person,70,west
p19977,Person,22,east
p19978,Person,18,south
p19979,Person,29,central
p19980,Person,50,south
p19981,Person,76,east
p19982,Person,65,north
p19983,Person,65,west
p19984,Person,23,central
p19985,Person,62,south
p19986,Person,62,west
p19987,Person,77,central
p19988,Person,48,east
p19989,Person,77,east
p19990,Person,63,north
p19991,Person,20,south
p19992,Person,67,east
p19993,Person,56,central
p19994,Person,32,east
p19995,Person,30,north
p19996,Person,33,west
p19997,Person,75,west
p19998,Person,50,south
p19999,Person,60,west
p20000,Person,72,north
p20001,Person,51,west
p20002,Person,60,west
p20003,Person,59,north
p20004,Person,70,west
p20005,Person,75,north
p20006,Person,39,west
p20007,Person,77,south
p20008,Person,57,west
p20009,Person,69,north
p20010,Person,27,south
p20011,Person,36,central
p20012,Person,62,central
p20013,Person,71,central
p20014,Person,23,central
p20015,Person,62,north
p20016,Person,63,west
p20017,Person,28,central
p20018,Person,53,north
p20019,Person,71,west
p20020,Person,32,west
p20021,Person,57,west
p20022,Person,26,central
p20023,Person,24,north
p20024,Person,25,central
p20025,Person,52,east
p20026,Person,26,east
p20027,Person,71,west
p20028,Person,53,south
p20029,Person,77,west
p20030,Person,39,central
p20031,Person,38,north
p20032,Person,46,south
p20033,Person,47,north
p20034,Person,41,north
p20035,Person,43,east
p20036,Person,66,west
p20037,Person,60,central
p20038,Person,61,south
p20039,Person,28,central
p20040,Person,21,east
p20041,Person,57,south
p20042,Person,54,south
p20043,Person,59,central
p20044,Person,43,central
p20045,Person,28,north
p20046,Person,76,east
p20047,Person,24,south
p20048,Person,77,south
p20049,Person,63,east
p20050,Person,62,west
p20051,Person,30,central
p20052,Person,70,east
p20053,Person,36,west
p20054,Person,52,east
p20055,Person,63,central
p20056,Person,20,south
p20057,Person,61,east
p20058,Person,36,central
p20059,Person,30,north
p20060,Person,45,east
p20061,Person,32,north
p20062,Person,58,north
p20063,Person,39,south
p20064,Person,55,central
p20065,Person,77,west
p20066,Person,49,south
p20067,Person,27,north
p20068,Person,18,central
p20069,Person,59,central
p20070,Person,37,south
p20071,Person,34,south
p20072,Person,74,west
p20073,Person,61,west
p20074,Person,47,north
p20075,Person,23,central
p20076,Person,67,east
p20077,Person,65,east
p20078,Person,20,central
p20079,Person,37,west
p20080,Person,51,west
p20081,Person,77,east
p20082,Person,27,north
p20083,Person,66,south
p20084,Person,46,south
p20085,Person,34,west
p20086,Person,34,east
p20087,Person,57,west
p20088,Person,37,north
p20089,Person,46,west
p20090,Person,60,east
p20091,Person,67,east
p20092,Person,39,south
p20093,Person,48,west
p20094,Person,28,east
p20095,Person,32,east
p20096,Person,54,central
p20097,Person,71,north
p20098,Person,20,central
p20099,Person,68,east
p20100,Person,33,south
p20101,Person,37,central
p20102,Person,28,central
p20103,Person,77,south
p20104,Person,56,south
p20105,Person,62,west
p20106,Person,62,north
p20107,Person,56,south
p20108,Person,74,west
p20109,Person,57,central
p20110,Person,22,south
p20111,Person,55,east
p20112,Person,62,central
p20113,Person,71,south
p20114,Person,65,east
p20115,Person,74,north
p20116,Person,49,west
p20117,Person,58,south
p20118,Person,61,west
p20119,Person,21,south
p20120,Person,69,south
p20121,Person,46,south
p20122,Person,49,west
p20123,Person,43,south
p20124,Person,28,east
p20125,Person,31,west
p20126,Person,59,central
p20127,Person,44,south
p20128,Person,42,west
p20129,Person,64,central
p20130,Person,24,east
p20131,Person,52,east
p20132,Person,67,east
p20133,Person,25,south
p20134,Person,57,north
p20135,Person,38,north
p20136,Person,35,north
p20137,Person,60,east
p20138,Person,40,south
p20139,Person,62,east
p20140,Person,27,south
p20141,Person,62,north
p20142,Person,54,east
p20143,Person,41,west
p20144,Person,31,west
p20145,Person,61,north
p20146,Person,42,central
p20147,Person,50,west
p20148,Person,52,central
p20149,Person,53,west
p20150,Person,59,south
p20151,Person,52,west
p20152,Person,39,north
p20153,Person,66,central
p20154,Person,19,north
p20155,Person,39,west
p20156,Person,71,central
p20157,Person,28,north
p20158,Person,66,north
p20159,Person,65,west
p20160,Person,59,east
p20161,Person,60,west
p20162,Person,57,central
p20163,Person,31,east
p20164,Person,36,north
p20165,Person,44,north
p20166,Person,25,central
p20167,Person,39,south
p20168,Person,74,central
p20169,Person,42,south
p20170,Person,46,central
p20171,Person,55,north
p20172,Person,30,south
p20173,Person,44,west
p20174,Person,22,east
p20175,Person,72,central
p20176,Person,72,central
p20177,Person,72,west
p20178,Person,56,north
p20179,Person,22,north
p20180,Person,26,east
p20181,Person,64,east
p20182,Person,35,north
p20183,Person,56,east
p20184,Person,62,west
p20185,Person,55,south
p20186,Person,44,central
p20187,Person,59,west
p20188,Person,61,central
p20189,Person,40,central
p20190,Person,36,north
p20191,Person,35,east
p20192,Person,57,south
p20193,Person,31,east
p20194,Person,25,east
p20195,Person,30,west
p20196,Person,43,central
p20197,Person,69,south
p20198,Person,20,south
p20199,Person,21,north
p20200,Person,49,north
p20201,Person,36,east
p20202,Person,29,south
p20203,Person,62,west
p20204,Person,70,central
p20205,Person,52,east
p20206,Person,44,east
p20207,Person,29,south
p20208,Person,50,south
p20209,Person,77,north
p20210,Person,76,north
p20211,Person,53,west
p20212,Person,30,central
p20213,Person,77,west
p20214,Person,41,central
p20215,Person,37,east
p20216,Person,65,west
p20217,Person,27,central
p20218,Person,75,east
p20219,Person,35,north
p20220,Person,21,central
p20221,Person,48,south
p20222,Person,32,north
p20223,Person,48,central
p20224,Person,58,west
p20225,Person,55,east
p20226,Person,33,central
p20227,Person,19,north
p20228,Person,49,south
p20229,Person,55,north
p20230,Person,52,south
p20231,Person,39,central
p20232,Person,47,central
p20233,Person,24,west
p20234,Person,22,west
p20235,Person,19,east
p20236,Person,62,central
p20237,Person,63,north
p20238,Person,71,north
p20239,Person,48,central
p20240,Person,74,central
p20241,Person,24,west
p20242,Person,75,central
p20243,Person,51,east
p20244,Person,42,east
p20245,Person,34,north
p20246,Person,29,south
p20247,Person,21,south
p20248,Person,53,south
p20249,Person,39,south
p20250,Person,34,west
p20251,Person,69,west
p20252,Person,64,west
p20253,Person,26,west
p20254,Person,66,central
p20255,Person,31,central
p20256,Person,25,south
p20257,Person,42,south
p20258,Person,56,east
p20259,Person,69,central
p20260,Person,22,west
p20261,Person,69,west
p20262,Person,66,east
p20263,Person,56,west
p20264,Person,42,east
p20265,Person,39,east
p20266,Person,48,north
p20267,Person,18,central
p20268,Person,47,west
p20269,Person,51,south
p20270,Person,24,east
p20271,Person,66,central
p20272,Person,36,north
p20273,Person,46,west
p20274,Person,74,north
p20275,Person,64,north
p20276,Person,62,west
p20277,Person,37,west
p20278,Person,34,south
p20279,Person,56,central
p20280,Person,46,central
p20281,Person,58,west
p20282,Person,50,east
p20283,Person,18,east
p20284,Person,77,central
p20285,Person,19,north
p20286,Person,36,east
p20287,Person,51,east
p20288,Person,49,south
p20289,Person,32,north
p20290,Person,46,west
p20291,Person,59,south
p20292,Person,21,west
p20293,Person,66,north
p20294,Person,44,north
p20295,Person,62,west
p20296,Person,70,north
p20297,Person,49,north
p20298,Person,60,north
p20299,Person,30,north
p20300,Person,30,south
p20301,Person,32,east
p20302,Person,31,south
p20303,Person,65,south
p20304,Person,24,north
p20305,Person,20,south
p20306,Person,35,north
p20307,Person,56,east
p20308,Person,68,west
p20309,Person,58,central
p20310,Person,22,south
p20311,Person,67,central
p20312,Person,61,south
p20313,Person,40,west
p20314,Person,37,central
p20315,Person,28,west
p20316,Person,62,central
p20317,Person,28,central
p20318,Person,70,central
p20319,Person,27,west
p20320,Person,29,east
p20321,Person,65,west
p20322,Person,43,west
p20323,Person,61,east
p20324,Person,45,central
p20325,Person,24,south
p20326,Person,37,central
p20327,Person,52,north
p20328,Person,19,north
p20329,Person,18,south
p20330,Person,23,central
p20331,Person,62,central
p20332,Person,22,central
p20333,Person,65,west
p20334,Person,70,west
p20335,Person,30,south
p20336,Person,36,west
p20337,Person,19,east
p20338,Person,44,east
p20339,Person,35,north
p20340,Person,41,south
p20341,Person,56,west
p20342,Person,76,central
p20343,Person,35,central
p20344,Person,36,west
p20345,Person,38,south
p20346,Person,64,north
p20347,Person,25,south
p20348,Person,26,north
p20349,Person,67,east
p20350,Person,46,north
p20351,Person,30,west
p20352,Person,46,east
p20353,Person,60,west
p20354,Person,43,north
p20355,Person,43,central
p20356,Person,37,central
p20357,Person,22,north
p20358,Person,32,east
p20359,Person,59,west
p20360,Person,47,east
p20361,Person,63,west
p20362,Person,77,east
p20363,Person,68,north
p20364,Person,19,east
p20365,Person,24,west
p20366,Person,66,central
p20367,Person,77,south
p20368,Person,65,south
p20369,Person,53,north
p20370,Person,63,central
p20371,Person,77,south
p20372,Person,23,central
p20373,Person,32,south
p20374,Person,51,north
p20375,Person,40,east
p20376,Person,33,north
p20377,Person,31,east
p20378,Person,36,north
p20379,Person,63,east
p20380,Person,22,north
p20381,Person,23,south
p20382,Person,51,west
p20383,Person,31,south
p20384,Person,56,east
p20385,Person,30,east
p20386,Person,41,north
p20387,Person,19,central
p20388,Person,54,north
p20389,Person,47,south
p20390,Person,28,north
p20391,Person,30,south
p20392,Person,69,west
p20393,Person,39,central
p20394,Person,56,north
p20395,Person,28,central
p20396,Person,61,south
p20397,Person,74,west
p20398,Person,37,south
p20399,Person,48,east
p20400,Person,26,central
p20401,Person,59,north
p20402,Person,65,central
p20403,Person,45,west
p20404,Person,37,north
p20405,Person,56,south
p20406,Person,56,west
p20407,Person,50,east
p20408,Person,48,south
p20409,Person,38,west
p20410,Person,41,central
p20411,Person,58,central
p20412,Person,64,south
p20413,Person,40,west
p20414,Person,52,west
p20415,Person,58,west
p20416,Person,65,west
p20417,Person,22,east
p20418,Person,69,south
p20419,Person,49,south
p20420,Person,48,east
p20421,Person,23,south
p20422,Person,54,central
p20423,Person,71,south
p20424,Person,76,west
p20425,Person,23,north
p20426,Person,69,south
p20427,Person,41,east
p20428,Person,38,east
p20429,Person,57,north
p20430,Person,62,west
p20431,Person,74,south
p20432,Person,39,west
p20433,Person,57,north
p20434,Person,29,west
p20435,Person,70,west
p20436,Person,24,west
p20437,Person,25,east
p20438,Person,39,south
p20439,Person,35,north
p20440,Person,60,south
p20441,Person,71,north
p20442,Person,69,south
p20443,Person,69,west
p20444,Person,20,central
p20445,Person,40,central
p20446,Person,20,east
p20447,Person,35,south
p20448,Person,18,east
p20449,Person,32,south
p20450,Person,26,central
p20451,Person,44,central
p20452,Person,46,east
p20453,Person,37,east
p20454,Person,40,west
p20455,Person,18,south
p20456,Person,74,west
p20457,Person,70,west
p20458,Person,58,central
p20459,Person,73,west
p20460,Person,65,central
p20461,Person,53,north
p20462,Person,19,central
p20463,Person,69,west
p20464,Person,25,south
p20465,Person,30,west
p20466,Person,24,central
p20467,Person,62,east
p20468,Person,31,north
p20469,Person,28,west
p20470,Person,75,central
p20471,Person,67,west
p20472,Person,51,central
p20473,Person,46,west
p20474,Person,27,east
p20475,Person,62,north
p20476,Person,50,central
p20477,Person,49,north
p20478,Person,36,east
p20479,Person,25,south
p20480,Person,26,south
p20481,Person,22,north
p20482,Person,46,central
p20483,Person,43,east
p20484,Person,62,east
p20485,Person,34,west
p20486,Person,64,east
p20487,Person,46,north
p20488,Person,51,east
p20489,Person,42,east
p20490,Person,54,east
p20491,Person,52,east
p20492,Person,73,east
p20493,Person,47,central
p20494,Person,50,central
p20495,Person,39,south
p20496,Person,60,west
p20497,Person,63,east
p20498,Person,44,east
p20499,Person,26,central
p20500,Person,74,south
p20501,Person,49,south
p20502,Person,42,south
p20503,Person,65,south
p20504,Person,67,east
p20505,Person,55,west
p20506,Person,26,central
p20507,Person,27,central
p20508,Person,71,central
p20509,Person,39,south
p20510,Person,37,south
p20511,Person,77,west
p20512,Person,35,west
p20513,Person,20,central
p20514,Person,29,west
p20515,Person,36,north
p20516,Person,30,west
p20517,Person,50,south
p20518,Person,39,west
p20519,Person,26,east
p20520,Person,67,east
p20521,Person,71,south
p20522,Person,61,west
p20523,Person,48,south
p20524,Person,47,east
p20525,Person,73,west
p20526,Person,39,west
p20527,Person,72,central
p20528,Person,48,central
p20529,Person,57,north
p20530,Person,72,central
p20531,Person,63,south
p20532,Person,53,west
p20533,Person,48,east
p20534,Person,35,south
p20535,Person,31,east
p20536,Person,38,west
p20537,Person,61,central
p20538,Person,38,south
p20539,Person,51,north
p20540,Person,28,west
p20541,Person,63,south
p20542,Person,40,north
p20543,Person,70,central
p20544,Person,34,east
p20545,Person,33,east
p20546,Person,25,south
p20547,Person,36,east
p20548,Person,60,east
p20549,Person,54,central
p20550,Person,18,east
p20551,Person,57,north
p20552,Person,49,east
p20553,Person,64,central
p20554,Person,26,south
p20555,Person,21,east
p20556,Person,27,north
p20557,Person,44,east
p20558,Person,44,east
p20559,Person,66,west
p20560,Person,68,north
p20561,Person,72,south
p20562,Person,21,west
p20563,Person,26,south
p20564,Person,22,north
p20565,Person,76,south
p20566,Person,77,west
p20567,Person,54,west
p20568,Person,72,east
p20569,Person,50,east
p20570,Person,51,east
p20571,Person,75,south
p20572,Person,65,north
p20573,Person,44,south
p20574,Person,57,north
p20575,Person,61,south
p20576,Person,48,south
p20577,Person,76,west
p20578,Person,34,central
p20579,Person,56,south
p20580,Person,46,south
p20581,Person,63,north
p20582,Person,43,north
p20583,Person,19,west
p20584,Person,39,south
p20585,Person,38,central
p20586,Person,20,west
p20587,Person,20,south
p20588,Person,23,central
p20589,Person,22,west
p20590,Person,60,east
p20591,Person,41,north
p20592,Person,37,south
p20593,Person,64,north
p20594,Person,50,east
p20595,Person,54,south
p20596,Person,22,west
p20597,Person,64,west
p20598,Person,62,west
p20599,Person,38,north
p20600,Person,73,south
p20601,Person,30,north
p20602,Person,28,east
p20603,Person,49,south
p20604,Person,40,east
p20605,Person,27,central
p20606,Person,51,central
p20607,Person,44,south
p20608,Person,36,west
p20609,Person,54,north
p20610,Person,34,central
p20611,Person,46,east
p20612,Person,22,west
p20613,Person,33,central
p20614,Person,77,east
p20615,Person,29,south
p20616,Person,57,west
p20617,Person,36,east
p20618,Person,60,west
p20619,Person,39,east
p20620,Person,76,south
p20621,Person,62,central
p20622,Person,53,central
p20623,Person,32,central
p20624,Person,69,central
p20625,Person,54,central
p20626,Person,43,west
p20627,Person,75,north
p20628,Person,58,south
p20629,Person,62,central
p20630,Person,18,east
p20631,Person,62,west
p20632,Person,58,central
p20633,Person,31,north
p20634,Person,66,east
p20635,Person,54,east
p20636,Person,22,east
p20637,Person,45,east
p20638,Person,53,south
p20639,Person,21,east
p20640,Person,63,east
p20641,Person,41,west
p20642,Person,69,central
p20643,Person,31,north
p20644,Person,24,east
p20645,Person,73,central
p20646,Person,68,north
p20647,Person,53,central
p20648,Person,23,south
p20649,Person,56,east
p20650,Person,76,north
p20651,Person,54,south
p20652,Person,43,south
p20653,Person,35,south
p20654,Person,41,west
p20655,Person,45,west
p20656,Person,38,west
p20657,Person,38,central
p20658,Person,63,east
p20659,Person,64,east
p20660,Person,44,west
p20661,Person,51,central
p20662,Person,36,south
p20663,Person,33,central
p20664,Person,39,central
p20665,Person,54,central
p20666,Person,61,central
p20667,Person,61,north
p20668,Person,51,north
p20669,Person,30,north
p20670,Person,67,east
p20671,Person,58,west
p20672,Person,61,east
p20673,Person,21,north
p20674,Person,40,east
p20675,Person,20,south
p20676,Person,58,west
p20677,Person,30,north
p20678,Person,77,east
p20679,Person,36,north
p20680,Person,27,central
p20681,Person,74,central
p20682,Person,68,west
p20683,Person,29,south
p20684,Person,71,central
p20685,Person,48,north
p20686,Person,65,central
p20687,Person,74,north
p20688,Person,54,east
p20689,Person,36,south
p20690,Person,49,north
p20691,Person,57,south
p20692,Person,22,north
p20693,Person,25,west
p20694,Person,62,west
p20695,Person,60,north
p20696,Person,44,west
p20697,Person,40,central
p20698,Person,35,east
p20699,Person,69,west
p20700,Person,71,north
p20701,Person,39,east
p20702,Person,38,west
p20703,Person,58,west
p20704,Person,75,north
p20705,Person,66,east
p20706,Person,23,south
p20707,Person,25,west
p20708,Person,22,north
p20709,Person,19,north
p20710,Person,45,east
p20711,Person,42,east
p20712,Person,31,central
p20713,Person,63,south
p20714,Person,28,north
p20715,Person,57,central
p20716,Person,23,west
p20717,Person,33,central
p20718,Person,41,east
p20719,Person,20,east
p20720,Person,34,north
p20721,Person,63,east
p20722,Person,44,west
p20723,Person,58,north
p20724,Person,31,south
p20725,Person,42,east
p20726,Person,41,central
p20727,Person,62,east
p20728,Person,68,central
p20729,Person,31,east
p20730,Person,23,south
p20731,Person,61,north
p20732,Person,47,north
p20733,Person,38,north
p20734,Person,52,central
p20735,Person,56,south
p20736,Person,74,north
p20737,Person,34,south
p20738,Person,35,west
p20739,Person,39,west
p20740,Person,37,south
p20741,Person,36,north
p20742,Person,35,east
p20743,Person,60,west
p20744,Person,21,north
p20745,Person,31,east
p20746,Person,43,south
p20747,Person,27,south
p20748,Person,22,west
p20749,Person,75,south
p20750,Person,32,west
p20751,Person,72,central
p20752,Person,39,north
p20753,Person,28,south
p20754,Person,41,west
p20755,Person,27,central
p20756,Person,58,west
p20757,Person,72,west
p20758,Person,37,north
p20759,Person,22,south
p20760,Person,25,south
p20761,Person,60,east
p20762,Person,53,central
p20763,Person,29,west
p20764,Person,55,west
p20765,Person,47,north
p20766,Person,57,south
p20767,Person,67,east
p20768,Person,22,east
p20769,Person,48,west
p20770,Person,24,south
p20771,Person,69,west
p20772,Person,20,north
p20773,Person,38,east
p20774,Person,24,north
p20775,Person,30,central
p20776,Person,76,north
p20777,Person,64,west
p20778,Person,67,south
p20779,Person,69,south
p20780,Person,61,west
p20781,Person,67,north
p20782,Person,62,west
p20783,Person,53,east
p20784,Person,33,central
p20785,Person,59,central
p20786,Person,66,north
p20787,Person,51,west
p20788,Person,51,south
p20789,Person,71,west
p20790,Person,30,west
p20791,Person,22,north
p20792,Person,60,south
p20793,Person,30,west
p20794,Person,43,south
p20795,Person,36,central
p20796,Person,68,north
p20797,Person,75,west
p20798,Person,71,west
p20799,Person,19,north
p20800,Person,27,south
p20801,Person,44,south
p20802,Person,39,east
p20803,Person,58,south
p20804,Person,47,east
p20805,Person,75,south
p20806,Person,55,east
p20807,Person,34,west
p20808,Person,42,west
p20809,Person,55,west
p20810,Person,54,central
p20811,Person,75,central
p20812,Person,53,north
p20813,Person,68,west
p20814,Person,26,central
p20815,Person,35,north
p20816,Person,39,central
p20817,Person,70,east
p20818,Person,41,east
p20819,Person,64,north
p20820,Person,37,south
p20821,Person,27,south
p20822,Person,58,central
p20823,Person,56,east
p20824,Person,20,central
p20825,Person,46,north
p20826,Person,41,south
p20827,Person,35,east
p20828,Person,32,central
p20829,Person,33,east
p20830,Person,64,south
p20831,Person,63,south
p20832,Person,70,west
p20833,Person,53,central
p20834,Person,47,central
p20835,Person,73,east
p20836,Person,18,central
p20837,Person,35,central
p20838,Person,49,central
p20839,Person,52,west
p20840,Person,55,central
p20841,Person,45,central
p20842,Person,48,north
p20843,Person,31,central
p20844,Person,70,central
p20845,Person,65,south
p20846,Person,19,west
p20847,Person,54,south
p20848,Person,25,west
p20849,Person,20,west
p20850,Person,48,south
p20851,Person,35,north
p20852,Person,60,south
p20853,Person,59,west
p20854,Person,42,central
p20855,Person,73,north
p20856,Person,36,north
p20857,Person,21,east
p20858,Person,65,south
p20859,Person,65,east
p20860,Person,66,central
p20861,Person,35,central
p20862,Person,67,central
p20863,Person,21,south
p20864,Person,52,east
p20865,Person,39,central
p20866,Person,19,central
p20867,Person,39,south
p20868,Person,46,east
p20869,Person,69,north
p20870,Person,71,south
p20871,Person,18,central
p20872,Person,52,west
p20873,Person,40,south
p20874,Person,39,west
p20875,Person,64,west
p20876,Person,72,north
p20877,Person,67,north
p20878,Person,60,central
p20879,Person,18,north
p20880,Person,52,south
p20881,Person,55,north
p20882,Person,41,central
p20883,Person,73,west
p20884,Person,61,central
p20885,Person,44,west
p20886,Person,60,south
p20887,Person,68,west
p20888,Person,51,central
p20889,Person,70,west
p20890,Person,42,south
p20891,Person,28,north
p20892,Person,38,east
p20893,Person,25,south
p20894,Person,55,north
p20895,Person,45,central
p20896,Person,74,central
p20897,Person,22,central
p20898,Person,20,south
p20899,Person,43,central
p20900,Person,43,south
p20901,Person,49,east
p20902,Person,47,south
p20903,Person,60,north
p20904,Person,54,east
p20905,Person,38,east
p20906,Person,60,west
p20907,Person,50,west
p20908,Person,44,north
p20909,Person,41,south
p20910,Person,51,south
p20911,Person,42,central
p20912,Person,21,south
p20913,Person,42,north
p20914,Person,47,north
p20915,Person,48,west
p20916,Person,61,west
p20917,Person,26,north
p20918,Person,59,east
p20919,Person,32,east
p20920,Person,46,east
p20921,Person,28,south
p20922,Person,32,north
p20923,Person,52,central
p20924,Person,52,east
p20925,Person,56,south
p20926,Person,40,east
p20927,Person,61,central
p20928,Person,29,central
p20929,Person,65,west
p20930,Person,41,south
p20931,Person,47,central
p20932,Person,30,west
p20933,Person,39,east
p20934,Person,44,west
p20935,Person,58,west
p20936,Person,55,west
p20937,Person,34,west
p20938,Person,59,central
p20939,Person,77,south
p20940,Person,54,east
p20941,Person,65,south
p20942,Person,41,east
p20943,Person,62,north
p20944,Person,49,north
p20945,Person,45,east
p20946,Person,67,west
p20947,Person,41,east
p20948,Person,46,central
p20949,Person,24,east
p20950,Person,33,east
p20951,Person,50,west
p20952,Person,65,east
p20953,Person,77,south
p20954,Person,72,south
p20955,Person,26,west
p20956,Person,73,west
p20957,Person,49,north
p20958,Person,38,central
p20959,Person,76,south
p20960,Person,37,central
p20961,Person,61,east
p20962,Person,29,east
p20963,Person,57,west
p20964,Person,47,central
p20965,Person,32,north
p20966,Person,24,south
p20967,Person,48,west
p20968,Person,76,south
p20969,Person,37,east
p20970,Person,66,north
p20971,Person,41,central
p20972,Person,66,south
p20973,Person,50,east
p20974,Person,36,west
p20975,Person,23,north
p20976,Person,41,east
p20977,Person,63,east
p20978,Person,67,west
p20979,Person,61,south
p20980,Person,22,west
p20981,Person,59,north
p20982,Person,58,east
p20983,Person,76,east
p20984,Person,58,central
p20985,Person,20,east
p20986,Person,51,west
p20987,Person,64,south
p20988,Person,50,east
p20989,Person,63,central
p20990,Person,37,north
p20991,Person,40,south
p20992,Person,47,north
p20993,Person,72,central
p20994,Person,44,north
p20995,Person,26,east
p20996,Person,71,east
p20997,Person,21,south
p20998,Person,62,central
p20999,Person,75,east
p21000,Person,44,east
p21001,Person,30,north
p21002,Person,33,central
p21003,Person,27,west
p21004,Person,74,central
p21005,Person,36,north
p21006,Person,40,central
p21007,Person,69,south
p21008,Person,55,central
p21009,Person,75,east
p21010,Person,64,central
p21011,Person,56,north
p21012,Person,43,west
p21013,Person,55,west
p21014,Person,51,central
p21015,Person,53,east
p21016,Person,65,central
p21017,Person,33,east
p21018,Person,53,central
p21019,Person,20,west
p21020,Person,76,central
p21021,Person,33,east
p21022,Person,72,south
p21023,Person,18,south
p21024,Person,30,central
p21025,Person,35,west
p21026,Person,22,north
p21027,Person,36,east
p21028,Person,19,central
p21029,Person,62,west
p21030,Person,61,east
p21031,Person,61,central
p21032,Person,22,east
p21033,Person,76,east
p21034,Person,64,west
p21035,Person,39,central
p21036,Person,39,central
p21037,Person,40,west
p21038,Person,67,west
p21039,Person,43,west
p21040,Person,21,west
p21041,Person,61,east
p21042,Person,42,central
p21043,Person,34,north
p21044,Person,70,west
p21045,Person,18,south
p21046,Person,70,east
p21047,Person,65,north
p21048,Person,35,east
p21049,Person,47,west
p21050,Person,61,central
p21051,Person,37,west
p21052,Person,75,west
p21053,Person,27,north
p21054,Person,41,east
p21055,Person,30,east
p21056,Person,29,east
p21057,Person,50,west
p21058,Person,64,east
p21059,Person,67,east
p21060,Person,18,east
p21061,Person,36,central
p21062,Person,24,central
p21063,Person,26,central
p21064,Person,52,west
p21065,Person,56,north
p21066,Person,25,central
p21067,Person,31,west
p21068,Person,36,north
p21069,Person,20,west
p21070,Person,20,east
p21071,Person,71,central
p21072,Person,43,west
p21073,Person,61,east
p21074,Person,70,central
p21075,Person,60,central
p21076,Person,38,north
p21077,Person,57,east
p21078,Person,34,south
p21079,Person,65,east
p21080,Person,36,south
p21081,Person,66,west
p21082,Person,22,central
p21083,Person,68,west
p21084,Person,62,north
p21085,Person,44,east
p21086,Person,40,central
p21087,Person,49,west
p21088,Person,34,north
p21089,Person,52,north
p21090,Person,18,west
p21091,Person,25,central
p21092,Person,22,east
p21093,Person,62,south
p21094,Person,61,central
p21095,Person,60,west
p21096,Person,34,south
p21097,Person,69,south
p21098,Person,73,west
p21099,Person,63,central
p21100,Person,50,north
p21101,Person,37,west
p21102,Person,35,west
p21103,Person,28,east
p21104,Person,31,central
p21105,Person,48,west
p21106,Person,52,south
p21107,Person,39,east
p21108,Person,29,south
p21109,Person,53,south
p21110,Person,38,east
p21111,Person,43,east
p21112,Person,64,east
p21113,Person,61,south
p21114,Person,77,central
p21115,Person,42,south
p21116,Person,39,central
p21117,Person,26,east
p21118,Person,37,south
p21119,Person,53,south
p21120,Person,39,central
p21121,Person,36,central
p21122,Person,26,east
p21123,Person,68,east
p21124,Person,30,central
p21125,Person,77,west
p21126,Person,74,west
p21127,Person,76,south
p21128,Person,33,central
p21129,Person,43,central
p21130,Person,26,central
p21131,Person,45,north
p21132,Person,44,west
p21133,Person,44,central
p21134,Person,19,west
p21135,Person,33,south
p21136,Person,28,west
p21137,Person,21,central
p21138,Person,30,central
p21139,Person,70,north
p21140,Person,74,south
p21141,Person,45,north
p21142,Person,69,south
p21143,Person,35,east
p21144,Person,38,north
p21145,Person,48,north
p21146,Person,52,central
p21147,Person,67,east
p21148,Person,25,south
p21149,Person,28,east
p21150,Person,50,west
p21151,Person,66,central
p21152,Person,38,north
p21153,Person,43,east
p21154,Person,21,south
p21155,Person,38,central
p21156,Person,22,south
p21157,Person,64,south
p21158,Person,55,south
p21159,Person,52,east
p21160,Person,65,west
p21161,Person,31,east
p21162,Person,50,north
p21163,Person,57,east
p21164,Person,52,south
p21165,Person,23,east
p21166,Person,76,central
p21167,Person,44,west
p21168,Person,55,east
p21169,Person,34,west
p21170,Person,48,south
p21171,Person,40,west
p21172,Person,36,central
p21173,Person,69,central
p21174,Person,28,east
p21175,Person,42,central
p21176,Person,37,central
p21177,Person,68,east
p21178,Person,58,south
p21179,Person,76,central
p21180,Person,55,west
p21181,Person,44,north
p21182,Person,37,south
p21183,Person,63,west
p21184,Person,61,east
p21185,Person,62,east
p21186,Person,22,north
p21187,Person,30,north
p21188,Person,71,east
p21189,Person,66,east
p21190,Person,76,central
p21191,Person,35,east
p21192,Person,37,east
p21193,Person,58,north
p21194,Person,18,central
p21195,Person,68,west
p21196,Person,67,north
p21197,Person,26,south
p21198,Person,33,east
p21199,Person,40,west
p21200,Person,60,south
p21201,Person,45,south
p21202,Person,22,central
p21203,Person,63,central
p21204,Person,32,east
p21205,Person,41,central
p21206,Person,60,south
p21207,Person,72,west
p21208,Person,24,north
p21209,Person,37,west
p21210,Person,43,east
p21211,Person,46,west
p21212,Person,70,west
p21213,Person,44,west
p21214,Person,37,west
p21215,Person,47,north
p21216,Person,73,east
p21217,Person,29,central
p21218,Person,26,east
p21219,Person,69,central
p21220,Person,51,central
p21221,Person,56,east
p21222,Person,57,south
p21223,Person,32,east
p21224,Person,22,north
p21225,Person,61,central
p21226,Person,68,south
p21227,Person,25,south
p21228,Person,44,west
p21229,Person,28,west
p21230,Person,77,north
p21231,Person,56,east
p21232,Person,25,east
p21233,Person,18,west
p21234,Person,22,north
p21235,Person,65,south
p21236,Person,42,east
p21237,Person,77,south
p21238,Person,59,south
p21239,Person,39,north
p21240,Person,35,north
p21241,Person,18,north
p21242,Person,67,central
p21243,Person,55,central
p21244,Person,39,south
p21245,Person,64,west
p21246,Person,48,north
p21247,Person,18,south
p21248,Person,40,north
p21249,Person,74,north
p21250,Person,51,west
p21251,Person,49,south
p21252,Person,23,east
p21253,Person,26,east
p21254,Person,34,west
p21255,Person,31,south
p21256,Person,21,east
p21257,Person,55,central
p21258,Person,73,central
p21259,Person,24,east
p21260,Person,46,north
p21261,Person,41,south
p21262,Person,27,south
p21263,Person,32,north
p21264,Person,73,south
p21265,Person,39,east
p21266,Person,52,south
p21267,Person,64,west
p21268,Person,19,central
p21269,Person,67,north
p21270,Person,41,north
p21271,Person,52,north
p21272,Person,19,north
p21273,Person,70,south
p21274,Person,38,north
p21275,Person,48,central
p21276,Person,71,east
p21277,Person,44,south
p21278,Person,73,north
p21279,Person,70,south
p21280,Person,18,east
p21281,Person,66,east
p21282,Person,31,north
p21283,Person,61,central
p21284,Person,70,north
p21285,Person,18,north
p21286,Person,52,south
p21287,Person,72,north
p21288,Person,37,central
p21289,Person,22,west
p21290,Person,25,west
p21291,Person,68,north
p21292,Person,42,west
p21293,Person,53,south
p21294,Person,49,south
p21295,Person,46,west
p21296,Person,44,east
p21297,Person,33,east
p21298,Person,22,west
p21299,Person,75,south
p21300,Person,33,north
p21301,Person,20,central
p21302,Person,44,south
p21303,Person,34,east
p21304,Person,27,east
p21305,Person,46,east
p21306,Person,32,west
p21307,Person,61,central
p21308,Person,48,south
p21309,Person,26,north
p21310,Person,47,east
p21311,Person,27,east
p21312,Person,41,east
p21313,Person,60,east
p21314,Person,47,west
p21315,Person,51,north
p21316,Person,29,north
p21317,Person,56,west
p21318,Person,22,east
p21319,Person,52,south
p21320,Person,63,east
p21321,Person,64,west
p21322,Person,50,north
p21323,Person,34,south
p21324,Person,43,south
p21325,Person,23,east
p21326,Person,20,central
p21327,Person,18,west
p21328,Person,73,south
p21329,Person,68,south
p21330,Person,31,east
p21331,Person,39,south
p21332,Person,49,central
p21333,Person,40,west
p21334,Person,29,east
p21335,Person,52,south
p21336,Person,34,north
p21337,Person,50,west
p21338,Person,76,east
p21339,Person,76,central
p21340,Person,49,north
p21341,Person,40,central
p21342,Person,66,east
p21343,Person,70,south
p21344,Person,61,west
p21345,Person,26,central
p21346,Person,39,central
p21347,Person,65,south
p21348,Person,43,north
p21349,Person,37,central
p21350,Person,33,north
p21351,Person,65,east
p21352,Person,57,south
p21353,Person,55,central
p21354,Person,48,west
p21355,Person,56,north
p21356,Person,48,central
p21357,Person,74,north
p21358,Person,25,west
p21359,Person,27,central
p21360,Person,75,north
p21361,Person,72,west
p21362,Person,64,west
p21363,Person,70,east
p21364,Person,55,north
p21365,Person,49,east
p21366,Person,45,south
p21367,Person,66,west
p21368,Person,55,west
p21369,Person,49,east
p21370,Person,41,central
p21371,Person,23,east
p21372,Person,39,central
p21373,Person,30,north
p21374,Person,43,south
p21375,Person,53,east
p21376,Person,22,east
p21377,Person,26,west
p21378,Person,60,west
p21379,Person,45,west
p21380,Person,68,north
p21381,Person,48,east
p21382,Person,58,south
p21383,Person,21,south
p21384,Person,52,south
p21385,Person,28,north
p21386,Person,41,south
p21387,Person,31,central
p21388,Person,66,central
p21389,Person,27,central
p21390,Person,54,south
p21391,Person,38,central
p21392,Person,51,west
p21393,Person,77,west
p21394,Person,25,south
p21395,Person,74,west
p21396,Person,33,south
p21397,Person,49,west
p21398,Person,34,west
p21399,Person,18,north
p21400,Person,26,north
p21401,Person,23,west
p21402,Person,28,south
p21403,Person,69,south
p21404,Person,30,west
p21405,Person,28,central
p21406,Person,47,east
p21407,Person,73,east
p21408,Person,34,east
p21409,Person,37,west
p21410,Person,68,north
p21411,Person,22,west
p21412,Person,75,south
p21413,Person,74,west
p21414,Person,29,east
p21415,Person,62,west
p21416,Person,40,south
p21417,Person,55,central
p21418,Person,30,east
p21419,Person,44,east
p21420,Person,41,north
p21421,Person,44,central
p21422,Person,51,east
p21423,Person,45,east
p21424,Person,25,west
p21425,Person,43,north
p21426,Person,77,west
p21427,Person,68,central
p21428,Person,77,south
p21429,Person,67,south
p21430,Person,22,north
p21431,Person,57,south
p21432,Person,54,central
p21433,Person,41,east
p21434,Person,54,west
p21435,Person,51,south
p21436,Person,61,south
p21437,Person,51,west
p21438,Person,55,west
p21439,Person,60,east
p21440,Person,40,east
p21441,Person,72,north
p21442,Person,48,south
p21443,Person,76,central
p21444,Person,65,east
p21445,Person,73,central
p21446,Person,33,central
p21447,Person,76,north
p21448,Person,67,east
p21449,Person,24,west
p21450,Person,37,central
p21451,Person,41,west
p21452,Person,23,south
p21453,Person,49,east
p21454,Person,77,south
p21455,Person,50,central
p21456,Person,46,south
p21457,Person,52,south
p21458,Person,56,central
p21459,Person,54,central
p21460,Person,37,south
p21461,Person,36,north
p21462,Person,54,north
p21463,Person,43,west
p21464,Person,70,west
p21465,Person,30,west
p21466,Person,46,north
p21467,Person,29,south
p21468,Person,25,central
p21469,Person,30,south
p21470,Person,18,south
p21471,Person,34,south
p21472,Person,72,west
p21473,Person,53,central
p21474,Person,33,east
p21475,Person,38,south
p21476,Person,19,central
p21477,Person,20,east
p21478,Person,77,south
p21479,Person,77,west
p21480,Person,65,central
p21481,Person,45,south
p21482,Person,24,east
p21483,Person,56,east
p21484,Person,34,east
p21485,Person,32,north
p21486,Person,74,west
p21487,Person,40,east
p21488,Person,38,west
p21489,Person,52,east
p21490,Person,68,south
p21491,Person,42,east
p21492,Person,56,west
p21493,Person,29,east
p21494,Person,59,south
p21495,Person,50,central
p21496,Person,44,south
p21497,Person,69,central
p21498,Person,72,west
p21499,Person,21,central
p21500,Person,50,west
p21501,Person,23,north
p21502,Person,59,west
p21503,Person,64,north
p21504,Person,74,north
p21505,Person,68,south
p21506,Person,21,east
p21507,Person,58,west
p21508,Person,29,east
p21509,Person,32,west
p21510,Person,40,east
p21511,Person,60,central
p21512,Person,31,east
p21513,Person,68,east
p21514,Person,54,south
p21515,Person,51,north
p21516,Person,20,east
p21517,Person,28,east
p21518,Person,64,south
p21519,Person,48,east
p21520,Person,21,south
p21521,Person,75,north
p21522,Person,31,west
p21523,Person,45,west
p21524,Person,45,south
p21525,Person,43,west
p21526,Person,73,east
p21527,Person,63,north
p21528,Person,19,central
p21529,Person,51,north
p21530,Person,39,east
p21531,Person,25,central
p21532,Person,40,west
p21533,Person,71,west
p21534,Person,62,south
p21535,Person,29,central
p21536,Person,63,south
p21537,Person,51,south
p21538,Person,40,central
p21539,Person,59,south
p21540,Person,70,south
p21541,Person,61,south
p21542,Person,77,west
p21543,Person,28,south
p21544,Person,56,west
p21545,Person,42,north
p21546,Person,65,central
p21547,Person,49,central
p21548,Person,71,east
p21549,Person,41,east
p21550,Person,55,east
p21551,Person,55,east
p21552,Person,39,central
p21553,Person,28,central
p21554,Person,77,central
p21555,Person,52,east
p21556,Person,19,central
p21557,Person,70,west
p21558,Person,24,north
p21559,Person,29,east
p21560,Person,48,central
p21561,Person,36,central
p21562,Person,69,south
p21563,Person,18,central
p21564,Person,59,south
p21565,Person,74,central
p21566,Person,63,north
p21567,Person,29,east
p21568,Person,32,south
p21569,Person,65,west
p21570,Person,67,south
p21571,Person,61,central
p21572,Person,64,central
p21573,Person,28,west
p21574,Person,50,south
p21575,Person,43,east
p21576,Person,60,south
p21577,Person,21,east
p21578,Person,66,east
p21579,Person,38,north
p21580,Person,54,west
p21581,Person,25,south
p21582,Person,55,west
p21583,Person,44,central
p21584,Person,66,north
p21585,Person,20,south
p21586,Person,27,south
p21587,Person,24,north
p21588,Person,33,central
p21589,Person,21,north
p21590,Person,57,central
p21591,Person,21,west
p21592,Person,18,west
p21593,Person,35,north
p21594,Person,32,south
p21595,Person,46,central
p21596,Person,34,central
p21597,Person,68,west
p21598,Person,19,central
p21599,Person,56,east
p21600,Person,29,south
p21601,Person,63,north
p21602,Person,73,east
p21603,Person,42,south
p21604,Person,25,central
p21605,Person,40,west
p21606,Person,58,north
p21607,Person,40,west
p21608,Person,40,central
p21609,Person,34,central
p21610,Person,50,south
p21611,Person,72,central
p21612,Person,36,east
p21613,Person,77,central
p21614,Person,76,south
p21615,Person,71,south
p21616,Person,52,north
p21617,Person,39,south
p21618,Person,41,east
p21619,Person,66,west
p21620,Person,28,central
p21621,Person,43,south
p21622,Person,68,east
p21623,Person,32,north
p21624,Person,73,central
p21625,Person,24,south
p21626,Person,35,north
p21627,Person,62,central
p21628,Person,77,central
p21629,Person,51,west
p21630,Person,44,south
p21631,Person,72,east
p21632,Person,57,west
p21633,Person,60,central
p21634,Person,76,west
p21635,Person,66,west
p21636,Person,23,central
p21637,Person,47,east
p21638,Person,26,central
p21639,Person,55,north
p21640,Person,67,north
p21641,Person,44,west
p21642,Person,31,east
p21643,Person,55,north
p21644,Person,25,south
p21645,Person,58,west
p21646,Person,75,east
p21647,Person,54,east
p21648,Person,67,south
p21649,Person,59,west
p21650,Person,46,north
p21651,Person,48,central
p21652,Person,73,west
p21653,Person,66,north
p21654,Person,49,north
p21655,Person,59,north
p21656,Person,66,east
p21657,Person,24,north
p21658,Person,18,central
p21659,Person,57,north
p21660,Person,18,west
p21661,Person,58,west
p21662,Person,21,east
p21663,Person,66,west
p21664,Person,66,central
p21665,Person,52,west
p21666,Person,50,west
p21667,Person,33,south
p21668,Person,19,south
p21669,Person,31,south
p21670,Person,37,west
p21671,Person,42,east
p21672,Person,46,north
p21673,Person,63,north
p21674,Person,18,east
p21675,Person,59,west
p21676,Person,60,south
p21677,Person,31,north
p21678,Person,33,south
p21679,Person,65,central
p21680,Person,54,south
p21681,Person,23,central
p21682,Person,23,north
p21683,Person,59,north
p21684,Person,48,west
p21685,Person,30,north
p21686,Person,56,central
p21687,Person,38,north
p21688,Person,54,west
p21689,Person,22,central
p21690,Person,28,east
p21691,Person,31,central
p21692,Person,23,east
p21693,Person,69,east
p21694,Person,70,south
p21695,Person,36,north
p21696,Person,66,central
p21697,Person,56,north
p21698,Person,67,south
p21699,Person,42,east
p21700,Person,66,north
p21701,Person,66,west
p21702,Person,41,east
p21703,Person,51,north
p21704,Person,28,west
p21705,Person,52,central
p21706,Person,23,central
p21707,Person,26,central
p21708,Person,49,south
p21709,Person,23,south
p21710,Person,52,east
p21711,Person,57,west
p21712,Person,62,west
p21713,Person,57,central
p21714,Person,35,south
p21715,Person,69,south
p21716,Person,22,central
p21717,Person,25,east
p21718,Person,24,north
p21719,Person,35,central
p21720,Person,71,north
p21721,Person,35,central
p21722,Person,42,east
p21723,Person,45,south
p21724,Person,23,north
p21725,Person,40,east
p21726,Person,59,central
p21727,Person,23,west
p21728,Person,54,south
p21729,Person,24,east
p21730,Person,59,north
p21731,Person,30,north
p21732,Person,19,west
p21733,Person,30,east
p21734,Person,27,west
p21735,Person,62,north
p21736,Person,23,north
p21737,Person,47,central
p21738,Person,34,west
p21739,Person,44,north
p21740,Person,67,west
p21741,Person,77,south
p21742,Person,57,north
p21743,Person,34,central
p21744,Person,47,south
p21745,Person,48,central
p21746,Person,51,east
p21747,Person,53,west
p21748,Person,42,north
p21749,Person,31,west
p21750,Person,76,east
p21751,Person,72,east
p21752,Person,23,west
p21753,Person,73,central
p21754,Person,25,north
p21755,Person,60,south
p21756,Person,56,west
p21757,Person,58,central
p21758,Person,50,west
p21759,Person,30,east
p21760,Person,75,west
p21761,Person,38,north
p21762,Person,34,west
p21763,Person,22,central
p21764,Person,25,west
p21765,Person,23,central
p21766,Person,68,north
p21767,Person,42,central
p21768,Person,35,east
p21769,Person,47,central
p21770,Person,21,north
p21771,Person,60,south
p21772,Person,18,central
p21773,Person,45,central
p21774,Person,24,north
p21775,Person,38,north
p21776,Person,47,south
p21777,Person,75,west
p21778,Person,70,south
p21779,Person,71,south
p21780,Person,68,central
p21781,Person,23,south
p21782,Person,47,west
p21783,Person,51,south
p21784,Person,40,south
p21785,Person,70,east
p21786,Person,18,east
p21787,Person,65,north
p21788,Person,68,north
p21789,Person,24,central
p21790,Person,25,south
p21791,Person,68,east
p21792,Person,23,south
p21793,Person,21,west
p21794,Person,40,east
p21795,Person,63,south
p21796,Person,39,central
p21797,Person,23,south
p21798,Person,70,east
p21799,Person,46,west
p21800,Person,20,south
p21801,Person,58,east
p21802,Person,22,west
p21803,Person,76,north
p21804,Person,49,east
p21805,Person,39,south
p21806,Person,19,north
p21807,Person,26,south
p21808,Person,73,west
p21809,Person,26,west
p21810,Person,38,west
p21811,Person,44,south
p21812,Person,28,east
p21813,Person,55,west
p21814,Person,61,east
p21815,Person,30,north
p21816,Person,53,south
p21817,Person,32,north
p21818,Person,36,south
p21819,Person,19,east
p21820,Person,54,east
p21821,Person,47,west
p21822,Person,61,east
p21823,Person,24,south
p21824,Person,61,west
p21825,Person,46,central
p21826,Person,33,north
p21827,Person,21,central
p21828,Person,77,central
p21829,Person,51,east
p21830,Person,61,central
p21831,Person,53,north
p21832,Person,51,west
p21833,Person,45,north
p21834,Person,32,west
p21835,Person,74,central
p21836,Person,41,east
p21837,Person,28,east
p21838,Person,20,central
p21839,Person,53,south
p21840,Person,68,east
p21841,Person,41,north
p21842,Person,36,west
p21843,Person,66,west
p21844,Person,59,north
p21845,Person,74,west
p21846,Person,29,south
p21847,Person,40,east
p21848,Person,47,west
p21849,Person,55,east
p21850,Person,30,north
p21851,Person,28,north
p21852,Person,27,west
p21853,Person,63,south
p21854,Person,27,north
p21855,Person,24,south
p21856,Person,62,west
p21857,Person,36,south
p21858,Person,23,east
p21859,Person,74,north
p21860,Person,38,west
p21861,Person,30,south
p21862,Person,72,south
p21863,Person,70,central
p21864,Person,44,central
p21865,Person,53,central
p21866,Person,67,east
p21867,Person,28,east
p21868,Person,54,central
p21869,Person,56,central
p21870,Person,48,north
p21871,Person,54,south
p21872,Person,64,east
p21873,Person,66,west
p21874,Person,41,south
p21875,Person,40,west
p21876,Person,49,west
p21877,Person,28,west
p21878,Person,19,east
p21879,Person,72,west
p21880,Person,28,west
p21881,Person,31,central
p21882,Person,19,central
p21883,Person,40,south
p21884,Person,42,east
p21885,Person,19,south
p21886,Person,33,east
p21887,Person,22,north
p21888,Person,69,east
p21889,Person,25,west
p21890,Person,45,south
p21891,Person,19,north
p21892,Person,23,south
p21893,Person,21,west
p21894,Person,70,south
p21895,Person,40,north
p21896,Person,62,north
p21897,Person,74,south
p21898,Person,19,north
p21899,Person,22,south
p21900,Person,69,west
p21901,Person,19,west
p21902,Person,43,north
p21903,Person,71,east
p21904,Person,57,south
p21905,Person,48,south
p21906,Person,54,north
p21907,Person,49,north
p21908,Person,25,west
p21909,Person,57,west
p21910,Person,46,south
p21911,Person,45,south
p21912,Person,23,central
p21913,Person,37,west
p21914,Person,26,central
p21915,Person,77,west
p21916,Person,61,central
p21917,Person,52,south
p21918,Person,40,west
p21919,Person,49,central
p21920,Person,77,west
p21921,Person,21,central
p21922,Person,27,central
p21923,Person,37,south
p21924,Person,60,east
p21925,Person,22,central
p21926,Person,18,central
p21927,Person,71,west
p21928,Person,69,central
p21929,Person,42,west
p21930,Person,72,east
p21931,Person,75,north
p21932,Person,50,east
p21933,Person,22,south
p21934,Person,45,north
p21935,Person,44,central
p21936,Person,57,north
p21937,Person,42,south
p21938,Person,31,south
p21939,Person,63,south
p21940,Person,25,east
p21941,Person,38,west
p21942,Person,22,south
p21943,Person,60,west
p21944,Person,19,central
p21945,Person,65,east
p21946,Person,35,south
p21947,Person,60,central
p21948,Person,33,north
p21949,Person,37,north
p21950,Person,76,west
p21951,Person,37,south
p21952,Person,19,west
p21953,Person,27,central
p21954,Person,34,central
p21955,Person,76,central
p21956,Person,54,central
p21957,Person,64,east
p21958,Person,39,west
p21959,Person,47,central
p21960,Person,52,north
p21961,Person,46,east
p21962,Person,25,west
p21963,Person,29,east
p21964,Person,43,south
p21965,Person,25,south
p21966,Person,32,north
p21967,Person,24,south
p21968,Person,22,central
p21969,Person,55,east
p21970,Person,58,east
p21971,Person,33,central
p21972,Person,39,central
p21973,Person,71,east
p21974,Person,20,east
p21975,Person,27,east
p21976,Person,31,east
p21977,Person,63,central
p21978,Person,73,west
p21979,Person,41,west
p21980,Person,45,west
p21981,Person,22,west
p21982,Person,66,central
p21983,Person,21,central
p21984,Person,40,central
p21985,Person,41,south
p21986,Person,38,east
p21987,Person,31,north
p21988,Person,58,central
p21989,Person,21,north
p21990,Person,39,north
p21991,Person,62,south
p21992,Person,43,central
p21993,Person,58,east
p21994,Person,21,west
p21995,Person,35,north
p21996,Person,51,south
p21997,Person,77,north
p21998,Person,52,west
p21999,Person,65,north
p22000,Person,73,north
p22001,Person,66,west
p22002,Person,40,central
p22003,Person,40,east
p22004,Person,23,north
p22005,Person,66,central
p22006,Person,72,central
p22007,Person,32,east
p22008,Person,18,east
p22009,Person,62,north
p22010,Person,70,north
p22011,Person,74,east
p22012,Person,65,central
p22013,Person,41,north
p22014,Person,38,west
p22015,Person,22,south
p22016,Person,32,central
p22017,Person,75,north
p22018,Person,34,west
p22019,Person,34,east
p22020,Person,55,south
p22021,Person,56,south
p22022,Person,30,south
p22023,Person,77,west
p22024,Person,41,south
p22025,Person,24,central
p22026,Person,55,south
p22027,Person,55,west
p22028,Person,49,north
p22029,Person,34,south
p22030,Person,38,north
p22031,Person,22,south
p22032,Person,45,north
p22033,Person,26,west
p22034,Person,43,west
p22035,Person,30,west
p22036,Person,52,south
p22037,Person,62,central
p22038,Person,39,south
p22039,Person,48,central
p22040,Person,24,north
p22041,Person,36,east
p22042,Person,22,west
p22043,Person,42,north
p22044,Person,25,south
p22045,Person,50,north
p22046,Person,66,west
p22047,Person,71,central
p22048,Person,35,west
p22049,Person,20,south
p22050,Person,35,south
p22051,Person,45,west
p22052,Person,40,east
p22053,Person,49,south
p22054,Person,39,east
p22055,Person,76,east
p22056,Person,59,north
p22057,Person,67,south
p22058,Person,24,central
p22059,Person,34,north
p22060,Person,75,west
p22061,Person,77,east
p22062,Person,77,west
p22063,Person,46,east
p22064,Person,71,central
p22065,Person,67,north
p22066,Person,27,east
p22067,Person,59,north
p22068,Person,64,west
p22069,Person,36,central
p22070,Person,33,west
p22071,Person,55,west
p22072,Person,58,west
p22073,Person,33,central
p22074,Person,49,north
p22075,Person,39,east
p22076,Person,56,east
p22077,Person,29,north
p22078,Person,20,west
p22079,Person,54,central
p22080,Person,22,west
p22081,Person,32,central
p22082,Person,69,south
p22083,Person,76,south
p22084,Person,69,west
p22085,Person,61,central
p22086,Person,74,west
p22087,Person,74,central
p22088,Person,60,south
p22089,Person,42,west
p22090,Person,51,south
p22091,Person,31,central
p22092,Person,74,south
p22093,Person,33,south
p22094,Person,25,east
p22095,Person,58,east
p22096,Person,63,east
p22097,Person,63,central
p22098,Person,38,south
p22099,Person,73,east
p22100,Person,69,west
p22101,Person,35,north
p22102,Person,55,east
p22103,Person,75,east
p22104,Person,56,north
p22105,Person,64,north
p22106,Person,50,central
p22107,Person,61,east
p22108,Person,71,central
p22109,Person,46,central
p22110,Person,56,south
p22111,Person,45,west
p22112,Person,53,central
p22113,Person,33,north
p22114,Person,73,west
p22115,Person,46,west
p22116,Person,28,south
p22117,Person,23,east
p22118,Person,63,east
p22119,Person,26,south
p22120,Person,72,central
p22121,Person,32,west
p22122,Person,50,west
p22123,Person,29,west
p22124,Person,24,east
p22125,Person,70,north
p22126,Person,29,north
p22127,Person,22,north
p22128,Person,48,north
p22129,Person,24,south
p22130,Person,38,central
p22131,Person,45,west
p22132,Person,41,south
p22133,Person,48,west
p22134,Person,49,east
p22135,Person,27,east
p22136,Person,37,east
p22137,Person,25,south
p22138,Person,35,south
p22139,Person,40,west
p22140,Person,74,west
p22141,Person,45,east
p22142,Person,54,central
p22143,Person,73,east
p22144,Person,56,west
p22145,Person,68,east
p22146,Person,41,central
p22147,Person,68,north
p22148,Person,71,central
p22149,Person,52,south
p22150,Person,73,east
p22151,Person,68,west
p22152,Person,72,east
p22153,Person,65,north
p22154,Person,49,west
p22155,Person,49,south
p22156,Person,29,west
p22157,Person,51,north
p22158,Person,38,west
p22159,Person,23,north
p22160,Person,40,central
p22161,Person,38,east
p22162,Person,20,north
p22163,Person,50,west
p22164,Person,33,north
p22165,Person,44,north
p22166,Person,33,east
p22167,Person,45,central
p22168,Person,70,west
p22169,Person,66,east
p22170,Person,66,west
p22171,Person,28,west
p22172,Person,39,north
p22173,Person,60,south
p22174,Person,39,east
p22175,Person,49,west
p22176,Person,32,east
p22177,Person,75,central
p22178,Person,41,south
p22179,Person,28,north
p22180,Person,24,east
p22181,Person,38,central
p22182,Person,64,central
p22183,Person,77,central
p22184,Person,59,south
p22185,Person,60,south
p22186,Person,43,east
p22187,Person,72,north
p22188,Person,57,east
p22189,Person,26,west
p22190,Person,28,central
p22191,Person,52,east
p22192,Person,49,north
p22193,Person,65,south
p22194,Person,32,central
p22195,Person,29,east
p22196,Person,29,central
p22197,Person,23,west
p22198,Person,70,east
p22199,Person,51,central
p22200,Person,47,north
p22201,Person,46,west
p22202,Person,32,east
p22203,Person,37,east
p22204,Person,37,north
p22205,Person,70,south
p22206,Person,71,north
p22207,Person,76,west
p22208,Person,73,south
p22209,Person,47,south
p22210,Person,35,west
p22211,Person,27,west
p22212,Person,69,south
p22213,Person,76,east
p22214,Person,32,central
p22215,Person,65,central
p22216,Person,41,south
p22217,Person,43,east
p22218,Person,52,south
p22219,Person,49,north
p22220,Person,74,west
p22221,Person,19,east
p22222,Person,30,north
p22223,Person,60,north
p22224,Person,40,east
p22225,Person,47,south
p22226,Person,73,central
p22227,Person,34,south
p22228,Person,32,north
p22229,Person,48,central
p22230,Person,28,north
p22231,Person,36,east
p22232,Person,45,west
p22233,Person,53,north
p22234,Person,43,north
p22235,Person,65,west
p22236,Person,51,west
p22237,Person,18,north
p22238,Person,37,north
p22239,Person,49,central
p22240,Person,28,north
p22241,Person,64,north
p22242,Person,55,east
p22243,Person,65,east
p22244,Person,38,south
p22245,Person,70,west
p22246,Person,41,east
p22247,Person,21,west
p22248,Person,35,north
p22249,Person,19,south
p22250,Person,31,south
p22251,Person,41,north
p22252,Person,51,central
p22253,Person,28,central
p22254,Person,69,south
p22255,Person,20,west
p22256,Person,76,west
p22257,Person,76,central
p22258,Person,54,west
p22259,Person,19,central
p22260,Person,37,west
p22261,Person,26,west
p22262,Person,68,east
p22263,Person,27,west
p22264,Person,33,north
p22265,Person,69,east
p22266,Person,77,west
p22267,Person,72,west
p22268,Person,66,east
p22269,Person,21,west
p22270,Person,76,south
p22271,Person,63,east
p22272,Person,57,west
p22273,Person,32,central
p22274,Person,24,south
p22275,Person,68,central
p22276,Person,51,west
p22277,Person,64,south
p22278,Person,69,central
p22279,Person,46,east
p22280,Person,40,south
p22281,Person,69,central
p22282,Person,54,south
p22283,Person,50,central
p22284,Person,73,north
p22285,Person,18,north
p22286,Person,77,east
p22287,Person,64,west
p22288,Person,54,central
p22289,Person,33,south
p22290,Person,28,central
p22291,Person,66,central
p22292,Person,65,west
p22293,Person,74,north
p22294,Person,22,west
p22295,Person,49,north
p22296,Person,67,west
p22297,Person,57,north
p22298,Person,21,south
p22299,Person,60,central
p22300,Person,26,north
p22301,Person,50,east
p22302,Person,71,south
p22303,Person,49,south
p22304,Person,23,north
p22305,Person,33,east
p22306,Person,46,west
p22307,Person,18,west
p22308,Person,69,east
p22309,Person,68,north
p22310,Person,37,west
p22311,Person,45,east
p22312,Person,58,south
p22313,Person,66,north
p22314,Person,49,north
p22315,Person,45,north
p22316,Person,50,west
p22317,Person,75,south
p22318,Person,76,central
p22319,Person,49,central
p22320,Person,54,west
p22321,Person,63,east
p22322,Person,24,central
p22323,Person,39,west
p22324,Person,27,south
p22325,Person,45,south
p22326,Person,28,central
p22327,Person,60,west
p22328,Person,53,west
p22329,Person,51,south
p22330,Person,44,north
p22331,Person,61,south
p22332,Person,53,central
p22333,Person,27,south
p22334,Person,50,east
p22335,Person,48,east
p22336,Person,40,east
p22337,Person,68,north
p22338,Person,59,south
p22339,Person,63,west
p22340,Person,57,west
p22341,Person,67,north
p22342,Person,74,west
p22343,Person,29,north
p22344,Person,71,north
p22345,Person,65,north
p22346,Person,51,north
p22347,Person,68,south
p22348,Person,43,west
p22349,Person,61,north
p22350,Person,54,south
p22351,Person,26,east
p22352,Person,18,west
p22353,Person,18,central
p22354,Person,22,east
p22355,Person,67,north
p22356,Person,54,east
p22357,Person,61,central
p22358,Person,53,south
p22359,Person,28,east
p22360,Person,36,central
p22361,Person,74,west
p22362,Person,61,west
p22363,Person,28,east
p22364,Person,77,east
p22365,Person,21,west
p22366,Person,24,north
p22367,Person,66,north
p22368,Person,31,west
p22369,Person,20,west
p22370,Person,57,central
p22371,Person,77,north
p22372,Person,37,east
p22373,Person,26,north
p22374,Person,55,south
p22375,Person,53,central
p22376,Person,70,central
p22377,Person,58,east
p22378,Person,59,north
p22379,Person,58,central
p22380,Person,70,central
p22381,Person,66,west
p22382,Person,23,south
p22383,Person,47,west
p22384,Person,35,central
p22385,Person,45,east
p22386,Person,61,central
p22387,Person,48,north
p22388,Person,51,central
p22389,Person,67,west
p22390,Person,48,east
p22391,Person,36,south
p22392,Person,70,north
p22393,Person,36,south
p22394,Person,75,central
p22395,Person,32,east
p22396,Person,70,west
p22397,Person,63,north
p22398,Person,30,central
p22399,Person,35,east
p22400,Person,61,east
p22401,Person,34,west
p22402,Person,47,central
p22403,Person,66,west
p22404,Person,20,east
p22405,Person,49,east
p22406,Person,66,west
p22407,Person,63,north
p22408,Person,35,south
p22409,Person,59,west
p22410,Person,39,south
p22411,Person,54,east
p22412,Person,31,east
p22413,Person,63,west
p22414,Person,47,central
p22415,Person,70,north
p22416,Person,73,central
p22417,Person,56,south
p22418,Person,21,north
p22419,Person,73,east
p22420,Person,23,east
p22421,Person,54,south
p22422,Person,68,east
p22423,Person,58,south
p22424,Person,71,west
p22425,Person,30,east
p22426,Person,58,east
p22427,Person,23,east
p22428,Person,39,central
p22429,Person,66,south
p22430,Person,24,south
p22431,Person,69,north
p22432,Person,54,south
p22433,Person,75,central
p22434,Person,47,east
p22435,Person,65,west
p22436,Person,49,east
p22437,Person,41,west
p22438,Person,65,north
p22439,Person,41,west
p22440,Person,51,east
p22441,Person,38,east
p22442,Person,48,north
p22443,Person,20,central
p22444,Person,57,central
p22445,Person,31,north
p22446,Person,43,east
p22447,Person,64,north
p22448,Person,51,north
p22449,Person,75,west
p22450,Person,19,central
p22451,Person,67,north
p22452,Person,74,south
p22453,Person,67,north
p22454,Person,57,north
p22455,Person,64,central
p22456,Person,38,north
p22457,Person,59,west
p22458,Person,39,south
p22459,Person,33,west
p22460,Person,18,west
p22461,Person,44,east
p22462,Person,77,south
p22463,Person,35,west
p22464,Person,54,west
p22465,Person,28,south
p22466,Person,40,east
p22467,Person,71,north
p22468,Person,37,south
p22469,Person,75,central
p22470,Person,37,east
p22471,Person,19,central
p22472,Person,24,central
p22473,Person,64,west
p22474,Person,31,west
p22475,Person,46,west
p22476,Person,76,north
p22477,Person,24,central
p22478,Person,69,south
p22479,Person,60,east
p22480,Person,55,west
p22481,Person,30,south
p22482,Person,19,east
p22483,Person,33,west
p22484,Person,52,west
p22485,Person,56,east
p22486,Person,49,south
p22487,Person,65,west
p22488,Person,59,east
p22489,Person,65,central
p22490,Person,24,west
p22491,Person,19,north
p22492,Person,74,west
p22493,Person,35,north
p22494,Person,41,central
p22495,Person,27,central
p22496,Person,59,west
p22497,Person,55,north
p22498,Person,22,south
p22499,Person,55,south
p22500,Person,41,north
p22501,Person,35,central
p22502,Person,74,south
p22503,Person,24,central
p22504,Person,76,east
p22505,Person,39,west
p22506,Person,27,north
p22507,Person,22,central
p22508,Person,40,north
p22509,Person,33,east
p22510,Person,65,south
p22511,Person,24,west
p22512,Person,22,east
p22513,Person,33,central
p22514,Person,48,north
p22515,Person,38,north
p22516,Person,24,south
p22517,Person,59,west
p22518,Person,39,east
p22519,Person,19,west
p22520,Person,66,west
p22521,Person,51,central
p22522,Person,31,south
p22523,Person,53,east
p22524,Person,75,east
p22525,Person,57,north
p22526,Person,41,north
p22527,Person,34,south
p22528,Person,22,east
p22529,Person,24,north
p22530,Person,71,north
p22531,Person,64,west
p22532,Person,20,central
p22533,Person,40,east
p22534,Person,47,south
p22535,Person,50,north
p22536,Person,44,north
p22537,Person,77,east
p22538,Person,38,central
p22539,Person,43,north
p22540,Person,28,central
p22541,Person,52,central
p22542,Person,77,south
p22543,Person,20,south
p22544,Person,20,south
p22545,Person,51,west
p22546,Person,25,south
p22547,Person,51,central
p22548,Person,26,east
p22549,Person,67,east
p22550,Person,53,north
p22551,Person,23,east
p22552,Person,70,north
p22553,Person,42,central
p22554,Person,49,south
p22555,Person,69,south
p22556,Person,43,north
p22557,Person,46,east
p22558,Person,24,south
p22559,Person,20,south
p22560,Person,36,east
p22561,Person,70,central
p22562,Person,67,south
p22563,Person,63,north
p22564,Person,47,west
p22565,Person,31,east
p22566,Person,20,west
p22567,Person,77,central
p22568,Person,32,east
p22569,Person,70,south
p22570,Person,45,south
p22571,Person,26,north
p22572,Person,61,north
p22573,Person,48,north
p22574,Person,72,central
p22575,Person,55,north
p22576,Person,51,central
p22577,Person,58,east
p22578,Person,25,central
p22579,Person,27,east
p22580,Person,37,south
p22581,Person,28,south
p22582,Person,66,north
p22583,Person,51,central
p22584,Person,27,west
p22585,Person,50,east
p22586,Person,48,south
p22587,Person,24,east
p22588,Person,76,north
p22589,Person,57,north
p22590,Person,54,east
p22591,Person,56,central
p22592,Person,21,west
p22593,Person,26,north
p22594,Person,24,north
p22595,Person,62,west
p22596,Person,58,central
p22597,Person,40,central
p22598,Person,54,south
p22599,Person,52,south
p22600,Person,70,north
p22601,Person,25,west
p22602,Person,65,north
p22603,Person,52,north
p22604,Person,39,central
p22605,Person,23,north
p22606,Person,34,east
p22607,Person,70,central
p22608,Person,72,east
p22609,Person,47,east
p22610,Person,22,east
p22611,Person,27,central
p22612,Person,36,north
p22613,Person,74,north
p22614,Person,19,east
p22615,Person,23,north
p22616,Person,44,south
p22617,Person,67,west
p22618,Person,26,south
p22619,Person,30,west
p22620,Person,38,south
p22621,Person,67,south
p22622,Person,35,north
p22623,Person,57,south
p22624,Person,64,north
p22625,Person,44,south
p22626,Person,31,south
p22627,Person,70,east
p22628,Person,39,south
p22629,Person,55,central
p22630,Person,43,south
p22631,Person,36,east
p22632,Person,32,west
p22633,Person,41,east
p22634,Person,75,central
p22635,Person,67,north
p22636,Person,52,west
p22637,Person,35,west
p22638,Person,40,central
p22639,Person,32,east
p22640,Person,65,south
p22641,Person,43,east
p22642,Person,55,east
p22643,Person,58,west
p22644,Person,19,north
p22645,Person,74,north
p22646,Person,57,central
p22647,Person,73,west
p22648,Person,42,central
p22649,Person,67,central
p22650,Person,53,central
p22651,Person,59,south
p22652,Person,63,east
p22653,Person,54,east
p22654,Person,65,west
p22655,Person,25,south
p22656,Person,66,north
p22657,Person,75,central
p22658,Person,47,west
p22659,Person,23,north
p22660,Person,21,west
p22661,Person,47,west
p22662,Person,28,south
p22663,Person,69,west
p22664,Person,34,east
p22665,Person,73,south
p22666,Person,23,west
p22667,Person,64,east
p22668,Person,58,south
p22669,Person,32,south
p22670,Person,56,west
p22671,Person,63,east
p22672,Person,30,south
p22673,Person,49,east
p22674,Person,74,south
p22675,Person,69,south
p22676,Person,51,north
p22677,Person,37,west
p22678,Person,44,east
p22679,Person,37,central
p22680,Person,55,south
p22681,Person,23,north
p22682,Person,35,east
p22683,Person,61,north
p22684,Person,31,north
p22685,Person,47,west
p22686,Person,64,west
p22687,Person,47,central
p22688,Person,44,west
p22689,Person,46,west
p22690,Person,52,south
p22691,Person,50,west
p22692,Person,51,west
p22693,Person,49,west
p22694,Person,31,west
p22695,Person,77,north
p22696,Person,74,east
p22697,Person,64,east
p22698,Person,41,east
p22699,Person,31,south
p22700,Person,64,north
p22701,Person,63,north
p22702,Person,21,central
p22703,Person,64,central
p22704,Person,66,west
p22705,Person,60,central
p22706,Person,53,south
p22707,Person,62,south
p22708,Person,53,central
p22709,Person,38,central
p22710,Person,48,east
p22711,Person,70,west
p22712,Person,40,north
p22713,Person,34,west
p22714,Person,61,south
p22715,Person,54,west
p22716,Person,60,west
p22717,Person,20,south
p22718,Person,77,west
p22719,Person,29,central
p22720,Person,25,south
p22721,Person,24,central
p22722,Person,53,central
p22723,Person,63,south
p22724,Person,55,east
p22725,Person,38,north
p22726,Person,65,north
p22727,Person,69,north
p22728,Person,53,north
p22729,Person,65,south
p22730,Person,47,south
p22731,Person,46,east
p22732,Person,63,north
p22733,Person,73,north
p22734,Person,29,north
p22735,Person,45,west
p22736,Person,68,south
p22737,Person,62,south
p22738,Person,56,west
p22739,Person,43,west
p22740,Person,18,west
p22741,Person,21,west
p22742,Person,43,central
p22743,Person,26,south
p22744,Person,50,west
p22745,Person,45,central
p22746,Person,63,south
p22747,Person,72,north
p22748,Person,53,east
p22749,Person,18,west
p22750,Person,23,south
p22751,Person,36,east
p22752,Person,42,south
p22753,Person,68,east
p22754,Person,40,west
p22755,Person,19,west
p22756,Person,56,north
p22757,Person,68,south
p22758,Person,73,north
p22759,Person,71,west
p22760,Person,47,west
p22761,Person,55,west
p22762,Person,52,west
p22763,Person,42,south
p22764,Person,54,south
p22765,Person,19,east
p22766,Person,51,south
p22767,Person,71,north
p22768,Person,28,north
p22769,Person,49,south
p22770,Person,56,north
p22771,Person,47,north
p22772,Person,24,east
p22773,Person,66,central
p22774,Person,51,north
p22775,Person,64,east
p22776,Person,48,central
p22777,Person,66,central
p22778,Person,57,central
p22779,Person,41,north
p22780,Person,43,north
p22781,Person,46,central
p22782,Person,76,east
p22783,Person,58,west
p22784,Person,19,west
p22785,Person,21,north
p22786,Person,18,west
p22787,Person,29,east
p22788,Person,52,south
p22789,Person,67,north
p22790,Person,54,east
p22791,Person,70,south
p22792,Person,55,west
p22793,Person,42,south
p22794,Person,24,central
p22795,Person,51,west
p22796,Person,67,north
p22797,Person,65,east
p22798,Person,37,north
p22799,Person,34,central
p22800,Person,51,east
p22801,Person,34,west
p22802,Person,19,north
p22803,Person,58,south
p22804,Person,77,west
p22805,Person,26,central
p22806,Person,21,south
p22807,Person,69,east
p22808,Person,21,south
p22809,Person,58,central
p22810,Person,37,east
p22811,Person,19,west
p22812,Person,26,south
p22813,Person,54,central
p22814,Person,30,south
p22815,Person,41,north
p22816,Person,37,north
p22817,Person,21,central
p22818,Person,73,west
p22819,Person,57,south
p22820,Person,76,east
p22821,Person,33,west
p22822,Person,77,west
p22823,Person,21,west
p22824,Person,21,central
p22825,Person,58,south
p22826,Person,30,west
p22827,Person,21,east
p22828,Person,40,south
p22829,Person,54,east
p22830,Person,61,north
p22831,Person,75,west
p22832,Person,43,central
p22833,Person,55,north
p22834,Person,54,north
p22835,Person,36,east
p22836,Person,18,north
p22837,Person,44,east
p22838,Person,73,west
p22839,Person,54,south
p22840,Person,74,central
p22841,Person,23,central
p22842,Person,18,west
p22843,Person,63,central
p22844,Person,75,south
p22845,Person,66,central
p22846,Person,47,central
p22847,Person,42,west
p22848,Person,41,south
p22849,Person,48,east
p22850,Person,63,west
p22851,Person,22,central
p22852,Person,67,south
p22853,Person,23,central
p22854,Person,52,central
p22855,Person,68,south
p22856,Person,63,central
p22857,Person,34,central
p22858,Person,75,west
p22859,Person,34,central
p22860,Person,73,north
p22861,Person,53,west
p22862,Person,73,east
p22863,Person,26,west
p22864,Person,72,south
p22865,Person,45,south
p22866,Person,23,north
p22867,Person,29,west
p22868,Person,58,west
p22869,Person,24,north
p22870,Person,54,east
p22871,Person,43,east
p22872,Person,70,east
p22873,Person,33,west
p22874,Person,50,south
p22875,Person,70,west
p22876,Person,63,central
p22877,Person,24,north
p22878,Person,18,south
p22879,Person,18,central
p22880,Person,51,north
p22881,Person,24,north
p22882,Person,59,south
p22883,Person,74,west
p22884,Person,53,east
p22885,Person,46,west
p22886,Person,50,south
p22887,Person,42,east
p22888,Person,37,south
p22889,Person,43,east
p22890,Person,35,west
p22891,Person,74,south
p22892,Person,66,west
p22893,Person,72,central
p22894,Person,41,east
p22895,Person,22,south
p22896,Person,38,central
p22897,Person,59,south
p22898,Person,21,south
p22899,Person,38,west
p22900,Person,26,south
p22901,Person,21,north
p22902,Person,43,west
p22903,Person,34,east
p22904,Person,52,west
p22905,Person,23,central
p22906,Person,68,west
p22907,Person,48,north
p22908,Person,29,west
p22909,Person,23,west
p22910,Person,75,east
p22911,Person,34,east
p22912,Person,59,west
p22913,Person,33,north
p22914,Person,65,south
p22915,Person,19,central
p22916,Person,20,west
p22917,Person,59,south
p22918,Person,20,central
p22919,Person,27,west
p22920,Person,52,north
p22921,Person,73,north
p22922,Person,25,south
p22923,Person,57,west
p22924,Person,27,central
p22925,Person,27,central
p22926,Person,27,north
p22927,Person,59,central
p22928,Person,44,central
p22929,Person,60,east
p22930,Person,73,north
p22931,Person,74,north
p22932,Person,48,west
p22933,Person,48,east
p22934,Person,23,north
p22935,Person,73,north
p22936,Person,58,west
p22937,Person,33,north
p22938,Person,19,west
p22939,Person,71,west
p22940,Person,60,north
p22941,Person,52,south
p22942,Person,51,north
p22943,Person,62,east
p22944,Person,75,north
p22945,Person,32,central
p22946,Person,58,central
p22947,Person,31,south
p22948,Person,53,north
p22949,Person,67,central
p22950,Person,59,west
p22951,Person,57,east
p22952,Person,35,central
p22953,Person,71,east
p22954,Person,62,south
p22955,Person,69,central
p22956,Person,46,north
p22957,Person,65,central
p22958,Person,55,west
p22959,Person,30,central
p22960,Person,27,north
p22961,Person,75,south
p22962,Person,76,west
p22963,Person,48,south
p22964,Person,69,central
p22965,Person,45,central
p22966,Person,58,south
p22967,Person,51,east
p22968,Person,72,north
p22969,Person,46,north
p22970,Person,24,south
p22971,Person,41,central
p22972,Person,58,central
p22973,Person,40,central
p22974,Person,71,west
p22975,Person,19,west
p22976,Person,40,central
p22977,Person,52,west
p22978,Person,41,north
p22979,Person,69,east
p22980,Person,32,north
p22981,Person,67,north
p22982,Person,50,north
p22983,Person,53,east
p22984,Person,26,central
p22985,Person,34,south
p22986,Person,75,central
p22987,Person,32,west
p22988,Person,48,north
p22989,Person,52,south
p22990,Person,60,south
p22991,Person,54,north
p22992,Person,68,west
p22993,Person,70,south
p22994,Person,62,central
p22995,Person,41,east
p22996,Person,66,east
p22997,Person,52,south
p22998,Person,32,central
p22999,Person,42,central
p23000,Person,52,north
p23001,Person,54,north
p23002,Person,21,north
p23003,Person,31,east
p23004,Person,55,north
p23005,Person,54,west
p23006,Person,76,east
p23007,Person,49,north
p23008,Person,73,south
p23009,Person,23,south
p23010,Person,49,central
p23011,Person,72,south
p23012,Person,24,north
p23013,Person,22,central
p23014,Person,45,east
p23015,Person,38,west
p23016,Person,42,central
p23017,Person,36,south
p23018,Person,19,east
p23019,Person,63,west
p23020,Person,73,east
p23021,Person,35,west
p23022,Person,54,south
p23023,Person,39,south
p23024,Person,61,east
p23025,Person,50,north
p23026,Person,22,west
p23027,Person,28,east
p23028,Person,20,north
p23029,Person,70,east
p23030,Person,47,south
p23031,Person,25,north
p23032,Person,51,north
p23033,Person,38,east
p23034,Person,55,north
p23035,Person,62,north
p23036,Person,61,east
p23037,Person,23,east
p23038,Person,26,north
p23039,Person,66,east
p23040,Person,74,west
p23041,Person,68,east
p23042,Person,55,east
p23043,Person,22,south
p23044,Person,23,south
p23045,Person,61,central
p23046,Person,38,south
p23047,Person,18,east
p23048,Person,45,north
p23049,Person,41,north
p23050,Person,21,central
p23051,Person,50,west
p23052,Person,71,north
p23053,Person,67,east
p23054,Person,33,north
p23055,Person,34,east
p23056,Person,62,east
p23057,Person,38,north
p23058,Person,42,south
p23059,Person,76,west
p23060,Person,73,south
p23061,Person,43,west
p23062,Person,62,north
p23063,Person,53,west
p23064,Person,55,west
p23065,Person,74,west
p23066,Person,69,north
p23067,Person,20,north
p23068,Person,60,south
p23069,Person,44,south
p23070,Person,76,west
p23071,Person,35,east
p23072,Person,37,south
p23073,Person,46,south
p23074,Person,20,north
p23075,Person,25,east
p23076,Person,40,south
p23077,Person,42,north
p23078,Person,68,west
p23079,Person,76,west
p23080,Person,37,north
p23081,Person,53,west
p23082,Person,74,central
p23083,Person,25,west
p23084,Person,45,south
p23085,Person,54,south
p23086,Person,52,west
p23087,Person,76,north
p23088,Person,57,west
p23089,Person,62,north
p23090,Person,53,south
p23091,Person,44,east
p23092,Person,36,central
p23093,Person,38,north
p23094,Person,47,central
p23095,Person,47,north
p23096,Person,37,north
p23097,Person,74,west
p23098,Person,22,central
p23099,Person,35,north
p23100,Person,67,north
p23101,Person,76,central
p23102,Person,56,south
p23103,Person,22,central
p23104,Person,46,north
p23105,Person,54,south
p23106,Person,28,west
p23107,Person,71,north
p23108,Person,25,south
p23109,Person,76,west
p23110,Person,31,east
p23111,Person,38,west
p23112,Person,55,east
p23113,Person,26,west
p23114,Person,70,north
p23115,Person,76,south
p23116,Person,49,east
p23117,Person,41,west
p23118,Person,22,north
p23119,Person,36,east
p23120,Person,59,north
p23121,Person,39,west
p23122,Person,27,south
p23123,Person,75,north
p23124,Person,49,south
p23125,Person,74,east
p23126,Person,52,central
p23127,Person,56,central
p23128,Person,51,west
p23129,Person,75,west
p23130,Person,58,south
p23131,Person,39,west
p23132,Person,43,south
p23133,Person,28,south
p23134,Person,53,north
p23135,Person,52,south
p23136,Person,34,west
p23137,Person,64,east
p23138,Person,29,south
p23139,Person,58,south
p23140,Person,25,north
p23141,Person,40,west
p23142,Person,28,south
p23143,Person,26,central
p23144,Person,60,east
p23145,Person,38,west
p23146,Person,22,north
p23147,Person,77,south
p23148,Person,59,central
p23149,Person,66,south
p23150,Person,30,west
p23151,Person,24,east
p23152,Person,72,south
p23153,Person,45,west
p23154,Person,31,north
p23155,Person,73,north
p23156,Person,74,east
p23157,Person,70,south
p23158,Person,73,south
p23159,Person,48,west
p23160,Person,31,east
p23161,Person,38,west
p23162,Person,52,central
p23163,Person,46,north
p23164,Person,45,west
p23165,Person,68,central
p23166,Person,61,north
p23167,Person,58,central
p23168,Person,38,west
p23169,Person,38,east
p23170,Person,33,north
p23171,Person,20,west
p23172,Person,48,west
p23173,Person,42,central
p23174,Person,38,east
p23175,Person,60,south
p23176,Person,20,south
p23177,Person,56,south
p23178,Person,72,south
p23179,Person,50,south
p23180,Person,46,east
p23181,Person,64,east
p23182,Person,38,west
p23183,Person,20,west
p23184,Person,65,east
p23185,Person,27,south
p23186,Person,50,north
p23187,Person,52,west
p23188,Person,41,north
p23189,Person,21,north
p23190,Person,35,central
p23191,Person,33,east
p23192,Person,60,central
p23193,Person,69,central
p23194,Person,43,west
p23195,Person,29,east
p23196,Person,38,east
p23197,Person,47,north
p23198,Person,67,west
p23199,Person,38,east
p23200,Person,47,north
p23201,Person,50,west
p23202,Person,22,east
p23203,Person,26,east
p23204,Person,65,east
p23205,Person,64,south
p23206,Person,25,west
p23207,Person,25,central
p23208,Person,53,west
p23209,Person,53,central
p23210,Person,52,central
p23211,Person,63,north
p23212,Person,23,east
p23213,Person,25,north
p23214,Person,26,north
p23215,Person,59,south
p23216,Person,71,east
p23217,Person,47,north
p23218,Person,61,south
p23219,Person,56,south
p23220,Person,70,central
p23221,Person,39,east
p23222,Person,54,central
p23223,Person,63,east
p23224,Person,74,west
p23225,Person,47,south
p23226,Person,32,central
p23227,Person,34,north
p23228,Person,72,west
p23229,Person,25,west
p23230,Person,38,central
p23231,Person,44,south
p23232,Person,28,south
p23233,Person,41,south
p23234,Person,35,west
p23235,Person,44,north
p23236,Person,36,east
p23237,Person,64,north
p23238,Person,62,central
p23239,Person,59,central
p23240,Person,76,west
p23241,Person,48,west
p23242,Person,61,central
p23243,Person,33,north
p23244,Person,50,east
p23245,Person,73,west
p23246,Person,70,east
p23247,Person,58,east
p23248,Person,63,north
p23249,Person,19,north
p23250,Person,66,south
p23251,Person,43,south
p23252,Person,47,west
p23253,Person,55,west
p23254,Person,46,south
p23255,Person,61,south
p23256,Person,40,north
p23257,Person,55,north
p23258,Person,36,west
p23259,Person,47,north
p23260,Person,60,south
p23261,Person,62,east
p23262,Person,54,west
p23263,Person,74,east
p23264,Person,23,south
p23265,Person,35,south
p23266,Person,74,north
p23267,Person,19,north
p23268,Person,65,east
p23269,Person,31,west
p23270,Person,28,south
p23271,Person,27,south
p23272,Person,53,west
p23273,Person,34,west
p23274,Person,69,south
p23275,Person,69,north
p23276,Person,30,west
p23277,Person,47,central
p23278,Person,75,east
p23279,Person,33,east
p23280,Person,26,central
p23281,Person,60,south
p23282,Person,53,north
p23283,Person,55,east
p23284,Person,35,west
p23285,Person,32,central
p23286,Person,39,north
p23287,Person,61,south
p23288,Person,39,east
p23289,Person,29,north
p23290,Person,30,east
p23291,Person,36,north
p23292,Person,55,south
p23293,Person,53,west
p23294,Person,60,west
p23295,Person,19,north
p23296,Person,40,west
p23297,Person,58,south
p23298,Person,43,west
p23299,Person,25,north
p23300,Person,41,north
p23301,Person,41,east
p23302,Person,73,west
p23303,Person,26,west
p23304,Person,48,north
p23305,Person,41,north
p23306,Person,75,east
p23307,Person,53,east
p23308,Person,23,central
p23309,Person,54,north
p23310,Person,22,east
p23311,Person,68,central
p23312,Person,42,east
p23313,Person,36,east
p23314,Person,61,east
p23315,Person,23,west
p23316,Person,71,north
p23317,Person,35,south
p23318,Person,66,west
p23319,Person,34,central
p23320,Person,39,west
p23321,Person,38,west
p23322,Person,50,north
p23323,Person,24,east
p23324,Person,33,south
p23325,Person,31,south
p23326,Person,41,central
p23327,Person,28,west
p23328,Person,56,central
p23329,Person,22,south
p23330,Person,76,west
p23331,Person,44,south
p23332,Person,20,north
p23333,Person,42,east
p23334,Person,40,north
p23335,Person,38,west
p23336,Person,58,west
p23337,Person,70,central
p23338,Person,61,central
p23339,Person,71,north
p23340,Person,77,east
p23341,Person,52,west
p23342,Person,66,central
p23343,Person,22,east
p23344,Person,58,east
p23345,Person,27,central
p23346,Person,55,central
p23347,Person,69,north
p23348,Person,29,central
p23349,Person,32,west
p23350,Person,38,east
p23351,Person,40,north
p23352,Person,38,north
p23353,Person,64,west
p23354,Person,27,north
p23355,Person,59,east
p23356,Person,37,east
p23357,Person,37,north
p23358,Person,65,west
p23359,Person,69,west
p23360,Person,21,east
p23361,Person,74,east
p23362,Person,66,north
p23363,Person,53,central
p23364,Person,37,north
p23365,Person,40,north
p23366,Person,57,central
p23367,Person,73,south
p23368,Person,38,east
p23369,Person,60,north
p23370,Person,46,north
p23371,Person,54,central
p23372,Person,73,west
p23373,Person,60,south
p23374,Person,34,north
p23375,Person,75,east
p23376,Person,29,south
p23377,Person,68,south
p23378,Person,23,east
p23379,Person,33,east
p23380,Person,76,west
p23381,Person,70,west
p23382,Person,68,north
p23383,Person,46,south
p23384,Person,28,east
p23385,Person,64,west
p23386,Person,55,east
p23387,Person,30,south
p23388,Person,38,east
p23389,Person,70,north
p23390,Person,49,central
p23391,Person,60,north
p23392,Person,29,central
p23393,Person,50,west
p23394,Person,40,south
p23395,Person,20,west
p23396,Person,73,east
p23397,Person,59,south
p23398,Person,56,central
p23399,Person,41,central
p23400,Person,62,central
p23401,Person,64,west
p23402,Person,35,east
p23403,Person,47,central
p23404,Person,75,north
p23405,Person,25,north
p23406,Person,67,west
p23407,Person,47,central
p23408,Person,26,south
p23409,Person,77,south
p23410,Person,41,north
p23411,Person,45,south
p23412,Person,42,north
p23413,Person,46,central
p23414,Person,33,north
p23415,Person,75,west
p23416,Person,39,north
p23417,Person,52,central
p23418,Person,36,east
p23419,Person,18,south
p23420,Person,36,east
p23421,Person,38,west
p23422,Person,20,south
p23423,Person,45,north
p23424,Person,25,west
p23425,Person,57,central
p23426,Person,52,east
p23427,Person,56,central
p23428,Person,40,west
p23429,Person,52,north
p23430,Person,65,west
p23431,Person,57,north
p23432,Person,54,west
p23433,Person,42,central
p23434,Person,22,east
p23435,Person,51,east
p23436,Person,20,north
p23437,Person,72,north
p23438,Person,74,west
p23439,Person,22,north
p23440,Person,29,west
p23441,Person,54,east
p23442,Person,65,west
p23443,Person,33,north
p23444,Person,61,west
p23445,Person,47,central
p23446,Person,62,south
p23447,Person,45,west
p23448,Person,70,south
p23449,Person,29,north
p23450,Person,46,south
p23451,Person,64,south
p23452,Person,22,north
p23453,Person,47,east
p23454,Person,70,west
p23455,Person,25,north
p23456,Person,61,central
p23457,Person,47,east
p23458,Person,51,south
p23459,Person,69,south
p23460,Person,47,west
p23461,Person,71,north
p23462,Person,69,west
p23463,Person,61,south
p23464,Person,34,west
p23465,Person,67,south
p23466,Person,76,north
p23467,Person,39,central
p23468,Person,39,east
p23469,Person,21,north
p23470,Person,61,east
p23471,Person,21,south
p23472,Person,71,central
p23473,Person,52,south
p23474,Person,23,south
p23475,Person,60,south
p23476,Person,69,west
p23477,Person,76,east
p23478,Person,65,west
p23479,Person,72,central
p23480,Person,52,south
p23481,Person,64,west
p23482,Person,43,south
p23483,Person,36,east
p23484,Person,57,south
p23485,Person,40,central
p23486,Person,56,north
p23487,Person,56,north
p23488,Person,22,central
p23489,Person,38,central
p23490,Person,64,west
p23491,Person,24,central
p23492,Person,46,north
p23493,Person,44,east
p23494,Person,27,north
p23495,Person,70,south
p23496,Person,30,east
p23497,Person,54,central
p23498,Person,59,central
p23499,Person,70,south
p23500,Person,42,east
p23501,Person,38,west
p23502,Person,76,east
p23503,Person,23,east
p23504,Person,53,south
p23505,Person,34,east
p23506,Person,71,east
p23507,Person,74,south
p23508,Person,25,central
p23509,Person,57,central
p23510,Person,22,west
p23511,Person,51,central
p23512,Person,68,south
p23513,Person,49,east
p23514,Person,73,central
p23515,Person,72,central
p23516,Person,71,central
p23517,Person,31,north
p23518,Person,26,west
p23519,Person,55,east
p23520,Person,30,south
p23521,Person,23,south
p23522,Person,67,south
p23523,Person,55,east
p23524,Person,56,central
p23525,Person,19,south
p23526,Person,34,west
p23527,Person,55,west
p23528,Person,31,west
p23529,Person,73,north
p23530,Person,50,west
p23531,Person,36,north
p23532,Person,72,west
p23533,Person,72,east
p23534,Person,23,west
p23535,Person,59,north
p23536,Person,63,north
p23537,Person,50,west
p23538,Person,47,south
p23539,Person,65,east
p23540,Person,32,west
p23541,Person,63,west
p23542,Person,65,north
p23543,Person,68,north
p23544,Person,44,east
p23545,Person,40,west
p23546,Person,48,east
p23547,Person,33,south
p23548,Person,35,central
p23549,Person,51,south
p23550,Person,59,north
p23551,Person,22,west
p23552,Person,49,east
p23553,Person,61,east
p23554,Person,63,east
p23555,Person,22,south
p23556,Person,74,east
p23557,Person,27,east
p23558,Person,59,north
p23559,Person,56,south
p23560,Person,27,west
p23561,Person,27,central
p23562,Person,68,central
p23563,Person,68,west
p23564,Person,27,south
p23565,Person,20,east
p23566,Person,54,west
p23567,Person,67,north
p23568,Person,71,central
p23569,Person,77,east
p23570,Person,29,central
p23571,Person,48,central
p23572,Person,23,north
p23573,Person,64,west
p23574,Person,20,central
p23575,Person,22,central
p23576,Person,53,north
p23577,Person,25,south
p23578,Person,73,east
p23579,Person,37,north
p23580,Person,28,south
p23581,Person,29,central
p23582,Person,69,east
p23583,Person,41,west
p23584,Person,34,south
p23585,Person,72,central
p23586,Person,21,north
p23587,Person,69,north
p23588,Person,59,east
p23589,Person,25,north
p23590,Person,38,east
p23591,Person,77,south
p23592,Person,59,west
p23593,Person,24,west
p23594,Person,36,central
p23595,Person,20,west
p23596,Person,52,north
p23597,Person,50,central
p23598,Person,19,west
p23599,Person,45,central
p23600,Person,38,east
p23601,Person,31,central
p23602,Person,41,central
p23603,Person,77,east
p23604,Person,40,north
p23605,Person,68,central
p23606,Person,75,south
p23607,Person,44,south
p23608,Person,31,central
p23609,Person,75,west
p23610,Person,29,south
p23611,Person,38,north
p23612,Person,20,central
p23613,Person,77,south
p23614,Person,67,central
p23615,Person,25,west
p23616,Person,46,central
p23617,Person,36,south
p23618,Person,40,east
p23619,Person,35,north
p23620,Person,54,north
p23621,Person,18,west
p23622,Person,58,east
p23623,Person,40,east
p23624,Person,62,north
p23625,Person,76,north
p23626,Person,66,west
p23627,Person,70,south
p23628,Person,57,central
p23629,Person,22,north
p23630,Person,41,east
p23631,Person,65,south
p23632,Person,37,west
p23633,Person,48,east
p23634,Person,74,north
p23635,Person,43,west
p23636,Person,33,central
p23637,Person,33,central
p23638,Person,73,north
p23639,Person,52,south
p23640,Person,40,north
p23641,Person,33,east
p23642,Person,31,south
p23643,Person,53,central
p23644,Person,43,west
p23645,Person,50,central
p23646,Person,23,east
p23647,Person,65,central
p23648,Person,46,east
p23649,Person,25,south
p23650,Person,73,central
p23651,Person,21,north
p23652,Person,71,east
p23653,Person,68,west
p23654,Person,62,east
p23655,Person,56,west
p23656,Person,75,east
p23657,Person,69,central
p23658,Person,73,east
p23659,Person,64,south
p23660,Person,48,north
p23661,Person,52,west
p23662,Person,44,east
p23663,Person,58,central
p23664,Person,73,central
p23665,Person,30,west
p23666,Person,25,central
p23667,Person,18,west
p23668,Person,49,south
p23669,Person,35,west
p23670,Person,59,north
p23671,Person,54,west
p23672,Person,74,central
p23673,Person,31,east
p23674,Person,73,north
p23675,Person,77,east
p23676,Person,62,south
p23677,Person,64,east
p23678,Person,60,south
p23679,Person,31,central
p23680,Person,62,west
p23681,Person,70,east
p23682,Person,35,central
p23683,Person,29,south
p23684,Person,29,west
p23685,Person,38,west
p23686,Person,71,south
p23687,Person,68,north
p23688,Person,19,west
p23689,Person,45,north
p23690,Person,63,east
p23691,Person,53,east
p23692,Person,65,central
p23693,Person,69,central
p23694,Person,22,central
p23695,Person,76,central
p23696,Person,21,west
p23697,Person,28,central
p23698,Person,59,north
p23699,Person,71,west
p23700,Person,21,north
p23701,Person,46,central
p23702,Person,29,north
p23703,Person,42,south
p23704,Person,44,north
p23705,Person,41,central
p23706,Person,55,east
p23707,Person,41,central
p23708,Person,73,north
p23709,Person,77,south
p23710,Person,43,west
p23711,Person,39,east
p23712,Person,74,south
p23713,Person,58,north
p23714,Person,20,west
p23715,Person,55,south
p23716,Person,25,east
p23717,Person,62,north
p23718,Person,56,west
p23719,Person,28,central
p23720,Person,66,central
p23721,Person,53,north
p23722,Person,26,central
p23723,Person,53,central
p23724,Person,40,east
p23725,Person,45,south
p23726,Person,18,south
p23727,Person,47,south
p23728,Person,35,north
p23729,Person,45,central
p23730,Person,45,central
p23731,Person,50,east
p23732,Person,71,south
p23733,Person,46,east
p23734,Person,76,central
p23735,Person,42,north
p23736,Person,61,west
p23737,Person,37,west
p23738,Person,39,east
p23739,Person,59,south
p23740,Person,69,east
p23741,Person,31,south
p23742,Person,68,central
p23743,Person,57,north
p23744,Person,52,east
p23745,Person,66,south
p23746,Person,31,east
p23747,Person,21,east
p23748,Person,33,north
p23749,Person,68,north
p23750,Person,36,south
p23751,Person,36,south
p23752,Person,24,central
p23753,Person,73,west
p23754,Person,22,west
p23755,Person,46,south
p23756,Person,24,east
p23757,Person,40,south
p23758,Person,58,east
p23759,Person,24,south
p23760,Person,18,east
p23761,Person,73,south
p23762,Person,19,south
p23763,Person,71,north
p23764,Person,18,west
p23765,Person,41,south
p23766,Person,44,east
p23767,Person,43,east
p23768,Person,68,east
p23769,Person,41,central
p23770,Person,62,south
p23771,Person,77,south
p23772,Person,73,west
p23773,Person,41,east
p23774,Person,43,south
p23775,Person,42,north
p23776,Person,25,north
p23777,Person,64,north
p23778,Person,76,south
p23779,Person,35,central
p23780,Person,57,south
p23781,Person,28,north
p23782,Person,64,central
p23783,Person,74,south
p23784,Person,72,central
p23785,Person,46,central
p23786,Person,20,west
p23787,Person,59,north
p23788,Person,39,west
p23789,Person,71,central
p23790,Person,65,west
p23791,Person,46,east
p23792,Person,53,east
p23793,Person,42,central
p23794,Person,56,east
p23795,Person,33,central
p23796,Person,72,west
p23797,Person,30,west
p23798,Person,44,west
p23799,Person,30,east
p23800,Person,70,central
p23801,Person,19,east
p23802,Person,70,south
p23803,Person,28,east
p23804,Person,68,central
p23805,Person,33,west
p23806,Person,64,central
p23807,Person,58,central
p23808,Person,48,south
p23809,Person,40,east
p23810,Person,22,central
p23811,Person,38,south
p23812,Person,68,east
p23813,Person,28,north
p23814,Person,37,south
p23815,Person,77,west
p23816,Person,77,west
p23817,Person,49,south
p23818,Person,58,east
p23819,Person,30,east
p23820,Person,71,south
p23821,Person,27,north
p23822,Person,49,east
p23823,Person,68,north
p23824,Person,20,west
p23825,Person,76,west
p23826,Person,71,south
p23827,Person,58,west
p23828,Person,20,east
p23829,Person,40,west
p23830,Person,68,north
p23831,Person,75,west
p23832,Person,18,north
p23833,Person,45,north
p23834,Person,55,south
p23835,Person,30,west
p23836,Person,34,south
p23837,Person,57,west
p23838,Person,21,north
p23839,Person,66,east
p23840,Person,20,east
p23841,Person,28,north
p23842,Person,70,east
p23843,Person,36,west
p23844,Person,39,east
p23845,Person,46,west
p23846,Person,47,central
p23847,Person,37,east
p23848,Person,23,west
p23849,Person,32,north
p23850,Person,24,central
p23851,Person,44,central
p23852,Person,72,central
p23853,Person,69,central
p23854,Person,23,west
p23855,Person,55,west
p23856,Person,41,west
p23857,Person,77,east
p23858,Person,51,east
p23859,Person,28,north
p23860,Person,37,north
p23861,Person,34,west
p23862,Person,64,north
p23863,Person,45,south
p23864,Person,52,south
p23865,Person,52,central
p23866,Person,49,north
p23867,Person,23,south
p23868,Person,71,west
p23869,Person,45,south
p23870,Person,58,west
p23871,Person,68,south
p23872,Person,34,north
p23873,Person,72,south
p23874,Person,19,east
p23875,Person,73,central
p23876,Person,22,east
p23877,Person,72,east
p23878,Person,38,south
p23879,Person,45,north
p23880,Person,30,east
p23881,Person,73,south
p23882,Person,50,central
p23883,Person,25,north
p23884,Person,50,central
p23885,Person,19,south
p23886,Person,67,south
p23887,Person,67,north
p23888,Person,36,central
p23889,Person,48,east
p23890,Person,58,east
p23891,Person,33,south
p23892,Person,26,north
p23893,Person,52,east
p23894,Person,47,central
p23895,Person,65,central
p23896,Person,45,west
p23897,Person,27,north
p23898,Person,36,east
p23899,Person,73,south
p23900,Person,60,south
p23901,Person,72,west
p23902,Person,21,east
p23903,Person,35,central
p23904,Person,49,central
p23905,Person,49,south
p23906,Person,33,west
p23907,Person,75,south
p23908,Person,25,west
p23909,Person,40,central
p23910,Person,74,south
p23911,Person,63,west
p23912,Person,67,south
p23913,Person,61,north
p23914,Person,60,north
p23915,Person,50,west
p23916,Person,76,north
p23917,Person,43,north
p23918,Person,28,east
p23919,Person,73,south
p23920,Person,56,central
p23921,Person,52,central
p23922,Person,18,central
p23923,Person,52,south
p23924,Person,23,east
p23925,Person,29,central
p23926,Person,42,west
p23927,Person,77,north
p23928,Person,64,south
p23929,Person,21,east
p23930,Person,60,south
p23931,Person,54,south
p23932,Person,64,north
p23933,Person,74,east
p23934,Person,26,central
p23935,Person,74,east
p23936,Person,35,west
p23937,Person,18,east
p23938,Person,23,central
p23939,Person,36,central
p23940,Person,57,west
p23941,Person,56,east
p23942,Person,76,north
p23943,Person,56,north
p23944,Person,36,south
p23945,Person,47,south
p23946,Person,59,south
p23947,Person,44,north
p23948,Person,40,south
p23949,Person,51,east
p23950,Person,47,south
p23951,Person,19,south
p23952,Person,23,east
p23953,Person,56,west
p23954,Person,50,north
p23955,Person,56,north
p23956,Person,75,south
p23957,Person,46,south
p23958,Person,64,west
p23959,Person,40,south
p23960,Person,57,south
p23961,Person,42,north
p23962,Person,39,west
p23963,Person,43,central
p23964,Person,64,west
p23965,Person,31,west
p23966,Person,61,east
p23967,Person,41,north
p23968,Person,24,south
p23969,Person,21,south
p23970,Person,21,north
p23971,Person,49,north
p23972,Person,33,central
p23973,Person,23,west
p23974,Person,61,north
p23975,Person,29,east
p23976,Person,29,north
p23977,Person,33,west
p23978,Person,20,central
p23979,Person,61,west
p23980,Person,73,north
p23981,Person,70,central
p23982,Person,71,south
p23983,Person,40,east
p23984,Person,47,north
p23985,Person,69,central
p23986,Person,50,north
p23987,Person,36,north
p23988,Person,72,north
p23989,Person,62,central
p23990,Person,71,central
p23991,Person,59,east
p23992,Person,39,west
p23993,Person,51,north
p23994,Person,74,north
p23995,Person,23,west
p23996,Person,44,south
p23997,Person,44,west
p23998,Person,42,south
p23999,Person,77,south
p24000,Person,57,north
p24001,Person,77,central
p24002,Person,30,south
p24003,Person,75,north
p24004,Person,40,north
p24005,Person,42,west
p24006,Person,51,east
p24007,Person,56,west
p24008,Person,64,north
p24009,Person,34,west
p24010,Person,60,south
p24011,Person,77,central
p24012,Person,66,north
p24013,Person,23,north
p24014,Person,61,west
p24015,Person,43,south
p24016,Person,42,north
p24017,Person,26,east
p24018,Person,77,east
p24019,Person,22,north
p24020,Person,60,east
p24021,Person,64,east
p24022,Person,77,south
p24023,Person,30,central
p24024,Person,24,south
p24025,Person,58,east
p24026,Person,62,east
p24027,Person,58,south
p24028,Person,49,north
p24029,Person,64,south
p24030,Person,54,north
p24031,Person,63,central
p24032,Person,22,north
p24033,Person,30,central
p24034,Person,55,central
p24035,Person,47,north
p24036,Person,37,south
p24037,Person,32,central
p24038,Person,75,east
p24039,Person,69,west
p24040,Person,38,central
p24041,Person,56,west
p24042,Person,65,west
p24043,Person,70,south
p24044,Person,73,south
p24045,Person,68,central
p24046,Person,67,north
p24047,Person,20,south
p24048,Person,24,west
p24049,Person,66,north
p24050,Person,46,west
p24051,Person,56,central
p24052,Person,23,east
p24053,Person,73,east
p24054,Person,40,east
p24055,Person,41,south
p24056,Person,63,west
p24057,Person,67,south
p24058,Person,54,south
p24059,Person,52,south
p24060,Person,61,north
p24061,Person,52,central
p24062,Person,67,central
p24063,Person,27,west
p24064,Person,42,east
p24065,Person,55,east
p24066,Person,64,south
p24067,Person,31,north
p24068,Person,74,west
p24069,Person,21,central
p24070,Person,51,east
p24071,Person,40,south
p24072,Person,42,central
p24073,Person,25,south
p24074,Person,56,central
p24075,Person,51,west
p24076,Person,60,west
p24077,Person,30,central
p24078,Person,40,west
p24079,Person,19,north
p24080,Person,71,west
p24081,Person,25,east
p24082,Person,65,south
p24083,Person,74,west
p24084,Person,43,central
p24085,Person,66,north
p24086,Person,52,south
p24087,Person,42,north
p24088,Person,35,east
p24089,Person,33,west
p24090,Person,59,north
p24091,Person,53,north
p24092,Person,33,south
p24093,Person,60,east
p24094,Person,32,south
p24095,Person,44,east
p24096,Person,76,west
p24097,Person,30,east
p24098,Person,37,north
p24099,Person,74,south
p24100,Person,75,west
p24101,Person,49,north
p24102,Person,35,east
p24103,Person,27,north
p24104,Person,51,central
p24105,Person,73,south
p24106,Person,62,central
p24107,Person,20,north
p24108,Person,77,east
p24109,Person,33,west
p24110,Person,23,central
p24111,Person,33,east
p24112,Person,53,north
p24113,Person,42,west
p24114,Person,71,east
p24115,Person,35,east
p24116,Person,30,west
p24117,Person,44,north
p24118,Person,24,east
p24119,Person,59,east
p24120,Person,32,north
p24121,Person,44,east
p24122,Person,58,east
p24123,Person,43,west
p24124,Person,51,central
p24125,Person,62,south
p24126,Person,20,east
p24127,Person,25,central
p24128,Person,52,central
p24129,Person,41,west
p24130,Person,34,central
p24131,Person,20,west
p24132,Person,24,east
p24133,Person,61,north
p24134,Person,49,south
p24135,Person,40,central
p24136,Person,60,north
p24137,Person,20,central
p24138,Person,38,west
p24139,Person,70,central
p24140,Person,37,west
p24141,Person,46,north
p24142,Person,26,east
p24143,Person,42,south
p24144,Person,28,east
p24145,Person,32,west
p24146,Person,51,south
p24147,Person,18,north
p24148,Person,46,south
p24149,Person,63,west
p24150,Person,38,south
p24151,Person,60,central
p24152,Person,59,central
p24153,Person,29,east
p24154,Person,48,south
p24155,Person,26,south
p24156,Person,26,north
p24157,Person,58,east
p24158,Person,72,west
p24159,Person,43,south
p24160,Person,26,east
p24161,Person,59,west
p24162,Person,30,west
p24163,Person,70,east
p24164,Person,75,north
p24165,Person,72,west
p24166,Person,73,south
p24167,Person,18,central
p24168,Person,57,north
p24169,Person,35,central
p24170,Person,53,north
p24171,Person,33,west
p24172,Person,61,north
p24173,Person,66,east
p24174,Person,67,west
p24175,Person,43,north
p24176,Person,64,central
p24177,Person,70,west
p24178,Person,44,south
p24179,Person,41,north
p24180,Person,69,east
p24181,Person,50,west
p24182,Person,42,west
p24183,Person,50,west
p24184,Person,42,west
p24185,Person,72,north
p24186,Person,64,central
p24187,Person,71,west
p24188,Person,61,south
p24189,Person,30,north
p24190,Person,36,south
p24191,Person,69,central
p24192,Person,43,south
p24193,Person,33,east
p24194,Person,31,south
p24195,Person,67,east
p24196,Person,39,central
p24197,Person,35,north
p24198,Person,35,central
p24199,Person,52,south
p24200,Person,77,east
p24201,Person,66,west
p24202,Person,26,east
p24203,Person,50,east
p24204,Person,77,north
p24205,Person,64,south
p24206,Person,55,south
p24207,Person,59,east
p24208,Person,40,south
p24209,Person,36,north
p24210,Person,55,central
p24211,Person,34,east
p24212,Person,50,central
p24213,Person,42,east
p24214,Person,24,central
p24215,Person,45,south
p24216,Person,61,west
p24217,Person,30,south
p24218,Person,54,central
p24219,Person,72,east
p24220,Person,53,west
p24221,Person,45,west
p24222,Person,25,west
p24223,Person,29,west
p24224,Person,24,east
p24225,Person,35,central
p24226,Person,42,west
p24227,Person,38,north
p24228,Person,63,central
p24229,Person,73,central
p24230,Person,31,south
p24231,Person,26,south
p24232,Person,26,west
p24233,Person,31,west
p24234,Person,55,west
p24235,Person,40,north
p24236,Person,73,north
p24237,Person,24,west
p24238,Person,70,south
p24239,Person,48,north
p24240,Person,43,west
p24241,Person,54,south
p24242,Person,61,north
p24243,Person,59,west
p24244,Person,30,central
p24245,Person,50,central
p24246,Person,38,central
p24247,Person,22,south
p24248,Person,76,east
p24249,Person,31,north
p24250,Person,73,north
p24251,Person,64,east
p24252,Person,71,east
p24253,Person,48,central
p24254,Person,77,central
p24255,Person,45,south
p24256,Person,44,south
p24257,Person,26,central
p24258,Person,39,west
p24259,Person,25,north
p24260,Person,49,west
p24261,Person,32,central
p24262,Person,72,east
p24263,Person,68,west
p24264,Person,56,east
p24265,Person,64,south
p24266,Person,55,south
p24267,Person,25,south
p24268,Person,51,north
p24269,Person,39,south
p24270,Person,26,south
p24271,Person,46,north
p24272,Person,65,south
p24273,Person,52,central
p24274,Person,23,central
p24275,Person,60,north
p24276,Person,33,central
p24277,Person,64,south
p24278,Person,22,east
p24279,Person,18,south
p24280,Person,20,west
p24281,Person,45,north
p24282,Person,34,south
p24283,Person,54,central
p24284,Person,32,central
p24285,Person,31,north
p24286,Person,72,south
p24287,Person,64,central
p24288,Person,56,central
p24289,Person,70,east
p24290,Person,37,south
p24291,Person,30,north
p24292,Person,44,east
p24293,Person,44,south
p24294,Person,23,central
p24295,Person,65,south
p24296,Person,40,east
p24297,Person,69,east
p24298,Person,24,north
p24299,Person,69,north
p24300,Person,24,north
p24301,Person,28,east
p24302,Person,40,east
p24303,Person,18,north
p24304,Person,23,central
p24305,Person,64,central
p24306,Person,71,central
p24307,Person,38,east
p24308,Person,21,central
p24309,Person,64,north
p24310,Person,54,west
p24311,Person,36,south
p24312,Person,55,north
p24313,Person,61,east
p24314,Person,76,south
p24315,Person,60,north
p24316,Person,45,south
p24317,Person,45,west
p24318,Person,37,west
p24319,Person,63,north
p24320,Person,70,north
p24321,Person,39,north
p24322,Person,52,south
p24323,Person,43,south
p24324,Person,57,west
p24325,Person,76,north
p24326,Person,42,east
p24327,Person,66,south
p24328,Person,75,central
p24329,Person,39,central
p24330,Person,22,central
p24331,Person,34,central
p24332,Person,64,west
p24333,Person,77,west
p24334,Person,58,west
p24335,Person,30,north
p24336,Person,72,north
p24337,Person,62,east
p24338,Person,39,central
p24339,Person,53,west
p24340,Person,62,central
p24341,Person,32,west
p24342,Person,40,east
p24343,Person,58,central
p24344,Person,73,north
p24345,Person,55,west
p24346,Person,70,west
p24347,Person,55,north
p24348,Person,50,north
p24349,Person,39,north
p24350,Person,39,east
p24351,Person,39,west
p24352,Person,31,south
p24353,Person,19,west
p24354,Person,29,south
p24355,Person,67,west
p24356,Person,73,central
p24357,Person,54,west
p24358,Person,71,west
p24359,Person,77,central
p24360,Person,23,central
p24361,Person,25,north
p24362,Person,76,south
p24363,Person,63,north
p24364,Person,75,north
p24365,Person,53,central
p24366,Person,54,north
p24367,Person,69,south
p24368,Person,77,south
p24369,Person,45,central
p24370,Person,43,central
p24371,Person,68,south
p24372,Person,37,north
p24373,Person,28,east
p24374,Person,59,south
p24375,Person,19,east
p24376,Person,74,central
p24377,Person,56,south
p24378,Person,55,west
p24379,Person,73,north
p24380,Person,41,central
p24381,Person,49,central
p24382,Person,48,central
p24383,Person,66,south
p24384,Person,27,central
p24385,Person,52,north
p24386,Person,50,south
p24387,Person,58,north
p24388,Person,29,south
p24389,Person,43,west
p24390,Person,50,west
p24391,Person,30,north
p24392,Person,66,central
p24393,Person,72,north
p24394,Person,40,north
p24395,Person,19,south
p24396,Person,34,south
p24397,Person,52,west
p24398,Person,28,east
p24399,Person,62,south
p24400,Person,59,south
p24401,Person,72,central
p24402,Person,58,central
p24403,Person,47,central
p24404,Person,28,north
p24405,Person,27,west
p24406,Person,44,east
p24407,Person,18,north
p24408,Person,40,central
p24409,Person,39,north
p24410,Person,24,north
p24411,Person,47,west
p24412,Person,43,west
p24413,Person,60,central
p24414,Person,49,central
p24415,Person,75,central
p24416,Person,39,south
p24417,Person,72,south
p24418,Person,23,west
p24419,Person,20,south
p24420,Person,43,west
p24421,Person,73,central
p24422,Person,75,north
p24423,Person,55,south
p24424,Person,64,central
p24425,Person,55,west
p24426,Person,76,south
p24427,Person,55,central
p24428,Person,37,central
p24429,Person,57,north
p24430,Person,31,east
p24431,Person,34,south
p24432,Person,21,south
p24433,Person,74,west
p24434,Person,25,west
p24435,Person,55,east
p24436,Person,21,east
p24437,Person,45,west
p24438,Person,36,west
p24439,Person,72,west
p24440,Person,50,east
p24441,Person,18,north
p24442,Person,60,east
p24443,Person,39,south
p24444,Person,56,north
p24445,Person,27,south
p24446,Person,56,central
p24447,Person,49,south
p24448,Person,53,central
p24449,Person,44,south
p24450,Person,19,central
p24451,Person,42,north
p24452,Person,23,central
p24453,Person,36,central
p24454,Person,38,west
p24455,Person,63,south
p24456,Person,58,north
p24457,Person,56,east
p24458,Person,34,east
p24459,Person,36,central
p24460,Person,55,central
p24461,Person,18,south
p24462,Person,48,central
p24463,Person,33,south
p24464,Person,22,south
p24465,Person,51,west
p24466,Person,33,north
p24467,Person,43,north
p24468,Person,46,south
p24469,Person,23,south
p24470,Person,63,central
p24471,Person,21,north
p24472,Person,34,east
p24473,Person,29,west
p24474,Person,75,east
p24475,Person,35,north
p24476,Person,75,central
p24477,Person,21,south
p24478,Person,19,central
p24479,Person,34,west
p24480,Person,30,central
p24481,Person,71,north
p24482,Person,35,north
p24483,Person,30,south
p24484,Person,34,east
p24485,Person,50,west
p24486,Person,57,south
p24487,Person,21,west
p24488,Person,53,west
p24489,Person,35,central
p24490,Person,53,central
p24491,Person,40,east
p24492,Person,62,central
p24493,Person,69,central
p24494,Person,29,north
p24495,Person,65,east
p24496,Person,36,north
p24497,Person,29,central
p24498,Person,21,south
p24499,Person,60,west
p24500,Person,44,east
p24501,Person,24,south
p24502,Person,45,central
p24503,Person,39,south
p24504,Person,38,north
p24505,Person,44,east
p24506,Person,25,south
p24507,Person,46,west
p24508,Person,73,north
p24509,Person,62,north
p24510,Person,62,central
p24511,Person,60,west
p24512,Person,66,north
p24513,Person,56,south
p24514,Person,56,central
p24515,Person,70,south
p24516,Person,47,north
p24517,Person,44,south
p24518,Person,63,south
p24519,Person,70,north
p24520,Person,25,north
p24521,Person,30,central
p24522,Person,19,north
p24523,Person,77,central
p24524,Person,67,central
p24525,Person,64,west
p24526,Person,36,west
p24527,Person,64,east
p24528,Person,41,west
p24529,Person,75,north
p24530,Person,41,west
p24531,Person,47,north
p24532,Person,40,central
p24533,Person,37,central
p24534,Person,48,central
p24535,Person,62,east
p24536,Person,30,east
p24537,Person,60,north
p24538,Person,34,north
p24539,Person,60,central
p24540,Person,33,west
p24541,Person,54,north
p24542,Person,51,east
p24543,Person,33,north
p24544,Person,20,central
p24545,Person,75,north
p24546,Person,47,south
p24547,Person,19,north
p24548,Person,63,north
p24549,Person,66,west
p24550,Person,58,south
p24551,Person,63,north
p24552,Person,48,central
p24553,Person,33,central
p24554,Person,23,west
p24555,Person,69,north
p24556,Person,74,central
p24557,Person,44,north
p24558,Person,51,south
p24559,Person,32,south
p24560,Person,26,east
p24561,Person,32,east
p24562,Person,28,west
p24563,Person,50,north
p24564,Person,66,south
p24565,Person,30,north
p24566,Person,32,central
p24567,Person,59,west
p24568,Person,20,north
p24569,Person,61,west
p24570,Person,36,east
p24571,Person,46,central
p24572,Person,29,east
p24573,Person,43,south
p24574,Person,57,south
p24575,Person,61,central
p24576,Person,64,east
p24577,Person,67,central
p24578,Person,44,east
p24579,Person,26,central
p24580,Person,39,west
p24581,Person,22,north
p24582,Person,50,west
p24583,Person,61,east
p24584,Person,39,south
p24585,Person,35,west
p24586,Person,46,east
p24587,Person,37,west
p24588,Person,41,south
p24589,Person,35,north
p24590,Person,54,north
p24591,Person,47,south
p24592,Person,22,west
p24593,Person,62,south
p24594,Person,46,south
p24595,Person,43,central
p24596,Person,42,central
p24597,Person,75,south
p24598,Person,61,south
p24599,Person,65,north
p24600,Person,18,south
p24601,Person,46,central
p24602,Person,24,south
p24603,Person,32,north
p24604,Person,50,central
p24605,Person,49,south
p24606,Person,49,north
p24607,Person,36,north
p24608,Person,34,east
p24609,Person,22,south
p24610,Person,35,east
p24611,Person,25,central
p24612,Person,49,south
p24613,Person,62,east
p24614,Person,35,west
p24615,Person,44,east
p24616,Person,37,south
p24617,Person,75,north
p24618,Person,34,west
p24619,Person,73,north
p24620,Person,64,south
p24621,Person,48,north
p24622,Person,19,central
p24623,Person,40,south
p24624,Person,75,central
p24625,Person,55,west
p24626,Person,40,west
p24627,Person,57,central
p24628,Person,67,east
p24629,Person,18,north
p24630,Person,42,west
p24631,Person,51,north
p24632,Person,37,central
p24633,Person,50,central
p24634,Person,23,south
p24635,Person,32,east
p24636,Person,45,south
p24637,Person,45,west
p24638,Person,45,south
p24639,Person,52,west
p24640,Person,75,central
p24641,Person,56,east
p24642,Person,37,north
p24643,Person,38,south
p24644,Person,36,east
p24645,Person,70,north
p24646,Person,69,central
p24647,Person,72,west
p24648,Person,58,north
p24649,Person,73,east
p24650,Person,34,north
p24651,Person,39,central
p24652,Person,65,central
p24653,Person,32,west
p24654,Person,43,north
p24655,Person,41,central
p24656,Person,62,north
p24657,Person,65,north
p24658,Person,32,north
p24659,Person,67,south
p24660,Person,25,north
p24661,Person,60,north
p24662,Person,62,east
p24663,Person,60,west
p24664,Person,70,central
p24665,Person,40,central
p24666,Person,64,east
p24667,Person,65,west
p24668,Person,28,west
p24669,Person,23,south
p24670,Person,23,west
p24671,Person,47,east
p24672,Person,36,west
p24673,Person,21,east
p24674,Person,57,south
p24675,Person,75,east
p24676,Person,67,east
p24677,Person,25,west
p24678,Person,31,east
p24679,Person,75,north
p24680,Person,40,west
p24681,Person,29,north
p24682,Person,45,north
p24683,Person,62,south
p24684,Person,56,south
p24685,Person,77,central
p24686,Person,28,south
p24687,Person,37,west
p24688,Person,60,north
p24689,Person,56,east
p24690,Person,49,north
p24691,Person,59,north
p24692,Person,39,east
p24693,Person,50,north
p24694,Person,65,central
p24695,Person,25,south
p24696,Person,25,south
p24697,Person,31,north
p24698,Person,31,north
p24699,Person,48,west
p24700,Person,46,central
p24701,Person,34,north
p24702,Person,26,west
p24703,Person,63,central
p24704,Person,53,east
p24705,Person,39,south
p24706,Person,72,north
p24707,Person,31,east
p24708,Person,66,west
p24709,Person,22,central
p24710,Person,41,central
p24711,Person,19,central
p24712,Person,74,south
p24713,Person,28,west
p24714,Person,58,central
p24715,Person,75,south
p24716,Person,45,south
p24717,Person,42,east
p24718,Person,62,east
p24719,Person,56,east
p24720,Person,56,central
p24721,Person,25,central
p24722,Person,39,north
p24723,Person,28,south
p24724,Person,23,south
p24725,Person,26,central
p24726,Person,69,west
p24727,Person,55,north
p24728,Person,59,south
p24729,Person,38,south
p24730,Person,57,north
p24731,Person,18,central
p24732,Person,43,east
p24733,Person,48,south
p24734,Person,33,central
p24735,Person,44,south
p24736,Person,57,north
p24737,Person,44,central
p24738,Person,51,south
p24739,Person,34,east
p24740,Person,73,south
p24741,Person,44,west
p24742,Person,74,east
p24743,Person,21,central
p24744,Person,31,east
p24745,Person,56,central
p24746,Person,19,north
p24747,Person,60,south
p24748,Person,68,south
p24749,Person,32,east
p24750,Person,46,north
p24751,Person,53,east
p24752,Person,21,west
p24753,Person,54,west
p24754,Person,61,central
p24755,Person,72,south
p24756,Person,43,central
p24757,Person,53,north
p24758,Person,25,south
p24759,Person,22,east
p24760,Person,26,north
p24761,Person,22,east
p24762,Person,77,east
p24763,Person,42,central
p24764,Person,34,south
p24765,Person,28,central
p24766,Person,58,east
p24767,Person,23,north
p24768,Person,22,north
p24769,Person,58,central
p24770,Person,33,east
p24771,Person,27,south
p24772,Person,53,east
p24773,Person,72,west
p24774,Person,22,south
p24775,Person,42,central
p24776,Person,48,west
p24777,Person,46,west
p24778,Person,28,central
p24779,Person,30,south
p24780,Person,69,south
p24781,Person,61,central
p24782,Person,20,west
p24783,Person,60,central
p24784,Person,53,south
p24785,Person,18,west
p24786,Person,43,west
p24787,Person,45,north
p24788,Person,27,south
p24789,Person,37,east
p24790,Person,44,north
p24791,Person,75,east
p24792,Person,35,south
p24793,Person,47,west
p24794,Person,53,central
p24795,Person,51,east
p24796,Person,73,east
p24797,Person,48,west
p24798,Person,33,central
p24799,Person,54,north
p24800,Person,69,south
p24801,Person,36,east
p24802,Person,69,east
p24803,Person,38,south
p24804,Person,68,north
p24805,Person,62,north
p24806,Person,59,south
p24807,Person,48,south
p24808,Person,67,central
p24809,Person,63,west
p24810,Person,64,central
p24811,Person,76,east
p24812,Person,67,south
p24813,Person,37,east
p24814,Person,49,north
p24815,Person,29,north
p24816,Person,60,central
p24817,Person,24,central
p24818,Person,19,east
p24819,Person,19,south
p24820,Person,30,south
p24821,Person,43,north
p24822,Person,61,central
p24823,Person,70,central
p24824,Person,36,west
p24825,Person,74,east
p24826,Person,69,south
p24827,Person,71,west
p24828,Person,77,south
p24829,Person,43,north
p24830,Person,19,east
p24831,Person,27,central
p24832,Person,25,south
p24833,Person,65,north
p24834,Person,76,north
p24835,Person,34,west
p24836,Person,68,central
p24837,Person,73,south
p24838,Person,61,south
p24839,Person,60,west
p24840,Person,34,north
p24841,Person,41,west
p24842,Person,76,south
p24843,Person,20,central
p24844,Person,23,west
p24845,Person,33,east
p24846,Person,61,central
p24847,Person,70,north
p24848,Person,72,east
p24849,Person,25,west
p24850,Person,33,central
p24851,Person,75,west
p24852,Person,60,east
p24853,Person,44,north
p24854,Person,19,west
p24855,Person,30,west
p24856,Person,28,north
p24857,Person,71,west
p24858,Person,48,central
p24859,Person,36,north
p24860,Person,42,east
p24861,Person,53,north
p24862,Person,35,north
p24863,Person,40,west
p24864,Person,22,south
p24865,Person,50,east
p24866,Person,51,west
p24867,Person,27,east
p24868,Person,40,west
p24869,Person,31,west
p24870,Person,58,south
p24871,Person,53,north
p24872,Person,64,south
p24873,Person,42,central
p24874,Person,57,west
p24875,Person,73,central
p24876,Person,76,north
p24877,Person,51,east
p24878,Person,27,south
p24879,Person,40,north
p24880,Person,46,east
p24881,Person,37,central
p24882,Person,39,east
p24883,Person,50,north
p24884,Person,26,north
p24885,Person,59,central
p24886,Person,45,east
p24887,Person,23,east
p24888,Person,60,west
p24889,Person,33,south
p24890,Person,69,south
p24891,Person,38,south
p24892,Person,36,east
p24893,Person,69,central
p24894,Person,31,east
p24895,Person,32,north
p24896,Person,62,north
p24897,Person,23,east
p24898,Person,47,west
p24899,Person,44,north
p24900,Person,42,east
p24901,Person,77,east
p24902,Person,39,south
p24903,Person,35,south
p24904,Person,68,north
p24905,Person,61,south
p24906,Person,22,central
p24907,Person,53,north
p24908,Person,43,central
p24909,Person,24,south
p24910,Person,41,north
p24911,Person,76,west
p24912,Person,66,central
p24913,Person,38,west
p24914,Person,30,west
p24915,Person,57,north
p24916,Person,21,south
p24917,Person,30,east
p24918,Person,70,central
p24919,Person,53,central
p24920,Person,70,west
p24921,Person,42,west
p24922,Person,61,west
p24923,Person,59,east
p24924,Person,35,north
p24925,Person,44,west
p24926,Person,44,east
p24927,Person,37,west
p24928,Person,29,south
p24929,Person,39,east
p24930,Person,29,central
p24931,Person,31,west
p24932,Person,33,south
p24933,Person,20,north
p24934,Person,22,south
p24935,Person,55,east
p24936,Person,41,west
p24937,Person,41,west
p24938,Person,41,east
p24939,Person,21,east
p24940,Person,38,south
p24941,Person,59,north
p24942,Person,30,central
p24943,Person,19,east
p24944,Person,19,south
p24945,Person,21,central
p24946,Person,31,north
p24947,Person,29,central
p24948,Person,18,central
p24949,Person,51,south
p24950,Person,76,central
p24951,Person,64,west
p24952,Person,63,east
p24953,Person,65,west
p24954,Person,49,central
p24955,Person,68,east
p24956,Person,35,east
p24957,Person,70,north
p24958,Person,18,south
p24959,Person,25,central
p24960,Person,27,east
p24961,Person,31,east
p24962,Person,54,west
p24963,Person,49,north
p24964,Person,32,south
p24965,Person,42,central
p24966,Person,68,east
p24967,Person,28,east
p24968,Person,77,east
p24969,Person,42,east
p24970,Person,30,central
p24971,Person,19,west
p24972,Person,30,central
p24973,Person,41,north
p24974,Person,22,east
p24975,Person,62,south
p24976,Person,67,north
p24977,Person,46,east
p24978,Person,51,north
p24979,Person,55,south
p24980,Person,21,west
p24981,Person,62,east
p24982,Person,52,east
p24983,Person,43,south
p24984,Person,57,south
p24985,Person,51,west
p24986,Person,44,south
p24987,Person,59,east
p24988,Person,39,east
p24989,Person,30,north
p24990,Person,72,south
p24991,Person,63,south
p24992,Person,52,north
p24993,Person,62,east
p24994,Person,51,north
p24995,Person,37,west
p24996,Person,31,west
p24997,Person,60,central
p24998,Person,69,north
p24999,Person,27,north
p25000,Person,37,south
p25001,Person,29,east
p25002,Person,74,east
p25003,Person,72,central
p25004,Person,18,west
p25005,Person,41,north
p25006,Person,67,north
p25007,Person,38,central
p25008,Person,23,west
p25009,Person,36,central
p25010,Person,58,east
p25011,Person,29,west
p25012,Person,42,south
p25013,Person,22,central
p25014,Person,50,east
p25015,Person,69,west
p25016,Person,38,west
p25017,Person,52,east
p25018,Person,58,south
p25019,Person,29,west
p25020,Person,63,north
p25021,Person,19,central
p25022,Person,27,west
p25023,Person,31,south
p25024,Person,38,east
p25025,Person,65,east
p25026,Person,76,south
p25027,Person,22,north
p25028,Person,77,south
p25029,Person,23,south
p25030,Person,74,north
p25031,Person,43,west
p25032,Person,20,south
p25033,Person,48,west
p25034,Person,64,north
p25035,Person,40,south
p25036,Person,45,east
p25037,Person,22,north
p25038,Person,55,west
p25039,Person,25,east
p25040,Person,33,central
p25041,Person,49,central
p25042,Person,27,central
p25043,Person,34,east
p25044,Person,31,west
p25045,Person,40,south
p25046,Person,61,west
p25047,Person,18,south
p25048,Person,64,west
p25049,Person,31,west
p25050,Person,46,north
p25051,Person,35,west
p25052,Person,57,central
p25053,Person,40,west
p25054,Person,62,north
p25055,Person,18,central
p25056,Person,41,south
p25057,Person,72,central
p25058,Person,75,east
p25059,Person,70,south
p25060,Person,43,west
p25061,Person,71,east
p25062,Person,21,west
p25063,Person,71,east
p25064,Person,43,south
p25065,Person,19,east
p25066,Person,33,south
p25067,Person,40,west
p25068,Person,36,east
p25069,Person,61,central
p25070,Person,55,south
p25071,Person,64,central
p25072,Person,20,south
p25073,Person,67,south
p25074,Person,74,west
p25075,Person,42,west
p25076,Person,55,east
p25077,Person,19,north
p25078,Person,75,south
p25079,Person,50,east
p25080,Person,24,west
p25081,Person,64,north
p25082,Person,29,north
p25083,Person,35,east
p25084,Person,29,central
p25085,Person,29,north
p25086,Person,76,south
p25087,Person,66,east
p25088,Person,21,south
p25089,Person,30,south
p25090,Person,23,central
p25091,Person,21,south
p25092,Person,30,north
p25093,Person,67,south
p25094,Person,77,east
p25095,Person,51,east
p25096,Person,22,north
p25097,Person,60,central
p25098,Person,26,south
p25099,Person,19,central
p25100,Person,27,south
p25101,Person,29,north
p25102,Person,52,south
p25103,Person,27,south
p25104,Person,35,central
p25105,Person,33,south
p25106,Person,39,east
p25107,Person,41,north
p25108,Person,22,central
p25109,Person,38,east
p25110,Person,53,south
p25111,Person,18,south
p25112,Person,35,east
p25113,Person,42,south
p25114,Person,73,central
p25115,Person,47,south
p25116,Person,70,south
p25117,Person,20,central
p25118,Person,73,central
p25119,Person,26,east
p25120,Person,71,central
p25121,Person,48,south
p25122,Person,71,east
p25123,Person,49,south
p25124,Person,42,west
p25125,Person,31,west
p25126,Person,70,central
p25127,Person,57,west
p25128,Person,18,east
p25129,Person,72,central
p25130,Person,70,north
p25131,Person,35,south
p25132,Person,22,west
p25133,Person,73,west
p25134,Person,39,west
p25135,Person,36,central
p25136,Person,34,west
p25137,Person,68,north
p25138,Person,26,east
p25139,Person,24,east
p25140,Person,77,east
p25141,Person,58,west
p25142,Person,20,north
p25143,Person,59,north
p25144,Person,53,south
p25145,Person,31,central
p25146,Person,46,central
p25147,Person,52,east
p25148,Person,44,central
p25149,Person,63,south
p25150,Person,21,east
p25151,Person,58,central
p25152,Person,48,west
p25153,Person,40,east
p25154,Person,39,south
p25155,Person,61,south
p25156,Person,39,west
p25157,Person,73,west
p25158,Person,27,east
p25159,Person,34,north
p25160,Person,38,south
p25161,Person,35,west
p25162,Person,38,south
p25163,Person,73,central
p25164,Person,55,central
p25165,Person,43,north
p25166,Person,25,central
p25167,Person,45,south
p25168,Person,42,east
p25169,Person,61,north
p25170,Person,52,east
p25171,Person,44,west
p25172,Person,19,east
p25173,Person,44,west
p25174,Person,18,east
p25175,Person,58,west
p25176,Person,46,west
p25177,Person,18,west
p25178,Person,29,north
p25179,Person,73,south
p25180,Person,38,north
p25181,Person,38,east
p25182,Person,39,central
p25183,Person,57,north
p25184,Person,62,west
p25185,Person,68,central
p25186,Person,60,north
p25187,Person,30,north
p25188,Person,56,north
p25189,Person,23,central
p25190,Person,69,central
p25191,Person,62,west
p25192,Person,39,south
p25193,Person,19,west
p25194,Person,44,central
p25195,Person,64,west
p25196,Person,43,west
p25197,Person,66,east
p25198,Person,49,east
p25199,Person,63,north
p25200,Person,40,east
p25201,Person,48,south
p25202,Person,39,south
p25203,Person,22,north
p25204,Person,30,east
p25205,Person,50,south
p25206,Person,29,south
p25207,Person,30,west
p25208,Person,27,central
p25209,Person,71,east
p25210,Person,41,central
p25211,Person,76,south
p25212,Person,44,north
p25213,Person,48,central
p25214,Person,51,east
p25215,Person,42,west
p25216,Person,37,west
p25217,Person,23,east
p25218,Person,54,north
p25219,Person,59,west
p25220,Person,64,west
p25221,Person,56,south
p25222,Person,36,north
p25223,Person,61,east
p25224,Person,32,east
p25225,Person,67,central
p25226,Person,57,east
p25227,Person,59,west
p25228,Person,37,south
p25229,Person,26,central
p25230,Person,76,north
p25231,Person,24,west
p25232,Person,51,north
p25233,Person,22,central
p25234,Person,39,west
p25235,Person,27,west
p25236,Person,40,north
p25237,Person,43,north
p25238,Person,43,east
p25239,Person,35,east
p25240,Person,41,south
p25241,Person,20,east
p25242,Person,49,east
p25243,Person,19,central
p25244,Person,68,east
p25245,Person,24,north
p25246,Person,62,central
p25247,Person,35,north
p25248,Person,22,east
p25249,Person,74,west
p25250,Person,31,west
p25251,Person,36,central
p25252,Person,57,central
p25253,Person,65,west
p25254,Person,36,west
p25255,Person,37,south
p25256,Person,26,central
p25257,Person,47,east
p25258,Person,62,south
p25259,Person,30,south
p25260,Person,18,central
p25261,Person,38,south
p25262,Person,34,east
p25263,Person,70,central
p25264,Person,39,south
p25265,Person,30,east
p25266,Person,69,central
p25267,Person,44,south
p25268,Person,49,east
p25269,Person,67,central
p25270,Person,58,west
p25271,Person,40,east
p25272,Person,37,north
p25273,Person,44,south
p25274,Person,59,north
p25275,Person,34,north
p25276,Person,51,west
p25277,Person,21,central
p25278,Person,54,east
p25279,Person,28,central
p25280,Person,30,east
p25281,Person,68,north
p25282,Person,23,south
p25283,Person,55,north
p25284,Person,69,north
p25285,Person,69,west
p25286,Person,63,south
p25287,Person,32,east
p25288,Person,51,north
p25289,Person,31,north
p25290,Person,49,west
p25291,Person,50,south
p25292,Person,32,south
p25293,Person,43,west
p25294,Person,23,south
p25295,Person,28,south
p25296,Person,44,south
p25297,Person,62,central
p25298,Person,60,central
p25299,Person,61,west
p25300,Person,40,east
p25301,Person,64,north
p25302,Person,72,north
p25303,Person,49,south
p25304,Person,75,west
p25305,Person,44,central
p25306,Person,76,central
p25307,Person,27,east
p25308,Person,40,south
p25309,Person,22,central
p25310,Person,58,south
p25311,Person,27,west
p25312,Person,65,north
p25313,Person,35,central
p25314,Person,71,east
p25315,Person,41,east
p25316,Person,27,central
p25317,Person,70,west
p25318,Person,69,east
p25319,Person,24,east
p25320,Person,23,east
p25321,Person,48,east
p25322,Person,22,south
p25323,Person,67,north
p25324,Person,19,east
p25325,Person,69,south
p25326,Person,70,north
p25327,Person,46,south
p25328,Person,41,east
p25329,Person,25,north
p25330,Person,24,central
p25331,Person,58,east
p25332,Person,36,south
p25333,Person,70,north
p25334,Person,75,south
p25335,Person,59,east
p25336,Person,44,west
p25337,Person,25,west
p25338,Person,38,central
p25339,Person,77,south
p25340,Person,26,central
p25341,Person,31,north
p25342,Person,18,east
p25343,Person,44,west
p25344,Person,41,west
p25345,Person,71,central
p25346,Person,74,south
p25347,Person,25,west
p25348,Person,72,central
p25349,Person,52,west
p25350,Person,59,east
p25351,Person,24,east
p25352,Person,51,north
p25353,Person,41,south
p25354,Person,42,west
p25355,Person,61,north
p25356,Person,35,central
p25357,Person,38,east
p25358,Person,22,east
p25359,Person,22,central
p25360,Person,49,north
p25361,Person,18,south
p25362,Person,62,west
p25363,Person,42,east
p25364,Person,39,east
p25365,Person,68,central
p25366,Person,64,south
p25367,Person,23,north
p25368,Person,34,north
p25369,Person,70,central
p25370,Person,18,central
p25371,Person,21,west
p25372,Person,46,east
p25373,Person,62,east
p25374,Person,50,central
p25375,Person,49,south
p25376,Person,63,north
p25377,Person,39,east
p25378,Person,24,south
p25379,Person,32,east
p25380,Person,59,central
p25381,Person,58,south
p25382,Person,40,east
p25383,Person,25,central
p25384,Person,29,west
p25385,Person,29,south
p25386,Person,68,east
p25387,Person,26,west
p25388,Person,42,west
p25389,Person,75,east
p25390,Person,67,west
p25391,Person,69,north
p25392,Person,41,north
p25393,Person,74,west
p25394,Person,51,north
p25395,Person,34,south
p25396,Person,22,north
p25397,Person,46,east
p25398,Person,30,west
p25399,Person,26,east
p25400,Person,25,north
p25401,Person,45,north
p25402,Person,73,north
p25403,Person,27,south
p25404,Person,30,north
p25405,Person,26,south
p25406,Person,59,south
p25407,Person,34,east
p25408,Person,45,east
p25409,Person,50,south
p25410,Person,71,south
p25411,Person,58,south
p25412,Person,65,west
p25413,Person,69,west
p25414,Person,26,central
p25415,Person,54,north
p25416,Person,71,central
p25417,Person,60,west
p25418,Person,26,north
p25419,Person,18,east
p25420,Person,77,east
p25421,Person,50,south
p25422,Person,28,central
p25423,Person,71,west
p25424,Person,26,south
p25425,Person,31,central
p25426,Person,55,west
p25427,Person,43,north
p25428,Person,25,south
p25429,Person,59,east
p25430,Person,62,south
p25431,Person,24,south
p25432,Person,47,east
p25433,Person,36,west
p25434,Person,62,south
p25435,Person,52,north
p25436,Person,61,north
p25437,Person,47,east
p25438,Person,42,south
p25439,Person,26,central
p25440,Person,56,west
p25441,Person,33,west
p25442,Person,46,north
p25443,Person,77,north
p25444,Person,73,west
p25445,Person,21,north
p25446,Person,22,north
p25447,Person,64,north
p25448,Person,31,west
p25449,Person,20,west
p25450,Person,18,north
p25451,Person,61,south
p25452,Person,30,south
p25453,Person,28,east
p25454,Person,75,west
p25455,Person,41,central
p25456,Person,51,west
p25457,Person,53,south
p25458,Person,77,north
p25459,Person,48,west
p25460,Person,65,west
p25461,Person,31,central
p25462,Person,74,west
p25463,Person,21,south
p25464,Person,74,central
p25465,Person,71,central
p25466,Person,59,west
p25467,Person,45,east
p25468,Person,74,west
p25469,Person,37,north
p25470,Person,43,east
p25471,Person,62,west
p25472,Person,53,west
p25473,Person,51,central
p25474,Person,22,east
p25475,Person,51,west
p25476,Person,55,east
p25477,Person,47,north
p25478,Person,31,east
p25479,Person,69,south
p25480,Person,66,east
p25481,Person,27,south
p25482,Person,28,east
p25483,Person,25,north
p25484,Person,65,east
p25485,Person,37,west
p25486,Person,76,east
p25487,Person,21,central
p25488,Person,37,north
p25489,Person,37,south
p25490,Person,24,east
p25491,Person,65,south
p25492,Person,20,north
p25493,Person,42,west
p25494,Person,62,south
p25495,Person,64,central
p25496,Person,62,north
p25497,Person,18,north
p25498,Person,47,west
p25499,Person,54,east
p25500,Person,38,east
p25501,Person,62,west
p25502,Person,41,central
p25503,Person,77,west
p25504,Person,61,east
p25505,Person,55,north
p25506,Person,41,central
p25507,Person,61,west
p25508,Person,38,central
p25509,Person,40,west
p25510,Person,75,east
p25511,Person,50,south
p25512,Person,47,north
p25513,Person,71,west
p25514,Person,67,west
p25515,Person,62,north
p25516,Person,19,central
p25517,Person,18,north
p25518,Person,22,west
p25519,Person,47,south
p25520,Person,35,east
p25521,Person,64,east
p25522,Person,77,west
p25523,Person,58,north
p25524,Person,55,east
p25525,Person,65,central
p25526,Person,55,north
p25527,Person,42,east
p25528,Person,43,east
p25529,Person,50,central
p25530,Person,25,north
p25531,Person,48,west
p25532,Person,75,east
p25533,Person,22,north
p25534,Person,69,west
p25535,Person,39,central
p25536,Person,39,central
p25537,Person,75,west
p25538,Person,37,north
p25539,Person,29,east
p25540,Person,77,east
p25541,Person,60,central
p25542,Person,67,central
p25543,Person,58,central
p25544,Person,75,north
p25545,Person,64,north
p25546,Person,52,central
p25547,Person,30,east
p25548,Person,72,west
p25549,Person,76,south
p25550,Person,21,east
p25551,Person,49,west
p25552,Person,43,west
p25553,Person,67,south
p25554,Person,30,central
p25555,Person,46,east
p25556,Person,64,central
p25557,Person,77,east
p25558,Person,20,central
p25559,Person,71,east
p25560,Person,52,central
p25561,Person,18,west
p25562,Person,22,north
p25563,Person,19,east
p25564,Person,64,central
p25565,Person,67,north
p25566,Person,51,central
p25567,Person,21,south
p25568,Person,54,north
p25569,Person,22,north
p25570,Person,49,south
p25571,Person,67,west
p25572,Person,28,east
p25573,Person,45,north
p25574,Person,47,north
p25575,Person,21,south
p25576,Person,55,north
p25577,Person,23,south
p25578,Person,47,west
p25579,Person,40,east
p25580,Person,29,east
p25581,Person,64,east
p25582,Person,51,west
p25583,Person,27,south
p25584,Person,63,central
p25585,Person,77,north
p25586,Person,62,west
p25587,Person,27,north
p25588,Person,23,east
p25589,Person,53,south
p25590,Person,21,west
p25591,Person,49,central
p25592,Person,50,north
p25593,Person,39,south
p25594,Person,44,north
p25595,Person,30,south
p25596,Person,64,south
p25597,Person,46,north
p25598,Person,20,west
p25599,Person,47,south
p25600,Person,53,west
p25601,Person,35,west
p25602,Person,28,east
p25603,Person,28,central
p25604,Person,35,south
p25605,Person,59,south
p25606,Person,74,north
p25607,Person,58,west
p25608,Person,68,east
p25609,Person,34,central
p25610,Person,50,north
p25611,Person,55,east
p25612,Person,55,south
p25613,Person,44,east
p25614,Person,21,central
p25615,Person,43,central
p25616,Person,47,west
p25617,Person,24,central
p25618,Person,75,west
p25619,Person,21,north
p25620,Person,30,west
p25621,Person,18,south
p25622,Person,36,north
p25623,Person,50,south
p25624,Person,54,south
p25625,Person,52,south
p25626,Person,20,central
p25627,Person,60,south
p25628,Person,21,central
p25629,Person,18,east
p25630,Person,29,central
p25631,Person,66,north
p25632,Person,18,west
p25633,Person,69,east
p25634,Person,53,central
p25635,Person,61,west
p25636,Person,75,south
p25637,Person,40,west
p25638,Person,57,south
p25639,Person,67,north
p25640,Person,63,central
p25641,Person,22,south
p25642,Person,30,central
p25643,Person,25,north
p25644,Person,18,central
p25645,Person,57,west
p25646,Person,37,central
p25647,Person,62,central
p25648,Person,73,east
p25649,Person,52,east
p25650,Person,76,north
p25651,Person,47,north
p25652,Person,74,north
p25653,Person,29,central
p25654,Person,41,north
p25655,Person,50,north
p25656,Person,72,west
p25657,Person,74,west
p25658,Person,38,south
p25659,Person,25,east
p25660,Person,20,east
p25661,Person,23,central
p25662,Person,30,central
p25663,Person,34,west
p25664,Person,33,west
p25665,Person,39,west
p25666,Person,76,west
p25667,Person,69,east
p25668,Person,72,south
p25669,Person,56,east
p25670,Person,61,south
p25671,Person,48,north
p25672,Person,35,north
p25673,Person,31,east
p25674,Person,61,central
p25675,Person,42,north
p25676,Person,57,central
p25677,Person,56,south
p25678,Person,76,central
p25679,Person,19,north
p25680,Person,45,east
p25681,Person,46,south
p25682,Person,25,south
p25683,Person,39,west
p25684,Person,68,central
p25685,Person,77,west
p25686,Person,38,south
p25687,Person,69,central
p25688,Person,54,south
p25689,Person,56,east
p25690,Person,45,south
p25691,Person,20,north
p25692,Person,46,north
p25693,Person,33,west
p25694,Person,28,east
p25695,Person,24,north
p25696,Person,37,north
p25697,Person,40,south
p25698,Person,77,east
p25699,Person,48,east
p25700,Person,52,south
p25701,Person,51,north
p25702,Person,46,west
p25703,Person,30,central
p25704,Person,29,east
p25705,Person,36,west
p25706,Person,48,south
p25707,Person,30,central
p25708,Person,27,east
p25709,Person,74,south
p25710,Person,65,west
p25711,Person,52,south
p25712,Person,46,east
p25713,Person,42,north
p25714,Person,20,south
p25715,Person,64,north
p25716,Person,76,central
p25717,Person,47,north
p25718,Person,71,north
p25719,Person,23,south
p25720,Person,77,central
p25721,Person,76,south
p25722,Person,53,south
p25723,Person,68,central
p25724,Person,44,west
p25725,Person,33,west
p25726,Person,75,north
p25727,Person,51,central
p25728,Person,39,west
p25729,Person,64,central
p25730,Person,66,central
p25731,Person,31,central
p25732,Person,25,central
p25733,Person,42,north
p25734,Person,75,north
p25735,Person,46,west
p25736,Person,54,west
p25737,Person,43,north
p25738,Person,29,west
p25739,Person,75,south
p25740,Person,49,east
p25741,Person,45,east
p25742,Person,60,central
p25743,Person,58,south
p25744,Person,20,central
p25745,Person,44,north
p25746,Person,43,south
p25747,Person,41,central
p25748,Person,66,south
p25749,Person,66,central
p25750,Person,42,south
p25751,Person,27,south
p25752,Person,52,west
p25753,Person,68,north
p25754,Person,44,east
p25755,Person,42,central
p25756,Person,29,central
p25757,Person,74,central
p25758,Person,32,south
p25759,Person,62,central
p25760,Person,64,central
p25761,Person,21,central
p25762,Person,40,central
p25763,Person,22,north
p25764,Person,35,west
p25765,Person,22,south
p25766,Person,49,west
p25767,Person,62,north
p25768,Person,23,west
p25769,Person,76,central
p25770,Person,71,west
p25771,Person,76,central
p25772,Person,27,north
p25773,Person,66,north
p25774,Person,24,south
p25775,Person,23,west
p25776,Person,37,west
p25777,Person,40,north
p25778,Person,21,south
p25779,Person,19,east
p25780,Person,28,west
p25781,Person,49,central
p25782,Person,63,west
p25783,Person,31,north
p25784,Person,21,south
p25785,Person,36,south
p25786,Person,35,north
p25787,Person,20,south
p25788,Person,61,central
p25789,Person,41,west
p25790,Person,43,north
p25791,Person,19,central
p25792,Person,55,south
p25793,Person,64,west
p25794,Person,28,west
p25795,Person,46,north
p25796,Person,26,south
p25797,Person,63,south
p25798,Person,52,west
p25799,Person,64,west
p25800,Person,36,north
p25801,Person,45,west
p25802,Person,70,north
p25803,Person,62,east
p25804,Person,38,west
p25805,Person,72,west
p25806,Person,60,south
p25807,Person,36,north
p25808,Person,71,central
p25809,Person,54,west
p25810,Person,30,east
p25811,Person,43,south
p25812,Person,52,east
p25813,Person,65,north
p25814,Person,51,central
p25815,Person,55,south
p25816,Person,47,central
p25817,Person,61,south
p25818,Person,35,north
p25819,Person,73,west
p25820,Person,66,north
p25821,Person,45,south
p25822,Person,36,central
p25823,Person,22,west
p25824,Person,25,east
p25825,Person,50,central
p25826,Person,49,west
p25827,Person,54,central
p25828,Person,76,central
p25829,Person,41,south
p25830,Person,29,south
p25831,Person,19,central
p25832,Person,62,north
p25833,Person,42,north
p25834,Person,69,east
p25835,Person,68,east
p25836,Person,58,central
p25837,Person,55,south
p25838,Person,61,south
p25839,Person,69,west
p25840,Person,63,central
p25841,Person,61,north
p25842,Person,65,south
p25843,Person,71,south
p25844,Person,40,south
p25845,Person,45,south
p25846,Person,48,south
p25847,Person,30,north
p25848,Person,31,west
p25849,Person,59,east
p25850,Person,65,north
p25851,Person,57,west
p25852,Person,33,north
p25853,Person,18,south
p25854,Person,54,north
p25855,Person,48,south
p25856,Person,41,north
p25857,Person,36,central
p25858,Person,39,east
p25859,Person,61,south
p25860,Person,77,south
p25861,Person,38,south
p25862,Person,63,central
p25863,Person,40,south
p25864,Person,41,west
p25865,Person,31,west
p25866,Person,31,south
p25867,Person,29,south
p25868,Person,45,south
p25869,Person,61,central
p25870,Person,35,south
p25871,Person,37,west
p25872,Person,65,west
p25873,Person,42,west
p25874,Person,61,north
p25875,Person,53,west
p25876,Person,77,west
p25877,Person,49,east
p25878,Person,66,south
p25879,Person,60,east
p25880,Person,51,east
p25881,Person,52,central
p25882,Person,38,south
p25883,Person,39,south
p25884,Person,37,south
p25885,Person,51,south
p25886,Person,63,east
p25887,Person,57,south
p25888,Person,52,central
p25889,Person,21,north
p25890,Person,37,central
p25891,Person,36,west
p25892,Person,20,central
p25893,Person,21,south
p25894,Person,69,west
p25895,Person,21,north
p25896,Person,53,south
p25897,Person,53,central
p25898,Person,53,north
p25899,Person,24,south
p25900,Person,30,south
p25901,Person,45,north
p25902,Person,45,north
p25903,Person,44,south
p25904,Person,58,west
p25905,Person,43,south
p25906,Person,68,west
p25907,Person,36,north
p25908,Person,44,central
p25909,Person,75,north
p25910,Person,32,central
p25911,Person,65,central
p25912,Person,53,central
p25913,Person,64,east
p25914,Person,60,central
p25915,Person,64,south
p25916,Person,44,west
p25917,Person,72,west
p25918,Person,41,east
p25919,Person,70,west
p25920,Person,27,north
p25921,Person,46,north
p25922,Person,32,west
p25923,Person,69,north
p25924,Person,54,north
p25925,Person,25,south
p25926,Person,62,south
p25927,Person,53,central
p25928,Person,60,central
p25929,Person,66,south
p25930,Person,26,north
p25931,Person,30,east
p25932,Person,45,west
p25933,Person,41,north
p25934,Person,66,west
p25935,Person,43,north
p25936,Person,50,east
p25937,Person,53,west
p25938,Person,18,east
p25939,Person,55,south
p25940,Person,35,north
p25941,Person,58,north
p25942,Person,61,east
p25943,Person,33,east
p25944,Person,47,central
p25945,Person,47,south
p25946,Person,46,north
p25947,Person,73,north
p25948,Person,75,east
p25949,Person,44,east
p25950,Person,18,east
p25951,Person,70,central
p25952,Person,38,central
p25953,Person,19,south
p25954,Person,41,south
p25955,Person,41,west
p25956,Person,55,south
p25957,Person,42,north
p25958,Person,72,central
p25959,Person,54,south
p25960,Person,32,south
p25961,Person,20,north
p25962,Person,59,south
p25963,Person,28,central
p25964,Person,64,north
p25965,Person,47,south
p25966,Person,22,central
p25967,Person,19,west
p25968,Person,37,east
p25969,Person,19,east
p25970,Person,21,central
p25971,Person,65,south
p25972,Person,34,south
p25973,Person,77,south
p25974,Person,20,north
p25975,Person,35,south
p25976,Person,66,central
p25977,Person,32,west
p25978,Person,23,west
p25979,Person,45,south
p25980,Person,22,north
p25981,Person,70,east
p25982,Person,44,east
p25983,Person,40,north
p25984,Person,38,east
p25985,Person,76,central
p25986,Person,32,central
p25987,Person,64,east
p25988,Person,40,south
p25989,Person,29,central
p25990,Person,24,south
p25991,Person,70,east
p25992,Person,72,central
p25993,Person,44,north
p25994,Person,20,central
p25995,Person,49,east
p25996,Person,43,north
p25997,Person,56,east
p25998,Person,74,west
p25999,Person,54,south
p26000,Person,25,south
p26001,Person,68,south
p26002,Person,69,east
p26003,Person,24,south
p26004,Person,44,north
p26005,Person,58,north
p26006,Person,73,north
p26007,Person,54,north
p26008,Person,41,south
p26009,Person,41,south
p26010,Person,62,west
p26011,Person,41,west
p26012,Person,70,west
p26013,Person,62,west
p26014,Person,66,west
p26015,Person,72,west
p26016,Person,52,north
p26017,Person,57,west
p26018,Person,18,west
p26019,Person,59,north
p26020,Person,38,west
p26021,Person,55,central
p26022,Person,46,west
p26023,Person,29,central
p26024,Person,69,east
p26025,Person,49,south
p26026,Person,42,west
p26027,Person,69,north
p26028,Person,59,south
p26029,Person,52,north
p26030,Person,22,north
p26031,Person,42,north
p26032,Person,30,north
p26033,Person,68,north
p26034,Person,69,south
p26035,Person,65,west
p26036,Person,44,north
p26037,Person,76,west
p26038,Person,25,east
p26039,Person,49,central
p26040,Person,77,north
p26041,Person,69,west
p26042,Person,70,east
p26043,Person,24,south
p26044,Person,61,north
p26045,Person,64,central
p26046,Person,48,west
p26047,Person,45,north
p26048,Person,66,south
p26049,Person,18,east
p26050,Person,57,north
p26051,Person,34,east
p26052,Person,54,east
p26053,Person,44,west
p26054,Person,74,central
p26055,Person,20,east
p26056,Person,35,central
p26057,Person,34,west
p26058,Person,56,central
p26059,Person,77,east
p26060,Person,66,central
p26061,Person,49,north
p26062,Person,67,north
p26063,Person,71,south
p26064,Person,62,central
p26065,Person,58,south
p26066,Person,59,central
p26067,Person,36,central
p26068,Person,31,east
p26069,Person,18,west
p26070,Person,33,central
p26071,Person,68,east
p26072,Person,72,south
p26073,Person,23,central
p26074,Person,56,south
p26075,Person,68,north
p26076,Person,40,north
p26077,Person,34,west
p26078,Person,24,west
p26079,Person,64,east
p26080,Person,68,central
p26081,Person,58,east
p26082,Person,39,central
p26083,Person,19,north
p26084,Person,38,east
p26085,Person,42,east
p26086,Person,72,south
p26087,Person,62,central
p26088,Person,67,central
p26089,Person,46,central
p26090,Person,21,west
p26091,Person,44,east
p26092,Person,44,south
p26093,Person,54,south
p26094,Person,77,east
p26095,Person,55,east
p26096,Person,59,east
p26097,Person,76,central
p26098,Person,45,east
p26099,Person,72,east
p26100,Person,53,south
p26101,Person,37,south
p26102,Person,39,south
p26103,Person,51,east
p26104,Person,59,east
p26105,Person,48,north
p26106,Person,68,west
p26107,Person,77,west
p26108,Person,59,north
p26109,Person,76,north
p26110,Person,24,east
p26111,Person,53,west
p26112,Person,55,west
p26113,Person,74,east
p26114,Person,47,west
p26115,Person,48,north
p26116,Person,65,west
p26117,Person,32,central
p26118,Person,76,west
p26119,Person,19,west
p26120,Person,18,south
p26121,Person,70,west
p26122,Person,65,east
p26123,Person,27,central
p26124,Person,43,north
p26125,Person,53,east
p26126,Person,61,north
p26127,Person,68,south
p26128,Person,40,central
p26129,Person,64,east
p26130,Person,71,east
p26131,Person,23,north
p26132,Person,67,south
p26133,Person,25,west
p26134,Person,40,east
p26135,Person,28,north
p26136,Person,49,west
p26137,Person,52,north
p26138,Person,59,south
p26139,Person,38,east
p26140,Person,32,east
p26141,Person,65,central
p26142,Person,75,east
p26143,Person,18,east
p26144,Person,35,central
p26145,Person,51,south
p26146,Person,43,west
p26147,Person,37,north
p26148,Person,53,east
p26149,Person,25,east
p26150,Person,28,east
p26151,Person,24,north
p26152,Person,23,central
p26153,Person,53,south
p26154,Person,52,west
p26155,Person,18,north
p26156,Person,70,west
p26157,Person,61,west
p26158,Person,49,central
p26159,Person,77,central
p26160,Person,63,central
p26161,Person,74,south
p26162,Person,46,north
p26163,Person,71,east
p26164,Person,62,north
p26165,Person,57,south
p26166,Person,64,south
p26167,Person,54,west
p26168,Person,54,west
p26169,Person,55,central
p26170,Person,25,central
p26171,Person,45,south
p26172,Person,54,east
p26173,Person,77,west
p26174,Person,58,east
p26175,Person,61,central
p26176,Person,60,north
p26177,Person,48,west
p26178,Person,36,west
p26179,Person,32,west
p26180,Person,40,central
p26181,Person,50,south
p26182,Person,19,central
p26183,Person,30,north
p26184,Person,40,north
p26185,Person,28,north
p26186,Person,51,south
p26187,Person,44,west
p26188,Person,63,central
p26189,Person,42,south
p26190,Person,37,west
p26191,Person,18,east
p26192,Person,35,central
p26193,Person,55,south
p26194,Person,23,north
p26195,Person,66,east
p26196,Person,23,central
p26197,Person,74,central
p26198,Person,37,north
p26199,Person,68,east
p26200,Person,63,west
p26201,Person,43,south
p26202,Person,74,central
p26203,Person,45,west
p26204,Person,63,south
p26205,Person,76,north
p26206,Person,53,north
p26207,Person,57,east
p26208,Person,45,east
p26209,Person,71,south
p26210,Person,24,west
p26211,Person,18,central
p26212,Person,76,north
p26213,Person,63,east
p26214,Person,66,central
p26215,Person,41,north
p26216,Person,68,central
p26217,Person,35,south
p26218,Person,37,east
p26219,Person,23,central
p26220,Person,60,west
p26221,Person,19,east
p26222,Person,21,north
p26223,Person,64,west
p26224,Person,38,east
p26225,Person,55,south
p26226,Person,53,south
p26227,Person,42,south
p26228,Person,33,south
p26229,Person,45,north
p26230,Person,25,central
p26231,Person,26,south
p26232,Person,23,south
p26233,Person,68,east
p26234,Person,53,east
p26235,Person,46,east
p26236,Person,54,south
p26237,Person,44,west
p26238,Person,73,south
p26239,Person,48,north
p26240,Person,77,central
p26241,Person,56,west
p26242,Person,61,south
p26243,Person,45,east
p26244,Person,49,east
p26245,Person,56,south
p26246,Person,39,central
p26247,Person,77,east
p26248,Person,73,south
p26249,Person,56,west
p26250,Person,27,north
p26251,Person,60,south
p26252,Person,49,west
p26253,Person,54,south
p26254,Person,56,north
p26255,Person,71,east
p26256,Person,62,east
p26257,Person,25,north
p26258,Person,30,north
p26259,Person,75,south
p26260,Person,70,west
p26261,Person,19,central
p26262,Person,37,north
p26263,Person,56,east
p26264,Person,57,east
p26265,Person,44,west
p26266,Person,24,east
p26267,Person,19,central
p26268,Person,70,east
p26269,Person,66,south
p26270,Person,20,west
p26271,Person,68,central
p26272,Person,21,central
p26273,Person,75,north
p26274,Person,71,west
p26275,Person,51,north
p26276,Person,53,south
p26277,Person,26,north
p26278,Person,42,north
p26279,Person,51,north
p26280,Person,57,south
p26281,Person,40,south
p26282,Person,25,north
p26283,Person,45,central
p26284,Person,37,south
p26285,Person,29,east
p26286,Person,50,east
p26287,Person,38,north
p26288,Person,61,east
p26289,Person,72,north
p26290,Person,66,east
p26291,Person,60,south
p26292,Person,41,central
p26293,Person,25,west
p26294,Person,21,east
p26295,Person,20,central
p26296,Person,56,north
p26297,Person,32,north
p26298,Person,25,south
p26299,Person,57,east
p26300,Person,71,south
p26301,Person,64,east
p26302,Person,19,central
p26303,Person,76,north
p26304,Person,71,south
p26305,Person,43,north
p26306,Person,71,south
p26307,Person,43,north
p26308,Person,31,central
p26309,Person,36,central
p26310,Person,49,south
p26311,Person,72,central
p26312,Person,56,south
p26313,Person,30,south
p26314,Person,55,north
p26315,Person,34,south
p26316,Person,42,north
p26317,Person,32,central
p26318,Person,48,east
p26319,Person,22,east
p26320,Person,23,south
p26321,Person,45,east
p26322,Person,38,south
p26323,Person,40,north
p26324,Person,52,west
p26325,Person,48,north
p26326,Person,36,central
p26327,Person,71,west
p26328,Person,33,central
p26329,Person,50,north
p26330,Person,69,south
p26331,Person,62,west
p26332,Person,58,south
p26333,Person,49,west
p26334,Person,49,west
p26335,Person,19,north
p26336,Person,25,north
p26337,Person,48,south
p26338,Person,18,north
p26339,Person,71,south
p26340,Person,25,central
p26341,Person,59,west
p26342,Person,67,west
p26343,Person,77,west
p26344,Person,53,west
p26345,Person,62,south
p26346,Person,75,west
p26347,Person,50,central
p26348,Person,59,central
p26349,Person,57,north
p26350,Person,40,east
p26351,Person,48,south
p26352,Person,26,west
p26353,Person,25,north
p26354,Person,47,north
p26355,Person,26,east
p26356,Person,35,east
p26357,Person,46,east
p26358,Person,72,central
p26359,Person,21,central
p26360,Person,28,west
p26361,Person,61,east
p26362,Person,59,central
p26363,Person,73,central
p26364,Person,77,north
p26365,Person,20,east
p26366,Person,71,west
p26367,Person,53,west
p26368,Person,49,central
p26369,Person,61,south
p26370,Person,54,central
p26371,Person,54,east
p26372,Person,74,north
p26373,Person,60,north
p26374,Person,57,west
p26375,Person,27,south
p26376,Person,48,east
p26377,Person,63,east
p26378,Person,37,south
p26379,Person,72,central
p26380,Person,68,west
p26381,Person,18,central
p26382,Person,21,north
p26383,Person,66,central
p26384,Person,66,east
p26385,Person,71,central
p26386,Person,54,north
p26387,Person,23,east
p26388,Person,69,north
p26389,Person,48,north
p26390,Person,51,east
p26391,Person,50,central
p26392,Person,59,east
p26393,Person,31,west
p26394,Person,60,north
p26395,Person,30,west
p26396,Person,37,west
p26397,Person,72,west
p26398,Person,34,west
p26399,Person,29,east
p26400,Person,54,east
p26401,Person,41,south
p26402,Person,48,north
p26403,Person,22,east
p26404,Person,47,south
p26405,Person,25,central
p26406,Person,47,west
p26407,Person,30,central
p26408,Person,61,west
p26409,Person,53,south
p26410,Person,24,south
p26411,Person,39,central
p26412,Person,44,central
p26413,Person,72,central
p26414,Person,24,central
p26415,Person,39,central
p26416,Person,65,south
p26417,Person,20,central
p26418,Person,46,north
p26419,Person,19,east
p26420,Person,30,west
p26421,Person,33,south
p26422,Person,21,central
p26423,Person,64,east
p26424,Person,26,central
p26425,Person,45,east
p26426,Person,44,west
p26427,Person,25,south
p26428,Person,21,west
p26429,Person,33,east
p26430,Person,58,central
p26431,Person,50,south
p26432,Person,56,south
p26433,Person,32,north
p26434,Person,19,north
p26435,Person,74,west
p26436,Person,37,south
p26437,Person,65,west
p26438,Person,39,north
p26439,Person,49,central
p26440,Person,30,central
p26441,Person,32,south
p26442,Person,59,central
p26443,Person,37,south
p26444,Person,36,north
p26445,Person,73,west
p26446,Person,22,central
p26447,Person,32,central
p26448,Person,36,central
p26449,Person,73,south
p26450,Person,37,east
p26451,Person,32,north
p26452,Person,57,east
p26453,Person,71,west
p26454,Person,71,east
p26455,Person,42,central
p26456,Person,64,east
p26457,Person,20,central
p26458,Person,53,west
p26459,Person,20,east
p26460,Person,56,south
p26461,Person,26,west
p26462,Person,21,south
p26463,Person,39,west
p26464,Person,25,central
p26465,Person,66,east
p26466,Person,65,west
p26467,Person,58,central
p26468,Person,23,west
p26469,Person,67,west
p26470,Person,71,east
p26471,Person,45,south
p26472,Person,60,east
p26473,Person,60,east
p26474,Person,34,central
p26475,Person,65,central
p26476,Person,42,west
p26477,Person,49,east
p26478,Person,72,north
p26479,Person,25,south
p26480,Person,56,south
p26481,Person,68,north
p26482,Person,74,north
p26483,Person,77,north
p26484,Person,71,central
p26485,Person,43,south
p26486,Person,20,north
p26487,Person,76,west
p26488,Person,65,west
p26489,Person,74,east
p26490,Person,56,west
p26491,Person,56,west
p26492,Person,42,west
p26493,Person,58,east
p26494,Person,50,west
p26495,Person,35,north
p26496,Person,33,north
p26497,Person,25,east
p26498,Person,25,east
p26499,Person,22,north
p26500,Person,33,central
p26501,Person,49,south
p26502,Person,65,central
p26503,Person,22,central
p26504,Person,40,central
p26505,Person,35,east
p26506,Person,33,south
p26507,Person,25,central
p26508,Person,26,north
p26509,Person,75,east
p26510,Person,41,west
p26511,Person,76,south
p26512,Person,49,west
p26513,Person,31,south
p26514,Person,43,south
p26515,Person,53,south
p26516,Person,70,west
p26517,Person,45,east
p26518,Person,31,east
p26519,Person,44,central
p26520,Person,56,south
p26521,Person,65,east
p26522,Person,77,north
p26523,Person,42,north
p26524,Person,30,east
p26525,Person,20,east
p26526,Person,58,west
p26527,Person,52,west
p26528,Person,42,east
p26529,Person,40,north
p26530,Person,25,north
p26531,Person,24,central
p26532,Person,57,central
p26533,Person,64,north
p26534,Person,28,central
p26535,Person,45,south
p26536,Person,70,south
p26537,Person,24,central
p26538,Person,22,north
p26539,Person,24,north
p26540,Person,20,south
p26541,Person,54,east
p26542,Person,19,east
p26543,Person,28,central
p26544,Person,54,central
p26545,Person,73,east
p26546,Person,49,central
p26547,Person,35,south
p26548,Person,76,north
p26549,Person,76,central
p26550,Person,32,south
p26551,Person,75,east
p26552,Person,33,west
p26553,Person,61,central
p26554,Person,46,north
p26555,Person,63,central
p26556,Person,40,west
p26557,Person,19,north
p26558,Person,31,east
p26559,Person,23,east
p26560,Person,23,west
p26561,Person,66,central
p26562,Person,42,central
p26563,Person,47,east
p26564,Person,32,east
p26565,Person,19,east
p26566,Person,44,central
p26567,Person,50,west
p26568,Person,27,south
p26569,Person,50,east
p26570,Person,67,north
p26571,Person,28,south
p26572,Person,33,west
p26573,Person,59,north
p26574,Person,54,south
p26575,Person,31,central
p26576,Person,57,east
p26577,Person,74,central
p26578,Person,46,north
p26579,Person,19,east
p26580,Person,74,north
p26581,Person,67,west
p26582,Person,51,south
p26583,Person,20,north
p26584,Person,64,north
p26585,Person,65,east
p26586,Person,73,south
p26587,Person,43,east
p26588,Person,62,south
p26589,Person,37,north
p26590,Person,25,central
p26591,Person,72,south
p26592,Person,27,central
p26593,Person,35,east
p26594,Person,39,north
p26595,Person,36,west
p26596,Person,45,east
p26597,Person,43,south
p26598,Person,69,west
p26599,Person,46,west
p26600,Person,73,south
p26601,Person,34,north
p26602,Person,54,south
p26603,Person,66,west
p26604,Person,46,central
p26605,Person,58,south
p26606,Person,57,east
p26607,Person,58,west
p26608,Person,77,south
p26609,Person,33,north
p26610,Person,37,central
p26611,Person,23,south
p26612,Person,53,east
p26613,Person,77,north
p26614,Person,75,central
p26615,Person,70,south
p26616,Person,60,west
p26617,Person,24,east
p26618,Person,31,east
p26619,Person,70,central
p26620,Person,29,south
p26621,Person,22,south
p26622,Person,32,north
p26623,Person,61,south
p26624,Person,20,north
p26625,Person,56,central
p26626,Person,41,west
p26627,Person,31,south
p26628,Person,18,central
p26629,Person,31,central
p26630,Person,74,south
p26631,Person,52,central
p26632,Person,64,central
p26633,Person,45,north
p26634,Person,26,south
p26635,Person,49,central
p26636,Person,77,central
p26637,Person,68,west
p26638,Person,46,east
p26639,Person,28,west
p26640,Person,53,east
p26641,Person,53,south
p26642,Person,33,central
p26643,Person,66,west
p26644,Person,29,west
p26645,Person,42,central
p26646,Person,24,north
p26647,Person,52,central
p26648,Person,30,central
p26649,Person,18,east
p26650,Person,27,west
p26651,Person,62,east
p26652,Person,37,east
p26653,Person,45,east
p26654,Person,65,central
p26655,Person,74,west
p26656,Person,22,west
p26657,Person,65,north
p26658,Person,25,central
p26659,Person,61,west
p26660,Person,37,south
p26661,Person,22,south
p26662,Person,77,south
p26663,Person,59,north
p26664,Person,52,west
p26665,Person,47,north
p26666,Person,75,south
p26667,Person,39,central
p26668,Person,71,west
p26669,Person,45,east
p26670,Person,73,west
p26671,Person,64,central
p26672,Person,23,west
p26673,Person,31,south
p26674,Person,49,east
p26675,Person,46,central
p26676,Person,39,north
p26677,Person,54,west
p26678,Person,46,south
p26679,Person,62,east
p26680,Person,21,north
p26681,Person,68,east
p26682,Person,26,central
p26683,Person,37,north
p26684,Person,23,north
p26685,Person,23,west
p26686,Person,63,central
p26687,Person,56,east
p26688,Person,21,east
p26689,Person,55,north
p26690,Person,42,east
p26691,Person,19,south
p26692,Person,36,central
p26693,Person,29,west
p26694,Person,51,north
p26695,Person,76,north
p26696,Person,35,east
p26697,Person,56,east
p26698,Person,35,east
p26699,Person,67,south
p26700,Person,36,west
p26701,Person,45,west
p26702,Person,52,west
p26703,Person,71,east
p26704,Person,54,north
p26705,Person,56,west
p26706,Person,23,west
p26707,Person,21,south
p26708,Person,24,west
p26709,Person,50,south
p26710,Person,41,south
p26711,Person,39,west
p26712,Person,60,west
p26713,Person,62,west
p26714,Person,59,south
p26715,Person,24,east
p26716,Person,24,north
p26717,Person,22,west
p26718,Person,31,south
p26719,Person,31,west
p26720,Person,40,east
p26721,Person,19,east
p26722,Person,44,south
p26723,Person,32,east
p26724,Person,76,central
p26725,Person,34,central
p26726,Person,66,east
p26727,Person,36,west
p26728,Person,59,central
p26729,Person,26,south
p26730,Person,19,south
p26731,Person,30,west
p26732,Person,65,central
p26733,Person,53,central
p26734,Person,71,central
p26735,Person,46,south
p26736,Person,66,south
p26737,Person,52,central
p26738,Person,35,west
p26739,Person,48,south
p26740,Person,33,west
p26741,Person,38,east
p26742,Person,74,south
p26743,Person,77,west
p26744,Person,66,north
p26745,Person,48,central
p26746,Person,66,north
p26747,Person,67,west
p26748,Person,48,south
p26749,Person,39,west
p26750,Person,63,north
p26751,Person,34,central
p26752,Person,70,central
p26753,Person,77,south
p26754,Person,51,south
p26755,Person,41,north
p26756,Person,42,central
p26757,Person,58,south
p26758,Person,24,south
p26759,Person,33,central
p26760,Person,29,east
p26761,Person,66,east
p26762,Person,30,east
p26763,Person,65,south
p26764,Person,29,central
p26765,Person,29,east
p26766,Person,67,north
p26767,Person,25,east
p26768,Person,48,east
p26769,Person,44,west
p26770,Person,47,west
p26771,Person,33,west
p26772,Person,59,north
p26773,Person,26,east
p26774,Person,18,east
p26775,Person,65,central
p26776,Person,71,west
p26777,Person,42,central
p26778,Person,23,central
p26779,Person,22,west
p26780,Person,37,west
p26781,Person,39,west
p26782,Person,70,central
p26783,Person,27,central
p26784,Person,77,west
p26785,Person,22,central
p26786,Person,44,south
p26787,Person,58,west
p26788,Person,54,east
p26789,Person,29,east
p26790,Person,31,south
p26791,Person,27,central
p26792,Person,39,north
p26793,Person,37,central
p26794,Person,74,central
p26795,Person,44,central
p26796,Person,69,west
p26797,Person,41,east
p26798,Person,37,north
p26799,Person,32,west
p26800,Person,36,north
p26801,Person,38,south
p26802,Person,48,west
p26803,Person,68,west
p26804,Person,32,west
p26805,Person,44,east
p26806,Person,69,south
p26807,Person,29,east
p26808,Person,44,east
p26809,Person,39,west
p26810,Person,65,north
p26811,Person,31,central
p26812,Person,47,south
p26813,Person,41,south
p26814,Person,48,north
p26815,Person,54,north
p26816,Person,50,west
p26817,Person,41,west
p26818,Person,56,west
p26819,Person,28,north
p26820,Person,44,east
p26821,Person,59,east
p26822,Person,34,east
p26823,Person,58,south
p26824,Person,38,central
p26825,Person,60,north
p26826,Person,49,east
p26827,Person,52,south
p26828,Person,71,west
p26829,Person,64,central
p26830,Person,65,south
p26831,Person,22,central
p26832,Person,29,north
p26833,Person,57,west
p26834,Person,60,central
p26835,Person,21,south
p26836,Person,26,west
p26837,Person,57,central
p26838,Person,30,south
p26839,Person,40,north
p26840,Person,47,north
p26841,Person,67,south
p26842,Person,26,central
p26843,Person,26,east
p26844,Person,65,west
p26845,Person,67,west
p26846,Person,41,north
p26847,Person,39,north
p26848,Person,72,west
p26849,Person,25,south
p26850,Person,41,east
p26851,Person,66,east
p26852,Person,32,west
p26853,Person,57,north
p26854,Person,29,west
p26855,Person,37,west
p26856,Person,40,west
p26857,Person,60,east
p26858,Person,53,north
p26859,Person,18,south
p26860,Person,49,south
p26861,Person,26,east
p26862,Person,47,south
p26863,Person,59,north
p26864,Person,77,east
p26865,Person,32,central
p26866,Person,66,west
p26867,Person,54,west
p26868,Person,76,central
p26869,Person,42,central
p26870,Person,28,north
p26871,Person,53,north
p26872,Person,77,west
p26873,Person,35,central
p26874,Person,45,north
p26875,Person,33,west
p26876,Person,40,west
p26877,Person,24,east
p26878,Person,71,south
p26879,Person,22,west
p26880,Person,41,west
p26881,Person,75,north
p26882,Person,49,east
p26883,Person,34,central
p26884,Person,63,west
p26885,Person,43,central
p26886,Person,41,central
p26887,Person,69,south
p26888,Person,26,central
p26889,Person,52,west
p26890,Person,23,central
p26891,Person,69,west
p26892,Person,43,west
p26893,Person,64,south
p26894,Person,26,south
p26895,Person,46,east
p26896,Person,24,east
p26897,Person,69,south
p26898,Person,39,central
p26899,Person,36,west
p26900,Person,35,south
p26901,Person,39,south
p26902,Person,52,central
p26903,Person,50,north
p26904,Person,69,south
p26905,Person,27,north
p26906,Person,60,central
p26907,Person,50,east
p26908,Person,43,west
p26909,Person,66,central
p26910,Person,59,west
p26911,Person,30,east
p26912,Person,45,south
p26913,Person,58,west
p26914,Person,44,north
p26915,Person,32,east
p26916,Person,22,north
p26917,Person,26,east
p26918,Person,26,north
p26919,Person,43,south
p26920,Person,72,south
p26921,Person,35,east
p26922,Person,66,west
p26923,Person,23,central
p26924,Person,43,east
p26925,Person,32,south
p26926,Person,37,south
p26927,Person,39,west
p26928,Person,64,central
p26929,Person,74,south
p26930,Person,77,south
p26931,Person,40,west
p26932,Person,48,east
p26933,Person,63,central
p26934,Person,62,north
p26935,Person,31,north
p26936,Person,59,east
p26937,Person,36,south
p26938,Person,22,north
p26939,Person,73,west
p26940,Person,32,central
p26941,Person,65,east
p26942,Person,29,central
p26943,Person,72,west
p26944,Person,68,south
p26945,Person,59,north
p26946,Person,60,south
p26947,Person,23,central
p26948,Person,22,east
p26949,Person,72,south
p26950,Person,68,north
p26951,Person,18,north
p26952,Person,72,north
p26953,Person,53,east
p26954,Person,52,south
p26955,Person,32,central
p26956,Person,23,south
p26957,Person,57,north
p26958,Person,20,east
p26959,Person,36,south
p26960,Person,42,north
p26961,Person,47,north
p26962,Person,46,north
p26963,Person,43,west
p26964,Person,23,central
p26965,Person,66,east
p26966,Person,65,central
p26967,Person,34,south
p26968,Person,64,central
p26969,Person,38,central
p26970,Person,55,south
p26971,Person,48,east
p26972,Person,49,east
p26973,Person,72,east
p26974,Person,19,south
p26975,Person,48,north
p26976,Person,41,north
p26977,Person,60,east
p26978,Person,68,east
p26979,Person,42,north
p26980,Person,26,east
p26981,Person,52,south
p26982,Person,40,west
p26983,Person,21,east
p26984,Person,60,north
p26985,Person,59,south
p26986,Person,33,south
p26987,Person,53,east
p26988,Person,31,north
p26989,Person,42,south
p26990,Person,69,central
p26991,Person,36,north
p26992,Person,26,east
p26993,Person,46,east
p26994,Person,45,south
p26995,Person,72,central
p26996,Person,45,south
p26997,Person,29,central
p26998,Person,33,west
p26999,Person,34,north
p27000,Person,37,central
p27001,Person,19,north
p27002,Person,30,central
p27003,Person,27,east
p27004,Person,67,central
p27005,Person,55,east
p27006,Person,49,north
p27007,Person,71,east
p27008,Person,25,central
p27009,Person,37,west
p27010,Person,37,south
p27011,Person,57,central
p27012,Person,19,south
p27013,Person,45,west
p27014,Person,46,central
p27015,Person,22,central
p27016,Person,32,east
p27017,Person,45,east
p27018,Person,46,west
p27019,Person,26,east
p27020,Person,29,west
p27021,Person,70,south
p27022,Person,61,north
p27023,Person,51,east
p27024,Person,47,south
p27025,Person,23,south
p27026,Person,28,north
p27027,Person,50,west
p27028,Person,66,central
p27029,Person,21,west
p27030,Person,26,west
p27031,Person,45,south
p27032,Person,52,west
p27033,Person,24,south
p27034,Person,51,east
p27035,Person,40,west
p27036,Person,18,central
p27037,Person,67,west
p27038,Person,35,west
p27039,Person,65,north
p27040,Person,44,north
p27041,Person,36,east
p27042,Person,65,east
p27043,Person,60,east
p27044,Person,74,south
p27045,Person,37,south
p27046,Person,44,east
p27047,Person,65,east
p27048,Person,75,south
p27049,Person,44,west
p27050,Person,71,central
p27051,Person,74,north
p27052,Person,50,south
p27053,Person,27,north
p27054,Person,45,central
p27055,Person,39,central
p27056,Person,77,central
p27057,Person,72,east
p27058,Person,62,central
p27059,Person,60,central
p27060,Person,30,east
p27061,Person,34,east
p27062,Person,28,north
p27063,Person,67,south
p27064,Person,31,central
p27065,Person,61,south
p27066,Person,75,west
p27067,Person,70,east
p27068,Person,28,north
p27069,Person,75,east
p27070,Person,46,east
p27071,Person,25,south
p27072,Person,76,north
p27073,Person,77,east
p27074,Person,25,central
p27075,Person,48,central
p27076,Person,32,west
p27077,Person,59,south
p27078,Person,20,west
p27079,Person,57,south
p27080,Person,53,south
p27081,Person,18,west
p27082,Person,49,south
p27083,Person,65,central
p27084,Person,18,south
p27085,Person,31,south
p27086,Person,37,north
p27087,Person,58,west
p27088,Person,19,west
p27089,Person,64,west
p27090,Person,65,east
p27091,Person,74,north
p27092,Person,64,east
p27093,Person,69,north
p27094,Person,69,east
p27095,Person,49,west
p27096,Person,23,south
p27097,Person,74,east
p27098,Person,39,east
p27099,Person,32,west
p27100,Person,67,west
p27101,Person,39,south
p27102,Person,34,east
p27103,Person,55,south
p27104,Person,69,west
p27105,Person,63,west
p27106,Person,67,south
p27107,Person,48,west
p27108,Person,77,central
p27109,Person,61,west
p27110,Person,48,north
p27111,Person,64,north
p27112,Person,76,west
p27113,Person,53,south
p27114,Person,27,north
p27115,Person,34,west
p27116,Person,20,central
p27117,Person,33,east
p27118,Person,31,south
p27119,Person,64,north
p27120,Person,46,west
p27121,Person,64,central
p27122,Person,33,east
p27123,Person,49,east
p27124,Person,50,central
p27125,Person,41,west
p27126,Person,23,west
p27127,Person,34,east
p27128,Person,77,east
p27129,Person,46,west
p27130,Person,27,north
p27131,Person,71,south
p27132,Person,33,central
p27133,Person,36,north
p27134,Person,65,central
p27135,Person,40,central
p27136,Person,32,south
p27137,Person,57,north
p27138,Person,51,central
p27139,Person,58,south
p27140,Person,36,east
p27141,Person,45,east
p27142,Person,53,east
p27143,Person,22,central
p27144,Person,59,west
p27145,Person,59,west
p27146,Person,46,north
p27147,Person,53,south
p27148,Person,63,central
p27149,Person,32,south
p27150,Person,77,west
p27151,Person,23,central
p27152,Person,55,north
p27153,Person,72,south
p27154,Person,57,central
p27155,Person,50,south
p27156,Person,62,central
p27157,Person,54,east
p27158,Person,24,north
p27159,Person,19,east
p27160,Person,19,east
p27161,Person,42,west
p27162,Person,61,south
p27163,Person,59,west
p27164,Person,77,east
p27165,Person,60,south
p27166,Person,38,central
p27167,Person,38,south
p27168,Person,22,west
p27169,Person,56,north
p27170,Person,40,central
p27171,Person,37,central
p27172,Person,29,east
p27173,Person,28,east
p27174,Person,65,east
p27175,Person,60,east
p27176,Person,30,central
p27177,Person,20,west
p27178,Person,53,west
p27179,Person,27,south
p27180,Person,67,east
p27181,Person,50,west
p27182,Person,47,central
p27183,Person,47,west
p27184,Person,26,central
p27185,Person,50,north
p27186,Person,74,west
p27187,Person,69,north
p27188,Person,68,east
p27189,Person,61,central
p27190,Person,47,south
p27191,Person,26,north
p27192,Person,74,west
p27193,Person,27,east
p27194,Person,60,central
p27195,Person,74,west
p27196,Person,29,south
p27197,Person,22,north
p27198,Person,35,south
p27199,Person,38,south
p27200,Person,41,north
p27201,Person,46,central
p27202,Person,39,south
p27203,Person,71,west
p27204,Person,68,south
p27205,Person,32,central
p27206,Person,57,central
p27207,Person,20,south
p27208,Person,23,north
p27209,Person,73,east
p27210,Person,27,east
p27211,Person,20,north
p27212,Person,53,east
p27213,Person,57,south
p27214,Person,20,west
p27215,Person,42,south
p27216,Person,28,north
p27217,Person,50,south
p27218,Person,51,west
p27219,Person,71,north
p27220,Person,66,west
p27221,Person,63,south
p27222,Person,44,west
p27223,Person,43,east
p27224,Person,76,central
p27225,Person,59,west
p27226,Person,62,east
p27227,Person,56,east
p27228,Person,38,west
p27229,Person,47,north
p27230,Person,52,east
p27231,Person,35,north
p27232,Person,43,east
p27233,Person,33,west
p27234,Person,48,west
p27235,Person,55,east
p27236,Person,49,central
p27237,Person,76,east
p27238,Person,52,central
p27239,Person,34,north
p27240,Person,22,north
p27241,Person,23,north
p27242,Person,71,west
p27243,Person,50,north
p27244,Person,38,north
p27245,Person,20,east
p27246,Person,65,west
p27247,Person,57,central
p27248,Person,63,west
p27249,Person,21,central
p27250,Person,35,central
p27251,Person,61,south
p27252,Person,55,north
p27253,Person,41,central
p27254,Person,44,south
p27255,Person,37,west
p27256,Person,43,north
p27257,Person,59,south
p27258,Person,76,east
p27259,Person,27,south
p27260,Person,24,east
p27261,Person,19,north
p27262,Person,56,north
p27263,Person,51,south
p27264,Person,76,west
p27265,Person,29,south
p27266,Person,31,central
p27267,Person,77,east
p27268,Person,56,west
p27269,Person,68,east
p27270,Person,36,east
p27271,Person,28,east
p27272,Person,52,north
p27273,Person,31,central
p27274,Person,30,west
p27275,Person,23,central
p27276,Person,68,east
p27277,Person,64,east
p27278,Person,68,central
p27279,Person,34,west
p27280,Person,24,west
p27281,Person,46,central
p27282,Person,61,north
p27283,Person,30,east
p27284,Person,43,central
p27285,Person,50,west
p27286,Person,62,south
p27287,Person,55,north
p27288,Person,37,south
p27289,Person,22,east
p27290,Person,22,central
p27291,Person,77,east
p27292,Person,77,south
p27293,Person,30,south
p27294,Person,75,east
p27295,Person,58,north
p27296,Person,68,west
p27297,Person,38,central
p27298,Person,61,west
p27299,Person,64,west
p27300,Person,35,south
p27301,Person,50,north
p27302,Person,66,west
p27303,Person,48,east
p27304,Person,58,north
p27305,Person,59,south
p27306,Person,22,west
p27307,Person,42,east
p27308,Person,37,east
p27309,Person,36,north
p27310,Person,32,south
p27311,Person,41,south
p27312,Person,57,west
p27313,Person,32,south
p27314,Person,24,central
p27315,Person,19,central
p27316,Person,31,south
p27317,Person,37,central
p27318,Person,18,south
p27319,Person,48,east
p27320,Person,22,west
p27321,Person,67,south
p27322,Person,50,central
p27323,Person,44,west
p27324,Person,65,east
p27325,Person,37,west
p27326,Person,47,east
p27327,Person,54,east
p27328,Person,45,west
p27329,Person,50,central
p27330,Person,75,north
p27331,Person,41,west
p27332,Person,30,north
p27333,Person,30,west
p27334,Person,72,west
p27335,Person,37,east
p27336,Person,21,central
p27337,Person,51,north
p27338,Person,21,central
p27339,Person,65,east
p27340,Person,29,north
p27341,Person,47,west
p27342,Person,50,central
p27343,Person,60,north
p27344,Person,58,south
p27345,Person,19,south
p27346,Person,66,central
p27347,Person,18,north
p27348,Person,44,west
p27349,Person,59,north
p27350,Person,63,east
p27351,Person,28,central
p27352,Person,62,south
p27353,Person,43,south
p27354,Person,44,north
p27355,Person,77,central
p27356,Person,66,west
p27357,Person,59,central
p27358,Person,58,west
p27359,Person,29,central
p27360,Person,45,north
p27361,Person,41,east
p27362,Person,24,east
p27363,Person,71,north
p27364,Person,55,west
p27365,Person,23,west
p27366,Person,72,central
p27367,Person,77,north
p27368,Person,64,east
p27369,Person,70,north
p27370,Person,31,central
p27371,Person,52,east
p27372,Person,43,south
p27373,Person,64,north
p27374,Person,25,central
p27375,Person,74,south
p27376,Person,37,central
p27377,Person,38,east
p27378,Person,73,north
p27379,Person,73,east
p27380,Person,35,north
p27381,Person,25,south
p27382,Person,18,east
p27383,Person,47,east
p27384,Person,18,north
p27385,Person,46,central
p27386,Person,19,north
p27387,Person,52,central
p27388,Person,72,central
p27389,Person,39,east
p27390,Person,48,south
p27391,Person,60,east
p27392,Person,23,south
p27393,Person,59,west
p27394,Person,70,west
p27395,Person,73,south
p27396,Person,35,west
p27397,Person,34,north
p27398,Person,26,central
p27399,Person,58,north
p27400,Person,53,west
p27401,Person,25,north
p27402,Person,23,north
p27403,Person,71,east
p27404,Person,43,west
p27405,Person,22,west
p27406,Person,71,west
p27407,Person,41,central
p27408,Person,73,west
p27409,Person,58,north
p27410,Person,53,central
p27411,Person,77,west
p27412,Person,34,south
p27413,Person,56,north
p27414,Person,19,west
p27415,Person,77,south
p27416,Person,72,west
p27417,Person,32,central
p27418,Person,47,east
p27419,Person,77,south
p27420,Person,59,east
p27421,Person,39,west
p27422,Person,44,west
p27423,Person,21,west
p27424,Person,69,east
p27425,Person,48,north
p27426,Person,76,east
p27427,Person,57,north
p27428,Person,70,east
p27429,Person,64,central
p27430,Person,23,north
p27431,Person,20,east
p27432,Person,47,central
p27433,Person,29,north
p27434,Person,44,east
p27435,Person,41,central
p27436,Person,76,south
p27437,Person,68,south
p27438,Person,39,north
p27439,Person,55,east
p27440,Person,58,east
p27441,Person,69,south
p27442,Person,69,west
p27443,Person,43,west
p27444,Person,77,east
p27445,Person,62,east
p27446,Person,77,central
p27447,Person,56,south
p27448,Person,29,west
p27449,Person,49,north
p27450,Person,71,north
p27451,Person,32,north
p27452,Person,57,central
p27453,Person,42,south
p27454,Person,49,north
p27455,Person,70,east
p27456,Person,64,south
p27457,Person,19,north
p27458,Person,26,west
p27459,Person,56,east
p27460,Person,44,north
p27461,Person,60,west
p27462,Person,75,east
p27463,Person,26,west
p27464,Person,19,central
p27465,Person,32,west
p27466,Person,71,west
p27467,Person,38,north
p27468,Person,37,central
p27469,Person,63,east
p27470,Person,58,north
p27471,Person,51,central
p27472,Person,63,south
p27473,Person,24,central
p27474,Person,67,central
p27475,Person,42,north
p27476,Person,76,central
p27477,Person,26,west
p27478,Person,68,west
p27479,Person,20,central
p27480,Person,51,central
p27481,Person,54,north
p27482,Person,56,south
p27483,Person,24,south
p27484,Person,20,west
p27485,Person,53,east
p27486,Person,77,central
p27487,Person,65,west
p27488,Person,26,south
p27489,Person,75,west
p27490,Person,73,north
p27491,Person,29,south
p27492,Person,59,west
p27493,Person,19,west
p27494,Person,74,south
p27495,Person,33,west
p27496,Person,51,north
p27497,Person,53,south
p27498,Person,62,south
p27499,Person,45,north
p27500,Person,43,north
p27501,Person,46,west
p27502,Person,59,south
p27503,Person,75,north
p27504,Person,77,south
p27505,Person,32,north
p27506,Person,72,west
p27507,Person,46,south
p27508,Person,53,north
p27509,Person,35,north
p27510,Person,62,east
p27511,Person,20,east
p27512,Person,45,south
p27513,Person,32,north
p27514,Person,28,central
p27515,Person,48,central
p27516,Person,58,south
p27517,Person,51,north
p27518,Person,22,north
p27519,Person,65,east
p27520,Person,38,east
p27521,Person,38,central
p27522,Person,62,west
p27523,Person,21,east
p27524,Person,40,south
p27525,Person,22,south
p27526,Person,29,west
p27527,Person,19,central
p27528,Person,36,north
p27529,Person,46,central
p27530,Person,42,east
p27531,Person,32,north
p27532,Person,45,north
p27533,Person,59,west
p27534,Person,50,west
p27535,Person,45,west
p27536,Person,59,south
p27537,Person,45,north
p27538,Person,31,central
p27539,Person,74,central
p27540,Person,70,central
p27541,Person,21,east
p27542,Person,38,east
p27543,Person,52,east
p27544,Person,48,north
p27545,Person,47,south
p27546,Person,31,south
p27547,Person,43,west
p27548,Person,39,south
p27549,Person,58,central
p27550,Person,64,north
p27551,Person,33,central
p27552,Person,39,west
p27553,Person,42,central
p27554,Person,58,south
p27555,Person,42,west
p27556,Person,30,east
p27557,Person,21,east
p27558,Person,43,central
p27559,Person,65,north
p27560,Person,49,north
p27561,Person,64,east
p27562,Person,46,central
p27563,Person,70,west
p27564,Person,29,south
p27565,Person,58,north
p27566,Person,33,central
p27567,Person,37,north
p27568,Person,47,east
p27569,Person,51,east
p27570,Person,46,north
p27571,Person,66,central
p27572,Person,63,north
p27573,Person,31,south
p27574,Person,59,north
p27575,Person,25,north
p27576,Person,70,west
p27577,Person,76,south
p27578,Person,22,central
p27579,Person,67,north
p27580,Person,29,west
p27581,Person,48,central
p27582,Person,66,east
p27583,Person,55,south
p27584,Person,36,north
p27585,Person,33,central
p27586,Person,65,east
p27587,Person,27,central
p27588,Person,69,north
p27589,Person,65,north
p27590,Person,21,north
p27591,Person,30,central
p27592,Person,19,south
p27593,Person,65,north
p27594,Person,28,central
p27595,Person,56,west
p27596,Person,21,east
p27597,Person,37,south
p27598,Person,64,west
p27599,Person,58,east
p27600,Person,62,east
p27601,Person,69,south
p27602,Person,48,west
p27603,Person,37,east
p27604,Person,64,west
p27605,Person,68,north
p27606,Person,48,east
p27607,Person,40,east
p27608,Person,22,central
p27609,Person,60,north
p27610,Person,62,east
p27611,Person,36,south
p27612,Person,35,central
p27613,Person,63,north
p27614,Person,54,north
p27615,Person,65,south
p27616,Person,55,central
p27617,Person,75,west
p27618,Person,50,west
p27619,Person,35,south
p27620,Person,51,south
p27621,Person,58,south
p27622,Person,20,east
p27623,Person,42,north
p27624,Person,42,west
p27625,Person,59,central
p27626,Person,61,east
p27627,Person,53,central
p27628,Person,26,east
p27629,Person,50,east
p27630,Person,56,east
p27631,Person,21,east
p27632,Person,36,north
p27633,Person,45,west
p27634,Person,74,west
p27635,Person,50,north
p27636,Person,53,central
p27637,Person,62,west
p27638,Person,77,central
p27639,Person,33,north
p27640,Person,55,east
p27641,Person,19,south
p27642,Person,74,north
p27643,Person,72,west
p27644,Person,65,central
p27645,Person,47,east
p27646,Person,47,central
p27647,Person,70,north
p27648,Person,72,west
p27649,Person,30,north
p27650,Person,48,east
p27651,Person,77,central
p27652,Person,53,west
p27653,Person,75,west
p27654,Person,25,south
p27655,Person,22,south
p27656,Person,18,west
p27657,Person,27,west
p27658,Person,38,west
p27659,Person,31,north
p27660,Person,65,north
p27661,Person,66,south
p27662,Person,73,east
p27663,Person,64,north
p27664,Person,74,south
p27665,Person,73,west
p27666,Person,29,west
p27667,Person,33,west
p27668,Person,46,west
p27669,Person,48,west
p27670,Person,28,west
p27671,Person,71,west
p27672,Person,67,north
p27673,Person,50,south
p27674,Person,66,east
p27675,Person,48,south
p27676,Person,54,north
p27677,Person,18,south
p27678,Person,68,east
p27679,Person,67,west
p27680,Person,23,central
p27681,Person,41,central
p27682,Person,74,south
p27683,Person,59,east
p27684,Person,57,east
p27685,Person,39,central
p27686,Person,70,east
p27687,Person,60,south
p27688,Person,38,central
p27689,Person,63,central
p27690,Person,46,south
p27691,Person,21,west
p27692,Person,69,west
p27693,Person,21,west
p27694,Person,73,north
p27695,Person,72,north
p27696,Person,51,west
p27697,Person,55,north
p27698,Person,23,north
p27699,Person,68,north
p27700,Person,48,south
p27701,Person,48,north
p27702,Person,77,west
p27703,Person,67,central
p27704,Person,44,central
p27705,Person,29,north
p27706,Person,68,west
p27707,Person,30,north
p27708,Person,74,north
p27709,Person,25,east
p27710,Person,46,central
p27711,Person,22,east
p27712,Person,68,north
p27713,Person,51,north
p27714,Person,51,east
p27715,Person,29,west
p27716,Person,48,south
p27717,Person,29,south
p27718,Person,72,south
p27719,Person,66,east
p27720,Person,43,south
p27721,Person,57,central
p27722,Person,27,south
p27723,Person,53,central
p27724,Person,71,east
p27725,Person,18,west
p27726,Person,60,east
p27727,Person,23,south
p27728,Person,67,central
p27729,Person,33,east
p27730,Person,26,west
p27731,Person,26,east
p27732,Person,18,south
p27733,Person,42,south
p27734,Person,52,central
p27735,Person,44,south
p27736,Person,36,west
p27737,Person,32,central
p27738,Person,56,central
p27739,Person,20,south
p27740,Person,65,south
p27741,Person,59,central
p27742,Person,77,central
p27743,Person,64,central
p27744,Person,27,north
p27745,Person,48,east
p27746,Person,34,central
p27747,Person,68,east
p27748,Person,58,east
p27749,Person,68,south
p27750,Person,39,south
p27751,Person,22,south
p27752,Person,70,east
p27753,Person,18,north
p27754,Person,39,central
p27755,Person,40,north
p27756,Person,55,east
p27757,Person,42,west
p27758,Person,67,south
p27759,Person,22,central
p27760,Person,55,south
p27761,Person,26,central
p27762,Person,42,east
p27763,Person,28,east
p27764,Person,48,south
p27765,Person,38,west
p27766,Person,63,west
p27767,Person,50,south
p27768,Person,41,south
p27769,Person,37,west
p27770,Person,37,south
p27771,Person,49,north
p27772,Person,43,north
p27773,Person,29,central
p27774,Person,32,west
p27775,Person,46,south
p27776,Person,58,north
p27777,Person,20,east
p27778,Person,56,south
p27779,Person,52,east
p27780,Person,55,north
p27781,Person,22,central
p27782,Person,28,south
p27783,Person,23,north
p27784,Person,23,south
p27785,Person,32,central
p27786,Person,55,west
p27787,Person,62,west
p27788,Person,26,central
p27789,Person,19,west
p27790,Person,18,central
p27791,Person,67,west
p27792,Person,68,south
p27793,Person,55,south
p27794,Person,44,south
p27795,Person,73,south
p27796,Person,73,north
p27797,Person,53,south
p27798,Person,39,south
p27799,Person,73,west
p27800,Person,43,south
p27801,Person,23,east
p27802,Person,19,east
p27803,Person,36,west
p27804,Person,74,west
p27805,Person,22,west
p27806,Person,25,north
p27807,Person,70,south
p27808,Person,66,north
p27809,Person,40,east
p27810,Person,77,north
p27811,Person,70,west
p27812,Person,36,east
p27813,Person,31,west
p27814,Person,43,west
p27815,Person,23,west
p27816,Person,47,central
p27817,Person,33,west
p27818,Person,37,west
p27819,Person,50,west
p27820,Person,50,west
p27821,Person,30,south
p27822,Person,60,central
p27823,Person,74,east
p27824,Person,27,central
p27825,Person,22,south
p27826,Person,18,west
p27827,Person,19,west
p27828,Person,27,north
p27829,Person,38,east
p27830,Person,69,south
p27831,Person,68,south
p27832,Person,38,east
p27833,Person,64,north
p27834,Person,59,west
p27835,Person,53,north
p27836,Person,72,west
p27837,Person,62,west
p27838,Person,77,central
p27839,Person,62,central
p27840,Person,73,west
p27841,Person,37,north
p27842,Person,55,north
p27843,Person,44,central
p27844,Person,36,central
p27845,Person,39,north
p27846,Person,74,central
p27847,Person,59,south
p27848,Person,66,east
p27849,Person,58,west
p27850,Person,46,north
p27851,Person,52,north
p27852,Person,31,south
p27853,Person,28,west
p27854,Person,28,south
p27855,Person,71,east
p27856,Person,26,north
p27857,Person,19,north
p27858,Person,74,south
p27859,Person,35,south
p27860,Person,72,north
p27861,Person,41,east
p27862,Person,54,north
p27863,Person,76,west
p27864,Person,73,west
p27865,Person,41,east
p27866,Person,48,north
p27867,Person,23,south
p27868,Person,69,east
p27869,Person,67,north
p27870,Person,48,east
p27871,Person,22,east
p27872,Person,64,east
p27873,Person,35,north
p27874,Person,74,west
p27875,Person,23,south
p27876,Person,54,central
p27877,Person,21,south
p27878,Person,26,east
p27879,Person,39,west
p27880,Person,30,central
p27881,Person,61,central
p27882,Person,59,west
p27883,Person,34,east
p27884,Person,30,east
p27885,Person,22,north
p27886,Person,28,north
p27887,Person,40,north
p27888,Person,76,central
p27889,Person,47,south
p27890,Person,34,west
p27891,Person,21,west
p27892,Person,66,north
p27893,Person,45,north
p27894,Person,75,central
p27895,Person,27,north
p27896,Person,37,south
p27897,Person,58,west
p27898,Person,52,west
p27899,Person,31,east
p27900,Person,23,east
p27901,Person,48,north
p27902,Person,41,west
p27903,Person,51,west
p27904,Person,33,west
p27905,Person,63,east
p27906,Person,57,north
p27907,Person,19,south
p27908,Person,34,central
p27909,Person,38,central
p27910,Person,61,north
p27911,Person,57,west
p27912,Person,31,west
p27913,Person,52,south
p27914,Person,56,west
p27915,Person,76,east
p27916,Person,40,north
p27917,Person,25,central
p27918,Person,50,central
p27919,Person,32,south
p27920,Person,26,south
p27921,Person,74,west
p27922,Person,50,west
p27923,Person,30,south
p27924,Person,51,east
p27925,Person,40,north
p27926,Person,52,central
p27927,Person,60,north
p27928,Person,31,central
p27929,Person,29,east
p27930,Person,20,west
p27931,Person,25,north
p27932,Person,50,west
p27933,Person,47,central
p27934,Person,48,east
p27935,Person,51,south
p27936,Person,69,east
p27937,Person,73,west
p27938,Person,51,north
p27939,Person,33,central
p27940,Person,66,central
p27941,Person,47,east
p27942,Person,24,east
p27943,Person,76,central
p27944,Person,53,north
p27945,Person,43,east
p27946,Person,58,north
p27947,Person,61,east
p27948,Person,42,south
p27949,Person,64,central
p27950,Person,57,west
p27951,Person,53,north
p27952,Person,29,central
p27953,Person,62,west
p27954,Person,52,north
p27955,Person,70,north
p27956,Person,28,central
p27957,Person,54,west
p27958,Person,37,central
p27959,Person,53,west
p27960,Person,74,west
p27961,Person,44,central
p27962,Person,31,west
p27963,Person,71,east
p27964,Person,33,west
p27965,Person,27,central
p27966,Person,31,central
p27967,Person,44,south
p27968,Person,22,west
p27969,Person,76,central
p27970,Person,73,east
p27971,Person,27,south
p27972,Person,47,east
p27973,Person,62,central
p27974,Person,58,central
p27975,Person,35,east
p27976,Person,58,south
p27977,Person,47,south
p27978,Person,19,west
p27979,Person,18,north
p27980,Person,19,central
p27981,Person,28,north
p27982,Person,49,central
p27983,Person,19,central
p27984,Person,54,south
p27985,Person,56,east
p27986,Person,18,north
p27987,Person,46,central
p27988,Person,26,central
p27989,Person,43,south
p27990,Person,32,north
p27991,Person,71,east
p27992,Person,28,west
p27993,Person,70,south
p27994,Person,31,west
p27995,Person,67,east
p27996,Person,57,north
p27997,Person,25,east
p27998,Person,59,north
p27999,Person,71,north
p28000,Person,75,east
p28001,Person,76,central
p28002,Person,26,north
p28003,Person,70,south
p28004,Person,72,west
p28005,Person,22,north
p28006,Person,52,south
p28007,Person,49,west
p28008,Person,20,west
p28009,Person,76,east
p28010,Person,31,south
p28011,Person,62,west
p28012,Person,34,north
p28013,Person,39,west
p28014,Person,55,west
p28015,Person,68,central
p28016,Person,58,central
p28017,Person,24,west
p28018,Person,33,west
p28019,Person,66,central
p28020,Person,59,east
p28021,Person,33,west
p28022,Person,73,north
p28023,Person,22,central
p28024,Person,20,west
p28025,Person,50,east
p28026,Person,68,west
p28027,Person,65,south
p28028,Person,37,west
p28029,Person,58,east
p28030,Person,42,west
p28031,Person,35,central
p28032,Person,59,west
p28033,Person,73,south
p28034,Person,59,east
p28035,Person,58,west
p28036,Person,43,west
p28037,Person,52,south
p28038,Person,44,south
p28039,Person,55,central
p28040,Person,31,north
p28041,Person,40,north
p28042,Person,62,east
p28043,Person,64,south
p28044,Person,66,east
p28045,Person,25,north
p28046,Person,22,west
p28047,Person,25,north
p28048,Person,60,south
p28049,Person,67,central
p28050,Person,35,east
p28051,Person,35,west
p28052,Person,62,south
p28053,Person,21,west
p28054,Person,57,south
p28055,Person,25,central
p28056,Person,20,north
p28057,Person,18,central
p28058,Person,54,south
p28059,Person,49,central
p28060,Person,47,north
p28061,Person,57,west
p28062,Person,75,north
p28063,Person,72,central
p28064,Person,23,north
p28065,Person,30,central
p28066,Person,74,east
p28067,Person,56,north
p28068,Person,25,north
p28069,Person,72,north
p28070,Person,64,west
p28071,Person,21,east
p28072,Person,73,east
p28073,Person,57,south
p28074,Person,49,east
p28075,Person,51,east
p28076,Person,34,north
p28077,Person,22,east
p28078,Person,18,south
p28079,Person,53,south
p28080,Person,69,north
p28081,Person,53,south
p28082,Person,35,east
p28083,Person,53,central
p28084,Person,73,south
p28085,Person,20,central
p28086,Person,53,north
p28087,Person,66,east
p28088,Person,70,east
p28089,Person,43,east
p28090,Person,56,west
p28091,Person,49,west
p28092,Person,49,south
p28093,Person,21,south
p28094,Person,62,west
p28095,Person,25,west
p28096,Person,25,west
p28097,Person,30,east
p28098,Person,58,central
p28099,Person,37,south
p28100,Person,31,east
p28101,Person,60,east
p28102,Person,19,east
p28103,Person,66,west
p28104,Person,20,west
p28105,Person,51,south
p28106,Person,45,central
p28107,Person,77,central
p28108,Person,44,east
p28109,Person,38,north
p28110,Person,30,south
p28111,Person,70,south
p28112,Person,72,north
p28113,Person,37,central
p28114,Person,66,north
p28115,Person,43,west
p28116,Person,76,east
p28117,Person,68,central
p28118,Person,19,north
p28119,Person,45,central
p28120,Person,68,central
p28121,Person,43,west
p28122,Person,68,west
p28123,Person,64,central
p28124,Person,60,south
p28125,Person,60,central
p28126,Person,34,west
p28127,Person,18,south
p28128,Person,74,south
p28129,Person,46,central
p28130,Person,49,north
p28131,Person,69,west
p28132,Person,70,south
p28133,Person,73,central
p28134,Person,42,north
p28135,Person,55,west
p28136,Person,65,south
p28137,Person,46,east
p28138,Person,25,east
p28139,Person,18,east
p28140,Person,30,east
p28141,Person,54,south
p28142,Person,60,west
p28143,Person,57,west
p28144,Person,31,east
p28145,Person,22,east
p28146,Person,77,north
p28147,Person,20,central
p28148,Person,76,central
p28149,Person,32,central
p28150,Person,48,north
p28151,Person,59,west
p28152,Person,54,south
p28153,Person,27,south
p28154,Person,36,east
p28155,Person,46,north
p28156,Person,25,east
p28157,Person,27,south
p28158,Person,18,central
p28159,Person,62,north
p28160,Person,77,south
p28161,Person,53,south
p28162,Person,48,east
p28163,Person,54,north
p28164,Person,72,west
p28165,Person,77,north
p28166,Person,19,east
p28167,Person,42,south
p28168,Person,62,central
p28169,Person,74,east
p28170,Person,31,west
p28171,Person,61,east
p28172,Person,27,west
p28173,Person,51,central
p28174,Person,21,north
p28175,Person,33,north
p28176,Person,35,central
p28177,Person,25,central
p28178,Person,34,north
p28179,Person,76,east
p28180,Person,66,west
p28181,Person,64,east
p28182,Person,45,south
p28183,Person,35,south
p28184,Person,70,west
p28185,Person,23,west
p28186,Person,63,north
p28187,Person,72,central
p28188,Person,51,north
p28189,Person,51,west
p28190,Person,59,west
p28191,Person,54,south
p28192,Person,45,south
p28193,Person,66,south
p28194,Person,45,east
p28195,Person,29,north
p28196,Person,58,north
p28197,Person,34,south
p28198,Person,44,north
p28199,Person,76,north
p28200,Person,76,central
p28201,Person,53,east
p28202,Person,59,south
p28203,Person,61,east
p28204,Person,66,west
p28205,Person,36,south
p28206,Person,73,east
p28207,Person,25,central
p28208,Person,45,east
p28209,Person,63,north
p28210,Person,21,west
p28211,Person,54,north
p28212,Person,77,south
p28213,Person,65,north
p28214,Person,49,north
p28215,Person,22,west
p28216,Person,22,north
p28217,Person,68,east
p28218,Person,49,south
p28219,Person,74,central
p28220,Person,60,north
p28221,Person,61,central
p28222,Person,24,south
p28223,Person,39,west
p28224,Person,45,east
p28225,Person,24,west
p28226,Person,22,south
p28227,Person,73,central
p28228,Person,56,north
p28229,Person,39,west
p28230,Person,60,east
p28231,Person,38,west
p28232,Person,31,central
p28233,Person,48,south
p28234,Person,37,south
p28235,Person,34,west
p28236,Person,72,east
p28237,Person,63,west
p28238,Person,28,west
p28239,Person,32,west
p28240,Person,48,north
p28241,Person,73,central
p28242,Person,52,north
p28243,Person,43,south
p28244,Person,63,west
p28245,Person,68,north
p28246,Person,45,east
p28247,Person,45,west
p28248,Person,20,west
p28249,Person,70,south
p28250,Person,58,east
p28251,Person,73,north
p28252,Person,63,east
p28253,Person,29,south
p28254,Person,70,south
p28255,Person,29,north
p28256,Person,42,north
p28257,Person,52,east
p28258,Person,62,north
p28259,Person,33,east
p28260,Person,59,south
p28261,Person,41,west
p28262,Person,37,central
p28263,Person,23,west
p28264,Person,20,central
p28265,Person,53,east
p28266,Person,75,west
p28267,Person,49,north
p28268,Person,67,east
p28269,Person,41,west
p28270,Person,65,north
p28271,Person,55,central
p28272,Person,61,north
p28273,Person,75,east
p28274,Person,36,west
p28275,Person,37,east
p28276,Person,41,south
p28277,Person,30,west
p28278,Person,75,east
p28279,Person,56,north
p28280,Person,37,west
p28281,Person,35,east
p28282,Person,36,central
p28283,Person,57,east
p28284,Person,25,east
p28285,Person,48,east
p28286,Person,62,west
p28287,Person,63,south
p28288,Person,31,east
p28289,Person,50,south
p28290,Person,67,east
p28291,Person,74,west
p28292,Person,23,north
p28293,Person,24,north
p28294,Person,48,central
p28295,Person,56,south
p28296,Person,20,south
p28297,Person,61,east
p28298,Person,21,west
p28299,Person,45,north
p28300,Person,18,east
p28301,Person,51,north
p28302,Person,33,west
p28303,Person,74,west
p28304,Person,30,east
p28305,Person,28,west
p28306,Person,28,central
p28307,Person,73,east
p28308,Person,45,north
p28309,Person,25,north
p28310,Person,77,east
p28311,Person,66,north
p28312,Person,54,west
p28313,Person,34,north
p28314,Person,35,south
p28315,Person,67,north
p28316,Person,26,south
p28317,Person,23,south
p28318,Person,24,north
p28319,Person,50,central
p28320,Person,36,west
p28321,Person,68,west
p28322,Person,39,south
p28323,Person,38,north
p28324,Person,75,west
p28325,Person,33,north
p28326,Person,73,east
p28327,Person,53,east
p28328,Person,37,west
p28329,Person,20,central
p28330,Person,64,east
p28331,Person,26,south
p28332,Person,18,north
p28333,Person,48,central
p28334,Person,72,south
p28335,Person,42,east
p28336,Person,46,north
p28337,Person,75,south
p28338,Person,60,south
p28339,Person,64,central
p28340,Person,59,north
p28341,Person,68,north
p28342,Person,67,east
p28343,Person,52,west
p28344,Person,44,central
p28345,Person,62,central
p28346,Person,43,north
p28347,Person,21,east
p28348,Person,41,east
p28349,Person,43,central
p28350,Person,68,central
p28351,Person,33,central
p28352,Person,25,north
p28353,Person,28,south
p28354,Person,63,east
p28355,Person,24,central
p28356,Person,24,west
p28357,Person,45,south
p28358,Person,63,north
p28359,Person,69,west
p28360,Person,52,west
p28361,Person,64,west
p28362,Person,73,south
p28363,Person,21,west
p28364,Person,44,central
p28365,Person,28,west
p28366,Person,21,east
p28367,Person,41,south
p28368,Person,25,north
p28369,Person,51,east
p28370,Person,20,south
p28371,Person,60,south
p28372,Person,61,north
p28373,Person,54,east
p28374,Person,36,south
p28375,Person,56,central
p28376,Person,34,east
p28377,Person,61,central
p28378,Person,47,central
p28379,Person,39,west
p28380,Person,59,south
p28381,Person,76,east
p28382,Person,27,south
p28383,Person,53,east
p28384,Person,45,east
p28385,Person,25,east
p28386,Person,30,south
p28387,Person,19,central
p28388,Person,29,east
p28389,Person,73,south
p28390,Person,45,north
p28391,Person,29,east
p28392,Person,61,east
p28393,Person,18,south
p28394,Person,34,east
p28395,Person,51,north
p28396,Person,27,east
p28397,Person,41,east
p28398,Person,43,south
p28399,Person,31,west
p28400,Person,58,north
p28401,Person,23,west
p28402,Person,66,east
p28403,Person,61,south
p28404,Person,51,south
p28405,Person,46,central
p28406,Person,21,east
p28407,Person,65,north
p28408,Person,18,east
p28409,Person,33,central
p28410,Person,47,west
p28411,Person,67,north
p28412,Person,18,west
p28413,Person,69,north
p28414,Person,33,south
p28415,Person,66,east
p28416,Person,19,east
p28417,Person,54,east
p28418,Person,24,north
p28419,Person,51,central
p28420,Person,76,south
p28421,Person,31,central
p28422,Person,38,north
p28423,Person,39,north
p28424,Person,39,north
p28425,Person,33,south
p28426,Person,38,south
p28427,Person,61,east
p28428,Person,52,west
p28429,Person,31,central
p28430,Person,32,south
p28431,Person,42,south
p28432,Person,29,south
p28433,Person,34,east
p28434,Person,74,north
p28435,Person,42,central
p28436,Person,46,central
p28437,Person,65,west
p28438,Person,21,south
p28439,Person,51,south
p28440,Person,77,south
p28441,Person,36,west
p28442,Person,50,central
p28443,Person,55,west
p28444,Person,68,west
p28445,Person,33,central
p28446,Person,23,central
p28447,Person,53,west
p28448,Person,28,central
p28449,Person,74,south
p28450,Person,48,south
p28451,Person,51,central
p28452,Person,51,north
p28453,Person,24,north
p28454,Person,28,central
p28455,Person,68,east
p28456,Person,44,north
p28457,Person,47,south
p28458,Person,36,east
p28459,Person,55,west
p28460,Person,22,central
p28461,Person,38,south
p28462,Person,48,central
p28463,Person,42,north
p28464,Person,70,east
p28465,Person,23,west
p28466,Person,73,south
p28467,Person,48,east
p28468,Person,54,north
p28469,Person,21,east
p28470,Person,45,west
p28471,Person,36,east
p28472,Person,38,central
p28473,Person,32,south
p28474,Person,20,central
p28475,Person,42,south
p28476,Person,18,central
p28477,Person,53,central
p28478,Person,58,south
p28479,Person,53,central
p28480,Person,66,south
p28481,Person,64,north
p28482,Person,36,north
p28483,Person,62,north
p28484,Person,41,north
p28485,Person,66,west
p28486,Person,30,central
p28487,Person,75,east
p28488,Person,27,central
p28489,Person,30,north
p28490,Person,29,east
p28491,Person,42,central
p28492,Person,70,west
p28493,Person,57,central
p28494,Person,19,central
p28495,Person,35,north
p28496,Person,70,west
p28497,Person,49,central
p28498,Person,62,central
p28499,Person,65,central
p28500,Person,61,north
p28501,Person,65,east
p28502,Person,35,west
p28503,Person,36,south
p28504,Person,23,north
p28505,Person,68,central
p28506,Person,26,west
p28507,Person,23,north
p28508,Person,56,central
p28509,Person,29,east
p28510,Person,47,east
p28511,Person,68,west
p28512,Person,43,west
p28513,Person,35,central
p28514,Person,49,north
p28515,Person,32,north
p28516,Person,58,east
p28517,Person,27,north
p28518,Person,33,central
p28519,Person,45,central
p28520,Person,43,central
p28521,Person,49,west
p28522,Person,61,west
p28523,Person,28,east
p28524,Person,43,east
p28525,Person,39,south
p28526,Person,41,south
p28527,Person,23,west
p28528,Person,39,central
p28529,Person,45,north
p28530,Person,55,central
p28531,Person,47,east
p28532,Person,30,east
p28533,Person,25,west
p28534,Person,58,east
p28535,Person,30,west
p28536,Person,51,east
p28537,Person,34,central
p28538,Person,42,central
p28539,Person,57,north
p28540,Person,29,north
p28541,Person,56,west
p28542,Person,55,south
p28543,Person,52,central
p28544,Person,59,south
p28545,Person,45,west
p28546,Person,68,north
p28547,Person,50,central
p28548,Person,64,west
p28549,Person,25,west
p28550,Person,73,north
p28551,Person,56,south
p28552,Person,62,south
p28553,Person,67,north
p28554,Person,23,south
p28555,Person,28,north
p28556,Person,28,south
p28557,Person,18,west
p28558,Person,39,north
p28559,Person,71,north
p28560,Person,61,south
p28561,Person,63,south
p28562,Person,64,east
p28563,Person,62,north
p28564,Person,40,south
p28565,Person,61,west
p28566,Person,41,south
p28567,Person,66,north
p28568,Person,62,south
p28569,Person,32,east
p28570,Person,20,west
p28571,Person,45,north
p28572,Person,35,south
p28573,Person,61,east
p28574,Person,22,south
p28575,Person,21,east
p28576,Person,25,central
p28577,Person,59,south
p28578,Person,67,east
p28579,Person,24,central
p28580,Person,47,east
p28581,Person,71,south
p28582,Person,70,north
p28583,Person,44,south
p28584,Person,70,south
p28585,Person,26,north
p28586,Person,35,west
p28587,Person,45,east
p28588,Person,64,central
p28589,Person,42,east
p28590,Person,73,west
p28591,Person,75,south
p28592,Person,65,north
p28593,Person,70,north
p28594,Person,52,central
p28595,Person,31,east
p28596,Person,32,south
p28597,Person,23,south
p28598,Person,21,south
p28599,Person,65,south
p28600,Person,41,east
p28601,Person,22,north
p28602,Person,61,east
p28603,Person,31,east
p28604,Person,71,central
p28605,Person,27,west
p28606,Person,33,central
p28607,Person,44,central
p28608,Person,28,east
p28609,Person,56,north
p28610,Person,43,south
p28611,Person,20,south
p28612,Person,38,south
p28613,Person,60,east
p28614,Person,28,west
p28615,Person,25,central
p28616,Person,77,west
p28617,Person,27,east
p28618,Person,49,south
p28619,Person,53,north
p28620,Person,24,central
p28621,Person,57,south
p28622,Person,73,east
p28623,Person,27,south
p28624,Person,68,east
p28625,Person,69,south
p28626,Person,76,south
p28627,Person,30,north
p28628,Person,32,north
p28629,Person,33,south
p28630,Person,74,east
p28631,Person,27,central
p28632,Person,31,west
p28633,Person,70,central
p28634,Person,71,north
p28635,Person,18,south
p28636,Person,18,east
p28637,Person,67,east
p28638,Person,30,north
p28639,Person,30,east
p28640,Person,41,east
p28641,Person,43,east
p28642,Person,48,north
p28643,Person,20,south
p28644,Person,76,central
p28645,Person,52,east
p28646,Person,51,central
p28647,Person,62,west
p28648,Person,53,north
p28649,Person,69,east
p28650,Person,76,central
p28651,Person,19,south
p28652,Person,47,north
p28653,Person,53,central
p28654,Person,32,north
p28655,Person,18,central
p28656,Person,73,east
p28657,Person,20,west
p28658,Person,43,west
p28659,Person,18,south
p28660,Person,30,east
p28661,Person,57,east
p28662,Person,18,east
p28663,Person,47,north
p28664,Person,47,east
p28665,Person,50,central
p28666,Person,26,south
p28667,Person,68,west
p28668,Person,21,south
p28669,Person,50,west
p28670,Person,67,north
p28671,Person,47,north
p28672,Person,19,east
p28673,Person,60,north
p28674,Person,61,south
p28675,Person,52,west
p28676,Person,40,central
p28677,Person,65,west
p28678,Person,31,east
p28679,Person,64,central
p28680,Person,33,central
p28681,Person,21,north
p28682,Person,27,south
p28683,Person,40,central
p28684,Person,71,north
p28685,Person,71,west
p28686,Person,37,central
p28687,Person,29,east
p28688,Person,48,north
p28689,Person,49,east
p28690,Person,18,central
p28691,Person,57,central
p28692,Person,77,east
p28693,Person,30,east
p28694,Person,28,central
p28695,Person,53,north
p28696,Person,55,east
p28697,Person,51,central
p28698,Person,59,east
p28699,Person,65,central
p28700,Person,34,north
p28701,Person,53,central
p28702,Person,33,west
p28703,Person,43,north
p28704,Person,48,central
p28705,Person,19,east
p28706,Person,63,central
p28707,Person,73,east
p28708,Person,22,west
p28709,Person,19,south
p28710,Person,58,south
p28711,Person,69,central
p28712,Person,73,central
p28713,Person,24,south
p28714,Person,22,central
p28715,Person,27,east
p28716,Person,61,north
p28717,Person,57,north
p28718,Person,72,central
p28719,Person,27,west
p28720,Person,56,east
p28721,Person,42,north
p28722,Person,65,central
p28723,Person,73,north
p28724,Person,32,central
p28725,Person,26,east
p28726,Person,19,north
p28727,Person,23,central
p28728,Person,57,central
p28729,Person,31,east
p28730,Person,45,west
p28731,Person,54,central
p28732,Person,47,east
p28733,Person,27,north
p28734,Person,64,north
p28735,Person,31,west
p28736,Person,24,east
p28737,Person,31,east
p28738,Person,56,west
p28739,Person,75,central
p28740,Person,40,west
p28741,Person,69,central
p28742,Person,35,south
p28743,Person,38,central
p28744,Person,46,east
p28745,Person,69,central
p28746,Person,43,east
p28747,Person,57,west
p28748,Person,33,north
p28749,Person,19,central
p28750,Person,38,west
p28751,Person,70,south
p28752,Person,44,central
p28753,Person,57,east
p28754,Person,57,south
p28755,Person,38,east
p28756,Person,54,central
p28757,Person,76,south
p28758,Person,25,south
p28759,Person,69,west
p28760,Person,35,central
p28761,Person,68,north
p28762,Person,28,north
p28763,Person,34,east
p28764,Person,71,west
p28765,Person,21,west
p28766,Person,46,central
p28767,Person,68,north
p28768,Person,60,west
p28769,Person,28,east
p28770,Person,27,west
p28771,Person,33,south
p28772,Person,42,north
p28773,Person,77,east
p28774,Person,55,west
p28775,Person,76,central
p28776,Person,26,east
p28777,Person,62,central
p28778,Person,60,east
p28779,Person,51,south
p28780,Person,33,west
p28781,Person,25,south
p28782,Person,56,west
p28783,Person,48,south
p28784,Person,44,north
p28785,Person,76,south
p28786,Person,46,south
p28787,Person,27,central
p28788,Person,57,central
p28789,Person,28,west
p28790,Person,72,east
p28791,Person,27,west
p28792,Person,34,south
p28793,Person,38,central
p28794,Person,68,west
p28795,Person,62,south
p28796,Person,72,central
p28797,Person,32,north
p28798,Person,62,south
p28799,Person,33,east
p28800,Person,57,north
p28801,Person,26,west
p28802,Person,60,central
p28803,Person,19,south
p28804,Person,63,south
p28805,Person,33,north
p28806,Person,70,north
p28807,Person,32,north
p28808,Person,30,south
p28809,Person,64,north
p28810,Person,19,north
p28811,Person,26,east
p28812,Person,75,south
p28813,Person,77,west
p28814,Person,20,west
p28815,Person,36,east
p28816,Person,26,south
p28817,Person,64,central
p28818,Person,69,west
p28819,Person,69,north
p28820,Person,73,west
p28821,Person,29,central
p28822,Person,61,east
p28823,Person,50,south
p28824,Person,31,west
p28825,Person,62,west
p28826,Person,19,east
p28827,Person,63,north
p28828,Person,44,south
p28829,Person,46,south
p28830,Person,48,east
p28831,Person,68,west
p28832,Person,77,east
p28833,Person,34,west
p28834,Person,44,south
p28835,Person,45,south
p28836,Person,64,south
p28837,Person,33,west
p28838,Person,37,east
p28839,Person,30,north
p28840,Person,63,central
p28841,Person,61,north
p28842,Person,59,north
p28843,Person,58,south
p28844,Person,51,east
p28845,Person,31,west
p28846,Person,20,north
p28847,Person,76,west
p28848,Person,74,west
p28849,Person,25,central
p28850,Person,60,central
p28851,Person,22,west
p28852,Person,40,west
p28853,Person,21,north
p28854,Person,73,central
p28855,Person,77,east
p28856,Person,33,north
p28857,Person,22,east
p28858,Person,76,east
p28859,Person,67,north
p28860,Person,46,south
p28861,Person,32,west
p28862,Person,54,west
p28863,Person,57,east
p28864,Person,50,west
p28865,Person,29,east
p28866,Person,52,west
p28867,Person,52,south
p28868,Person,42,west
p28869,Person,26,north
p28870,Person,64,south
p28871,Person,53,north
p28872,Person,36,west
p28873,Person,22,south
p28874,Person,36,north
p28875,Person,75,north
p28876,Person,54,south
p28877,Person,22,west
p28878,Person,73,east
p28879,Person,62,south
p28880,Person,60,south
p28881,Person,72,east
p28882,Person,35,east
p28883,Person,42,north
p28884,Person,18,west
p28885,Person,63,east
p28886,Person,63,east
p28887,Person,21,east
p28888,Person,75,central
p28889,Person,21,west
p28890,Person,75,central
p28891,Person,35,west
p28892,Person,18,north
p28893,Person,42,east
p28894,Person,44,central
p28895,Person,71,west
p28896,Person,19,west
p28897,Person,70,south
p28898,Person,24,central
p28899,Person,68,west
p28900,Person,73,north
p28901,Person,56,central
p28902,Person,52,south
p28903,Person,33,west
p28904,Person,25,central
p28905,Person,69,central
p28906,Person,46,south
p28907,Person,75,central
p28908,Person,71,north
p28909,Person,20,west
p28910,Person,27,central
p28911,Person,48,north
p28912,Person,56,west
p28913,Person,33,south
p28914,Person,28,north
p28915,Person,22,north
p28916,Person,52,central
p28917,Person,23,west
p28918,Person,29,central
p28919,Person,44,west
p28920,Person,67,central
p28921,Person,75,west
p28922,Person,30,south
p28923,Person,29,south
p28924,Person,31,north
p28925,Person,45,west
p28926,Person,56,central
p28927,Person,76,east
p28928,Person,51,north
p28929,Person,36,north
p28930,Person,32,east
p28931,Person,61,east
p28932,Person,51,central
p28933,Person,76,north
p28934,Person,47,west
p28935,Person,18,east
p28936,Person,72,north
p28937,Person,47,central
p28938,Person,55,north
p28939,Person,32,central
p28940,Person,76,north
p28941,Person,27,west
p28942,Person,73,east
p28943,Person,48,central
p28944,Person,57,north
p28945,Person,55,central
p28946,Person,60,central
p28947,Person,67,north
p28948,Person,23,west
p28949,Person,65,north
p28950,Person,71,east
p28951,Person,42,west
p28952,Person,24,west
p28953,Person,32,west
p28954,Person,55,east
p28955,Person,76,central
p28956,Person,55,central
p28957,Person,52,south
p28958,Person,33,east
p28959,Person,68,east
p28960,Person,35,east
p28961,Person,19,south
p28962,Person,70,west
p28963,Person,73,central
p28964,Person,19,north
p28965,Person,76,south
p28966,Person,76,west
p28967,Person,68,south
p28968,Person,52,north
p28969,Person,35,south
p28970,Person,30,west
p28971,Person,70,east
p28972,Person,30,east
p28973,Person,70,south
p28974,Person,67,central
p28975,Person,69,central
p28976,Person,19,north
p28977,Person,38,south
p28978,Person,63,south
p28979,Person,27,central
p28980,Person,23,east
p28981,Person,43,east
p28982,Person,74,south
p28983,Person,29,north
p28984,Person,70,west
p28985,Person,28,south
p28986,Person,53,south
p28987,Person,23,central
p28988,Person,24,north
p28989,Person,22,west
p28990,Person,40,south
p28991,Person,38,central
p28992,Person,60,west
p28993,Person,35,south
p28994,Person,54,south
p28995,Person,18,south
p28996,Person,58,south
p28997,Person,67,north
p28998,Person,73,north
p28999,Person,32,south
p29000,Person,34,east
p29001,Person,30,south
p29002,Person,54,north
p29003,Person,64,central
p29004,Person,37,north
p29005,Person,54,east
p29006,Person,18,west
p29007,Person,68,west
p29008,Person,40,central
p29009,Person,77,west
p29010,Person,41,south
p29011,Person,75,west
p29012,Person,72,west
p29013,Person,54,south
p29014,Person,74,east
p29015,Person,22,north
p29016,Person,52,south
p29017,Person,43,north
p29018,Person,67,south
p29019,Person,50,south
p29020,Person,75,south
p29021,Person,35,north
p29022,Person,27,east
p29023,Person,21,north
p29024,Person,60,east
p29025,Person,40,north
p29026,Person,30,south
p29027,Person,45,east
p29028,Person,47,south
p29029,Person,25,west
p29030,Person,38,central
p29031,Person,51,west
p29032,Person,36,east
p29033,Person,51,west
p29034,Person,39,south
p29035,Person,27,central
p29036,Person,39,central
p29037,Person,28,west
p29038,Person,34,south
p29039,Person,45,west
p29040,Person,26,south
p29041,Person,35,east
p29042,Person,21,north
p29043,Person,48,east
p29044,Person,43,north
p29045,Person,23,east
p29046,Person,19,east
p29047,Person,29,south
p29048,Person,75,south
p29049,Person,33,central
p29050,Person,59,north
p29051,Person,64,north
p29052,Person,56,central
p29053,Person,73,south
p29054,Person,33,west
p29055,Person,39,north
p29056,Person,29,central
p29057,Person,66,east
p29058,Person,59,west
p29059,Person,76,east
p29060,Person,29,east
p29061,Person,54,central
p29062,Person,64,north
p29063,Person,21,south
p29064,Person,45,east
p29065,Person,59,east
p29066,Person,72,west
p29067,Person,20,west
p29068,Person,35,central
p29069,Person,37,east
p29070,Person,34,central
p29071,Person,32,east
p29072,Person,46,north
p29073,Person,70,south
p29074,Person,28,north
p29075,Person,77,north
p29076,Person,74,east
p29077,Person,26,south
p29078,Person,31,central
p29079,Person,55,east
p29080,Person,30,north
p29081,Person,29,west
p29082,Person,54,central
p29083,Person,40,west
p29084,Person,48,north
p29085,Person,50,north
p29086,Person,64,east
p29087,Person,54,west
p29088,Person,69,east
p29089,Person,26,central
p29090,Person,46,east
p29091,Person,56,west
p29092,Person,28,south
p29093,Person,58,west
p29094,Person,30,west
p29095,Person,70,west
p29096,Person,75,north
p29097,Person,60,north
p29098,Person,32,central
p29099,Person,57,north
p29100,Person,50,central
p29101,Person,65,central
p29102,Person,26,north
p29103,Person,38,west
p29104,Person,62,central
p29105,Person,45,north
p29106,Person,50,central
p29107,Person,46,central
p29108,Person,53,east
p29109,Person,50,central
p29110,Person,35,east
p29111,Person,57,east
p29112,Person,61,west
p29113,Person,71,central
p29114,Person,35,east
p29115,Person,31,central
p29116,Person,29,east
p29117,Person,22,east
p29118,Person,46,central
p29119,Person,48,north
p29120,Person,58,east
p29121,Person,18,central
p29122,Person,48,east
p29123,Person,23,north
p29124,Person,56,east
p29125,Person,39,east
p29126,Person,62,west
p29127,Person,27,north
p29128,Person,74,central
p29129,Person,73,south
p29130,Person,25,east
p29131,Person,45,north
p29132,Person,74,west
p29133,Person,64,central
p29134,Person,64,central
p29135,Person,65,west
p29136,Person,77,north
p29137,Person,76,west
p29138,Person,44,south
p29139,Person,66,north
p29140,Person,32,south
p29141,Person,29,central
p29142,Person,29,south
p29143,Person,53,south
p29144,Person,27,central
p29145,Person,44,east
p29146,Person,56,west
p29147,Person,41,west
p29148,Person,70,east
p29149,Person,68,south
p29150,Person,47,south
p29151,Person,63,south
p29152,Person,23,north
p29153,Person,62,west
p29154,Person,70,east
p29155,Person,71,south
p29156,Person,59,central
p29157,Person,54,central
p29158,Person,52,west
p29159,Person,50,west
p29160,Person,19,west
p29161,Person,59,north
p29162,Person,63,central
p29163,Person,63,central
p29164,Person,72,north
p29165,Person,45,west
p29166,Person,31,east
p29167,Person,25,central
p29168,Person,50,central
p29169,Person,18,central
p29170,Person,56,east
p29171,Person,52,east
p29172,Person,43,east
p29173,Person,48,east
p29174,Person,25,central
p29175,Person,67,south
p29176,Person,61,north
p29177,Person,32,south
p29178,Person,76,south
p29179,Person,74,north
p29180,Person,66,north
p29181,Person,46,north
p29182,Person,60,east
p29183,Person,38,north
p29184,Person,60,south
p29185,Person,21,south
p29186,Person,41,east
p29187,Person,59,south
p29188,Person,58,north
p29189,Person,68,south
p29190,Person,71,east
p29191,Person,34,south
p29192,Person,72,central
p29193,Person,52,east
p29194,Person,28,north
p29195,Person,32,east
p29196,Person,35,west
p29197,Person,75,south
p29198,Person,60,east
p29199,Person,25,north
p29200,Person,30,west
p29201,Person,36,east
p29202,Person,75,east
p29203,Person,59,east
p29204,Person,35,central
p29205,Person,22,north
p29206,Person,19,south
p29207,Person,41,central
p29208,Person,67,west
p29209,Person,31,north
p29210,Person,75,south
p29211,Person,36,west
p29212,Person,71,central
p29213,Person,21,east
p29214,Person,75,south
p29215,Person,20,north
p29216,Person,23,north
p29217,Person,22,south
p29218,Person,29,west
p29219,Person,37,west
p29220,Person,54,south
p29221,Person,65,north
p29222,Person,35,west
p29223,Person,28,north
p29224,Person,20,west
p29225,Person,40,north
p29226,Person,75,east
p29227,Person,77,north
p29228,Person,64,south
p29229,Person,75,west
p29230,Person,60,west
p29231,Person,37,south
p29232,Person,26,west
p29233,Person,47,central
p29234,Person,23,north
p29235,Person,25,south
p29236,Person,55,west
p29237,Person,50,central
p29238,Person,26,east
p29239,Person,31,central
p29240,Person,30,central
p29241,Person,31,south
p29242,Person,58,east
p29243,Person,43,south
p29244,Person,70,west
p29245,Person,72,west
p29246,Person,52,north
p29247,Person,71,north
p29248,Person,42,central
p29249,Person,70,north
p29250,Person,64,south
p29251,Person,52,central
p29252,Person,27,south
p29253,Person,32,east
p29254,Person,23,north
p29255,Person,20,north
p29256,Person,65,central
p29257,Person,50,west
p29258,Person,25,south
p29259,Person,58,west
p29260,Person,25,central
p29261,Person,74,west
p29262,Person,52,south
p29263,Person,76,east
p29264,Person,19,central
p29265,Person,57,south
p29266,Person,49,central
p29267,Person,77,east
p29268,Person,38,north
p29269,Person,55,west
p29270,Person,59,west
p29271,Person,72,south
p29272,Person,47,central
p29273,Person,60,west
p29274,Person,27,east
p29275,Person,41,west
p29276,Person,20,north
p29277,Person,51,south
p29278,Person,24,east
p29279,Person,29,central
p29280,Person,25,north
p29281,Person,62,south
p29282,Person,34,south
p29283,Person,32,east
p29284,Person,29,west
p29285,Person,70,south
p29286,Person,53,north
p29287,Person,46,north
p29288,Person,53,south
p29289,Person,18,south
p29290,Person,62,central
p29291,Person,30,central
p29292,Person,58,central
p29293,Person,54,west
p29294,Person,20,central
p29295,Person,28,west
p29296,Person,24,south
p29297,Person,25,west
p29298,Person,54,east
p29299,Person,34,east
p29300,Person,60,north
p29301,Person,51,north
p29302,Person,49,east
p29303,Person,68,north
p29304,Person,45,west
p29305,Person,28,west
p29306,Person,30,east
p29307,Person,63,north
p29308,Person,53,south
p29309,Person,64,south
p29310,Person,19,west
p29311,Person,19,north
p29312,Person,57,south
p29313,Person,22,east
p29314,Person,77,east
p29315,Person,62,central
p29316,Person,49,south
p29317,Person,42,central
p29318,Person,30,east
p29319,Person,59,south
p29320,Person,76,west
p29321,Person,41,east
p29322,Person,24,central
p29323,Person,47,central
p29324,Person,57,east
p29325,Person,43,east
p29326,Person,41,south
p29327,Person,36,central
p29328,Person,56,west
p29329,Person,64,central
p29330,Person,28,north
p29331,Person,21,east
p29332,Person,69,east
p29333,Person,66,north
p29334,Person,26,central
p29335,Person,28,south
p29336,Person,59,north
p29337,Person,18,north
p29338,Person,63,south
p29339,Person,62,west
p29340,Person,20,central
p29341,Person,74,west
p29342,Person,43,east
p29343,Person,56,west
p29344,Person,44,central
p29345,Person,48,east
p29346,Person,57,west
p29347,Person,42,west
p29348,Person,45,north
p29349,Person,67,west
p29350,Person,64,central
p29351,Person,22,central
p29352,Person,26,central
p29353,Person,49,central
p29354,Person,58,west
p29355,Person,38,south
p29356,Person,65,central
p29357,Person,67,east
p29358,Person,33,east
p29359,Person,18,south
p29360,Person,25,south
p29361,Person,42,west
p29362,Person,54,south
p29363,Person,24,south
p29364,Person,77,south
p29365,Person,61,central
p29366,Person,45,central
p29367,Person,53,north
p29368,Person,43,central
p29369,Person,68,south
p29370,Person,69,central
p29371,Person,33,south
p29372,Person,43,south
p29373,Person,23,west
p29374,Person,65,east
p29375,Person,25,south
p29376,Person,42,south
p29377,Person,64,central
p29378,Person,53,east
p29379,Person,66,central
p29380,Person,76,west
p29381,Person,58,west
p29382,Person,18,central
p29383,Person,67,central
p29384,Person,25,north
p29385,Person,62,south
p29386,Person,72,south
p29387,Person,57,south
p29388,Person,51,west
p29389,Person,24,north
p29390,Person,31,west
p29391,Person,55,north
p29392,Person,19,central
p29393,Person,44,south
p29394,Person,51,north
p29395,Person,55,west
p29396,Person,42,east
p29397,Person,61,west
p29398,Person,64,north
p29399,Person,52,east
p29400,Person,28,south
p29401,Person,53,west
p29402,Person,52,south
p29403,Person,45,east
p29404,Person,35,north
p29405,Person,75,south
p29406,Person,53,north
p29407,Person,50,south
p29408,Person,50,central
p29409,Person,33,north
p29410,Person,22,west
p29411,Person,61,central
p29412,Person,36,east
p29413,Person,22,east
p29414,Person,39,west
p29415,Person,73,central
p29416,Person,32,central
p29417,Person,55,central
p29418,Person,37,north
p29419,Person,64,central
p29420,Person,53,central
p29421,Person,62,central
p29422,Person,26,central
p29423,Person,33,west
p29424,Person,51,south
p29425,Person,19,west
p29426,Person,69,central
p29427,Person,71,south
p29428,Person,19,west
p29429,Person,40,north
p29430,Person,47,east
p29431,Person,37,south
p29432,Person,69,north
p29433,Person,44,south
p29434,Person,66,north
p29435,Person,56,west
p29436,Person,34,west
p29437,Person,43,east
p29438,Person,77,north
p29439,Person,60,central
p29440,Person,42,west
p29441,Person,44,east
p29442,Person,42,central
p29443,Person,27,central
p29444,Person,30,south
p29445,Person,34,east
p29446,Person,66,central
p29447,Person,52,north
p29448,Person,51,north
p29449,Person,71,west
p29450,Person,29,south
p29451,Person,76,east
p29452,Person,27,central
p29453,Person,39,east
p29454,Person,56,north
p29455,Person,55,west
p29456,Person,57,east
p29457,Person,52,south
p29458,Person,72,east
p29459,Person,45,central
p29460,Person,24,south
p29461,Person,71,east
p29462,Person,40,south
p29463,Person,40,north
p29464,Person,33,south
p29465,Person,56,north
p29466,Person,32,east
p29467,Person,41,west
p29468,Person,77,south
p29469,Person,58,south
p29470,Person,71,north
p29471,Person,37,north
p29472,Person,73,east
p29473,Person,19,west
p29474,Person,73,central
p29475,Person,43,west
p29476,Person,61,central
p29477,Person,52,south
p29478,Person,27,east
p29479,Person,77,south
p29480,Person,24,west
p29481,Person,47,west
p29482,Person,21,west
p29483,Person,30,central
p29484,Person,60,south
p29485,Person,57,west
p29486,Person,76,central
p29487,Person,44,west
p29488,Person,43,central
p29489,Person,25,east
p29490,Person,66,central
p29491,Person,30,south
p29492,Person,19,east
p29493,Person,68,south
p29494,Person,33,north
p29495,Person,24,west
p29496,Person,39,south
p29497,Person,64,west
p29498,Person,22,west
p29499,Person,72,central
p29500,Person,69,east
p29501,Person,30,south
p29502,Person,37,north
p29503,Person,77,central
p29504,Person,37,west
p29505,Person,36,south
p29506,Person,62,north
p29507,Person,47,south
p29508,Person,44,east
p29509,Person,75,west
p29510,Person,41,central
p29511,Person,36,east
p29512,Person,23,east
p29513,Person,45,south
p29514,Person,30,west
p29515,Person,33,south
p29516,Person,72,west
p29517,Person,45,south
p29518,Person,46,central
p29519,Person,45,east
p29520,Person,47,central
p29521,Person,52,central
p29522,Person,28,east
p29523,Person,58,central
p29524,Person,28,south
p29525,Person,38,south
p29526,Person,46,north
p29527,Person,75,east
p29528,Person,75,east
p29529,Person,75,north
p29530,Person,45,north
p29531,Person,49,south
p29532,Person,41,east
p29533,Person,59,central
p29534,Person,49,west
p29535,Person,39,north
p29536,Person,70,central
p29537,Person,31,west
p29538,Person,59,east
p29539,Person,49,central
p29540,Person,20,central
p29541,Person,44,east
p29542,Person,28,east
p29543,Person,53,west
p29544,Person,21,east
p29545,Person,41,central
p29546,Person,30,north
p29547,Person,51,north
p29548,Person,39,north
p29549,Person,46,east
p29550,Person,37,north
p29551,Person,69,south
p29552,Person,41,central
p29553,Person,64,east
p29554,Person,29,south
p29555,Person,18,east
p29556,Person,33,central
p29557,Person,60,north
p29558,Person,51,east
p29559,Person,35,south
p29560,Person,57,central
p29561,Person,44,north
p29562,Person,65,central
p29563,Person,59,central
p29564,Person,41,north
p29565,Person,19,central
p29566,Person,34,south
p29567,Person,19,north
p29568,Person,49,north
p29569,Person,60,central
p29570,Person,46,south
p29571,Person,52,west
p29572,Person,55,central
p29573,Person,77,east
p29574,Person,31,central
p29575,Person,43,east
p29576,Person,50,west
p29577,Person,44,central
p29578,Person,42,south
p29579,Person,19,central
p29580,Person,72,west
p29581,Person,45,central
p29582,Person,21,south
p29583,Person,48,west
p29584,Person,44,east
p29585,Person,38,central
p29586,Person,58,north
p29587,Person,34,central
p29588,Person,21,east
p29589,Person,41,central
p29590,Person,59,west
p29591,Person,53,west
p29592,Person,43,north
p29593,Person,39,north
p29594,Person,31,central
p29595,Person,60,south
p29596,Person,75,east
p29597,Person,50,east
p29598,Person,76,central
p29599,Person,33,west
p29600,Person,20,north
p29601,Person,53,west
p29602,Person,35,west
p29603,Person,59,west
p29604,Person,65,north
p29605,Person,55,central
p29606,Person,19,south
p29607,Person,24,west
p29608,Person,19,central
p29609,Person,54,central
p29610,Person,71,west
p29611,Person,64,west
p29612,Person,66,south
p29613,Person,71,central
p29614,Person,22,west
p29615,Person,57,central
p29616,Person,24,central
p29617,Person,69,central
p29618,Person,40,central
p29619,Person,71,central
p29620,Person,34,south
p29621,Person,38,west
p29622,Person,43,south
p29623,Person,22,east
p29624,Person,20,north
p29625,Person,20,east
p29626,Person,26,south
p29627,Person,57,south
p29628,Person,23,west
p29629,Person,21,north
p29630,Person,74,east
p29631,Person,57,west
p29632,Person,73,west
p29633,Person,45,south
p29634,Person,51,south
p29635,Person,69,east
p29636,Person,31,central
p29637,Person,24,central
p29638,Person,51,north
p29639,Person,47,south
p29640,Person,18,south
p29641,Person,27,central
p29642,Person,35,central
p29643,Person,65,west
p29644,Person,68,east
p29645,Person,21,east
p29646,Person,18,west
p29647,Person,59,west
p29648,Person,39,east
p29649,Person,67,south
p29650,Person,77,central
p29651,Person,74,central
p29652,Person,69,east
p29653,Person,64,north
p29654,Person,43,west
p29655,Person,56,south
p29656,Person,75,west
p29657,Person,62,north
p29658,Person,43,west
p29659,Person,61,east
p29660,Person,64,east
p29661,Person,41,south
p29662,Person,48,central
p29663,Person,26,east
p29664,Person,48,central
p29665,Person,75,east
p29666,Person,54,west
p29667,Person,42,north
p29668,Person,58,central
p29669,Person,19,north
p29670,Person,20,east
p29671,Person,64,west
p29672,Person,49,north
p29673,Person,56,east
p29674,Person,48,north
p29675,Person,72,east
p29676,Person,66,south
p29677,Person,64,central
p29678,Person,27,north
p29679,Person,76,east
p29680,Person,40,north
p29681,Person,32,west
p29682,Person,49,east
p29683,Person,58,south
p29684,Person,52,south
p29685,Person,59,north
p29686,Person,66,east
p29687,Person,39,north
p29688,Person,24,east
p29689,Person,69,central
p29690,Person,31,south
p29691,Person,75,south
p29692,Person,18,central
p29693,Person,67,central
p29694,Person,36,east
p29695,Person,52,north
p29696,Person,44,south
p29697,Person,66,east
p29698,Person,18,south
p29699,Person,39,north
p29700,Person,26,east
p29701,Person,38,east
p29702,Person,48,west
p29703,Person,63,central
p29704,Person,59,east
p29705,Person,61,south
p29706,Person,58,west
p29707,Person,19,central
p29708,Person,76,west
p29709,Person,61,south
p29710,Person,30,central
p29711,Person,55,north
p29712,Person,72,east
p29713,Person,52,north
p29714,Person,56,central
p29715,Person,61,central
p29716,Person,55,south
p29717,Person,72,north
p29718,Person,54,east
p29719,Person,52,south
p29720,Person,25,west
p29721,Person,51,central
p29722,Person,38,east
p29723,Person,40,south
p29724,Person,55,west
p29725,Person,33,east
p29726,Person,41,north
p29727,Person,48,east
p29728,Person,35,central
p29729,Person,66,east
p29730,Person,20,east
p29731,Person,21,west
p29732,Person,31,east
p29733,Person,48,south
p29734,Person,43,east
p29735,Person,66,south
p29736,Person,38,east
p29737,Person,62,south
p29738,Person,69,north
p29739,Person,69,south
p29740,Person,25,north
p29741,Person,67,north
p29742,Person,50,central
p29743,Person,18,central
p29744,Person,36,north
p29745,Person,39,south
p29746,Person,56,east
p29747,Person,61,south
p29748,Person,31,south
p29749,Person,30,south
p29750,Person,76,east
p29751,Person,60,south
p29752,Person,73,south
p29753,Person,76,south
p29754,Person,24,south
p29755,Person,48,west
p29756,Person,59,central
p29757,Person,67,south
p29758,Person,31,east
p29759,Person,74,east
p29760,Person,54,central
p29761,Person,69,west
p29762,Person,19,west
p29763,Person,73,west
p29764,Person,27,west
p29765,Person,56,south
p29766,Person,65,east
p29767,Person,36,central
p29768,Person,19,north
p29769,Person,27,central
p29770,Person,33,south
p29771,Person,20,west
p29772,Person,38,central
p29773,Person,59,east
p29774,Person,50,north
p29775,Person,68,east
p29776,Person,51,west
p29777,Person,68,north
p29778,Person,63,east
p29779,Person,18,north
p29780,Person,74,central
p29781,Person,29,west
p29782,Person,32,north
p29783,Person,53,north
p29784,Person,65,west
p29785,Person,41,north
p29786,Person,23,south
p29787,Person,40,east
p29788,Person,63,west
p29789,Person,22,east
p29790,Person,52,north
p29791,Person,68,south
p29792,Person,49,central
p29793,Person,77,north
p29794,Person,70,central
p29795,Person,26,east
p29796,Person,47,east
p29797,Person,52,west
p29798,Person,23,east
p29799,Person,41,north
p29800,Person,20,central
p29801,Person,29,west
p29802,Person,41,north
p29803,Person,58,west
p29804,Person,35,east
p29805,Person,60,west
p29806,Person,48,south
p29807,Person,34,north
p29808,Person,54,north
p29809,Person,67,south
p29810,Person,64,central
p29811,Person,55,north
p29812,Person,30,central
p29813,Person,62,east
p29814,Person,67,east
p29815,Person,76,south
p29816,Person,76,south
p29817,Person,40,south
p29818,Person,48,central
p29819,Person,63,central
p29820,Person,71,north
p29821,Person,42,central
p29822,Person,56,south
p29823,Person,27,south
p29824,Person,35,west
p29825,Person,49,east
p29826,Person,58,south
p29827,Person,64,east
p29828,Person,70,north
p29829,Person,40,west
p29830,Person,28,west
p29831,Person,42,west
p29832,Person,42,central
p29833,Person,29,west
p29834,Person,65,west
p29835,Person,22,west
p29836,Person,31,south
p29837,Person,37,central
p29838,Person,37,central
p29839,Person,30,south
p29840,Person,68,west
p29841,Person,66,west
p29842,Person,22,north
p29843,Person,36,south
p29844,Person,71,west
p29845,Person,48,east
p29846,Person,71,south
p29847,Person,67,west
p29848,Person,66,west
p29849,Person,51,east
p29850,Person,47,east
p29851,Person,71,central
p29852,Person,52,north
p29853,Person,48,central
p29854,Person,61,central
p29855,Person,37,east
p29856,Person,59,east
p29857,Person,21,west
p29858,Person,54,north
p29859,Person,48,west
p29860,Person,49,west
p29861,Person,19,central
p29862,Person,76,central
p29863,Person,55,east
p29864,Person,54,east
p29865,Person,56,north
p29866,Person,74,east
p29867,Person,59,south
p29868,Person,19,east
p29869,Person,52,west
p29870,Person,59,east
p29871,Person,61,north
p29872,Person,30,south
p29873,Person,24,north
p29874,Person,59,central
p29875,Person,57,east
p29876,Person,40,south
p29877,Person,52,central
p29878,Person,54,south
p29879,Person,24,west
p29880,Person,63,central
p29881,Person,72,west
p29882,Person,62,south
p29883,Person,26,west
p29884,Person,23,central
p29885,Person,55,east
p29886,Person,34,central
p29887,Person,50,central
p29888,Person,37,south
p29889,Person,38,central
p29890,Person,68,north
p29891,Person,59,south
p29892,Person,62,east
p29893,Person,75,south
p29894,Person,27,west
p29895,Person,57,central
p29896,Person,25,west
p29897,Person,50,west
p29898,Person,42,west
p29899,Person,19,north
p29900,Person,56,central
p29901,Person,69,north
p29902,Person,20,east
p29903,Person,54,south
p29904,Person,54,east
p29905,Person,23,north
p29906,Person,41,east
p29907,Person,37,central
p29908,Person,27,south
p29909,Person,25,central
p29910,Person,46,north
p29911,Person,27,west
p29912,Person,36,east
p29913,Person,19,central
p29914,Person,44,central
p29915,Person,52,east
p29916,Person,53,central
p29917,Person,56,east
p29918,Person,67,west
p29919,Person,57,north
p29920,Person,43,south
p29921,Person,71,west
p29922,Person,33,west
p29923,Person,52,north
p29924,Person,27,north
p29925,Person,58,east
p29926,Person,38,west
p29927,Person,31,east
p29928,Person,27,north
p29929,Person,58,central
p29930,Person,28,south
p29931,Person,68,east
p29932,Person,53,east
p29933,Person,28,east
p29934,Person,34,central
p29935,Person,26,south
p29936,Person,48,central
p29937,Person,48,central
p29938,Person,69,south
p29939,Person,63,west
p29940,Person,63,north
p29941,Person,76,central
p29942,Person,68,central
p29943,Person,25,south
p29944,Person,54,east
p29945,Person,45,north
p29946,Person,47,north
p29947,Person,22,central
p29948,Person,58,north
p29949,Person,76,east
p29950,Person,51,east
p29951,Person,41,central
p29952,Person,77,central
p29953,Person,70,west
p29954,Person,22,south
p29955,Person,69,south
p29956,Person,23,south
p29957,Person,22,south
p29958,Person,49,north
p29959,Person,27,north
p29960,Person,40,north
p29961,Person,57,south
p29962,Person,29,west
p29963,Person,22,west
p29964,Person,25,north
p29965,Person,73,west
p29966,Person,40,south
p29967,Person,36,west
p29968,Person,32,west
p29969,Person,23,south
p29970,Person,60,north
p29971,Person,54,south
p29972,Person,77,west
p29973,Person,63,east
p29974,Person,55,east
p29975,Person,58,west
p29976,Person,37,east
p29977,Person,30,central
p29978,Person,25,north
p29979,Person,31,east
p29980,Person,63,north
p29981,Person,54,north
p29982,Person,28,west
p29983,Person,20,east
p29984,Person,43,central
p29985,Person,47,central
p29986,Person,60,south
p29987,Person,73,east
p29988,Person,29,central
p29989,Person,47,central
p29990,Person,69,north
p29991,Person,58,east
p29992,Person,71,west
p29993,Person,58,central
p29994,Person,61,south
p29995,Person,45,north
p29996,Person,50,east
p29997,Person,19,central
p29998,Person,39,central
p29999,Person,35,south
p30000,Person,75,central
p30001,Person,47,north
p30002,Person,50,west
p30003,Person,49,south
p30004,Person,20,south
p30005,Person,32,central
p30006,Person,75,east
p30007,Person,33,east
p30008,Person,36,east
p30009,Person,51,east
p30010,Person,18,north
p30011,Person,47,east
p30012,Person,30,north
p30013,Person,54,central
p30014,Person,43,west
p30015,Person,46,north
p30016,Person,58,west
p30017,Person,36,central
p30018,Person,46,central
p30019,Person,76,west
p30020,Person,65,east
p30021,Person,54,west
p30022,Person,41,south
p30023,Person,24,north
p30024,Person,40,south
p30025,Person,29,east
p30026,Person,22,central
p30027,Person,28,central
p30028,Person,74,west
p30029,Person,62,north
p30030,Person,39,east
p30031,Person,58,east
p30032,Person,69,south
p30033,Person,33,central
p30034,Person,59,west
p30035,Person,45,north
p30036,Person,26,central
p30037,Person,32,north
p30038,Person,64,south
p30039,Person,30,west
p30040,Person,36,west
p30041,Person,38,west
p30042,Person,64,west
p30043,Person,37,east
p30044,Person,45,west
p30045,Person,72,east
p30046,Person,31,south
p30047,Person,67,north
p30048,Person,35,south
p30049,Person,41,central
p30050,Person,71,east
p30051,Person,52,central
p30052,Person,73,east
p30053,Person,19,north
p30054,Person,48,east
p30055,Person,32,north
p30056,Person,62,central
p30057,Person,18,east
p30058,Person,47,west
p30059,Person,49,west
p30060,Person,35,south
p30061,Person,27,east
p30062,Person,39,south
p30063,Person,72,west
p30064,Person,71,south
p30065,Person,65,west
p30066,Person,30,south
p30067,Person,23,west
p30068,Person,37,north
p30069,Person,42,south
p30070,Person,38,north
p30071,Person,22,north
p30072,Person,44,south
p30073,Person,69,south
p30074,Person,57,east
p30075,Person,23,north
p30076,Person,32,central
p30077,Person,70,south
p30078,Person,23,south
p30079,Person,19,south
p30080,Person,25,west
p30081,Person,48,north
p30082,Person,36,east
p30083,Person,59,south
p30084,Person,75,north
p30085,Person,22,west
p30086,Person,55,central
p30087,Person,70,south
p30088,Person,71,central
p30089,Person,41,west
p30090,Person,54,south
p30091,Person,60,west
p30092,Person,23,north
p30093,Person,34,south
p30094,Person,24,west
p30095,Person,32,south
p30096,Person,61,west
p30097,Person,39,central
p30098,Person,73,central
p30099,Person,26,east
p30100,Person,73,east
p30101,Person,25,south
p30102,Person,56,east
p30103,Person,42,north
p30104,Person,48,central
p30105,Person,51,south
p30106,Person,60,west
p30107,Person,23,central
p30108,Person,70,north
p30109,Person,26,south
p30110,Person,41,north
p30111,Person,25,east
p30112,Person,76,west
p30113,Person,38,central
p30114,Person,55,north
p30115,Person,31,north
p30116,Person,27,west
p30117,Person,33,east
p30118,Person,37,south
p30119,Person,24,north
p30120,Person,40,west
p30121,Person,53,west
p30122,Person,44,west
p30123,Person,68,central
p30124,Person,61,east
p30125,Person,67,south
p30126,Person,74,south
p30127,Person,77,central
p30128,Person,39,west
p30129,Person,55,west
p30130,Person,19,central
p30131,Person,37,central
p30132,Person,47,west
p30133,Person,68,east
p30134,Person,45,east
p30135,Person,77,west
p30136,Person,20,central
p30137,Person,52,west
p30138,Person,34,north
p30139,Person,22,north
p30140,Person,46,west
p30141,Person,48,north
p30142,Person,55,east
p30143,Person,42,east
p30144,Person,39,west
p30145,Person,47,north
p30146,Person,24,north
p30147,Person,66,east
p30148,Person,29,south
p30149,Person,19,west
p30150,Person,18,east
p30151,Person,43,north
p30152,Person,46,south
p30153,Person,49,south
p30154,Person,63,north
p30155,Person,48,west
p30156,Person,49,central
p30157,Person,48,west
p30158,Person,72,south
p30159,Person,28,north
p30160,Person,18,east
p30161,Person,31,east
p30162,Person,41,west
p30163,Person,48,north
p30164,Person,24,west
p30165,Person,27,south
p30166,Person,67,north
p30167,Person,42,north
p30168,Person,75,central
p30169,Person,56,central
p30170,Person,65,west
p30171,Person,26,south
p30172,Person,76,north
p30173,Person,59,central
p30174,Person,67,west
p30175,Person,23,south
p30176,Person,46,south
p30177,Person,49,east
p30178,Person,54,east
p30179,Person,18,north
p30180,Person,56,east
p30181,Person,29,north
p30182,Person,70,south
p30183,Person,60,east
p30184,Person,31,south
p30185,Person,29,west
p30186,Person,68,south
p30187,Person,29,south
p30188,Person,29,north
p30189,Person,46,west
p30190,Person,40,west
p30191,Person,72,north
p30192,Person,57,east
p30193,Person,51,central
p30194,Person,20,central
p30195,Person,42,central
p30196,Person,51,south
p30197,Person,63,north
p30198,Person,27,north
p30199,Person,19,north
p30200,Person,63,north
p30201,Person,40,north
p30202,Person,51,central
p30203,Person,45,west
p30204,Person,20,north
p30205,Person,69,south
p30206,Person,28,east
p30207,Person,63,south
p30208,Person,30,west
p30209,Person,20,south
p30210,Person,20,east
p30211,Person,47,central
p30212,Person,53,central
p30213,Person,57,west
p30214,Person,63,east
p30215,Person,24,central
p30216,Person,55,south
p30217,Person,25,west
p30218,Person,68,east
p30219,Person,57,west
p30220,Person,44,west
p30221,Person,40,north
p30222,Person,70,central
p30223,Person,27,central
p30224,Person,71,central
p30225,Person,65,central
p30226,Person,69,central
p30227,Person,60,central
p30228,Person,23,east
p30229,Person,24,north
p30230,Person,77,north
p30231,Person,45,east
p30232,Person,58,east
p30233,Person,54,central
p30234,Person,41,south
p30235,Person,62,west
p30236,Person,19,east
p30237,Person,73,central
p30238,Person,41,south
p30239,Person,54,central
p30240,Person,65,north
p30241,Person,19,east
p30242,Person,74,north
p30243,Person,45,north
p30244,Person,70,east
p30245,Person,35,north
p30246,Person,73,east
p30247,Person,68,north
p30248,Person,68,west
p30249,Person,59,central
p30250,Person,64,east
p30251,Person,58,south
p30252,Person,77,east
p30253,Person,44,west
p30254,Person,28,north
p30255,Person,25,east
p30256,Person,63,north
p30257,Person,41,west
p30258,Person,55,west
p30259,Person,21,south
p30260,Person,27,north
p30261,Person,50,central
p30262,Person,58,central
p30263,Person,43,north
p30264,Person,23,west
p30265,Person,24,central
p30266,Person,75,south
p30267,Person,45,south
p30268,Person,75,south
p30269,Person,22,east
p30270,Person,73,west
p30271,Person,26,south
p30272,Person,61,east
p30273,Person,73,central
p30274,Person,22,south
p30275,Person,42,north
p30276,Person,21,north
p30277,Person,69,north
p30278,Person,50,north
p30279,Person,42,central
p30280,Person,33,central
p30281,Person,62,north
p30282,Person,60,east
p30283,Person,25,east
p30284,Person,25,south
p30285,Person,32,central
p30286,Person,31,west
p30287,Person,58,north
p30288,Person,43,central
p30289,Person,37,west
p30290,Person,64,central
p30291,Person,77,west
p30292,Person,25,north
p30293,Person,31,south
p30294,Person,67,south
p30295,Person,26,east
p30296,Person,38,south
p30297,Person,51,east
p30298,Person,25,west
p30299,Person,74,central
p30300,Person,70,east
p30301,Person,38,south
p30302,Person,34,central
p30303,Person,65,north
p30304,Person,42,south
p30305,Person,45,north
p30306,Person,43,east
p30307,Person,61,west
p30308,Person,69,north
p30309,Person,48,south
p30310,Person,51,east
p30311,Person,47,south
p30312,Person,55,central
p30313,Person,36,east
p30314,Person,26,west
p30315,Person,34,central
p30316,Person,59,central
p30317,Person,56,central
p30318,Person,75,west
p30319,Person,44,central
p30320,Person,24,north
p30321,Person,60,north
p30322,Person,39,north
p30323,Person,49,south
p30324,Person,23,central
p30325,Person,20,east
p30326,Person,39,east
p30327,Person,53,central
p30328,Person,46,south
p30329,Person,61,central
p30330,Person,67,central
p30331,Person,60,north
p30332,Person,18,west
p30333,Person,50,north
p30334,Person,68,central
p30335,Person,24,south
p30336,Person,18,west
p30337,Person,42,east
p30338,Person,42,south
p30339,Person,33,west
p30340,Person,76,south
p30341,Person,72,south
p30342,Person,49,central
p30343,Person,41,south
p30344,Person,60,east
p30345,Person,49,west
p30346,Person,39,west
p30347,Person,36,east
p30348,Person,40,central
p30349,Person,62,east
p30350,Person,48,north
p30351,Person,26,west
p30352,Person,21,south
p30353,Person,44,west
p30354,Person,45,north
p30355,Person,57,central
p30356,Person,19,north
p30357,Person,75,central
p30358,Person,42,south
p30359,Person,65,north
p30360,Person,62,east
p30361,Person,74,central
p30362,Person,72,north
p30363,Person,69,west
p30364,Person,31,central
p30365,Person,49,south
p30366,Person,28,west
p30367,Person,19,east
p30368,Person,49,north
p30369,Person,20,central
p30370,Person,45,east
p30371,Person,63,south
p30372,Person,18,south
p30373,Person,30,north
p30374,Person,72,north
p30375,Person,35,west
p30376,Person,45,north
p30377,Person,40,east
p30378,Person,56,north
p30379,Person,68,south
p30380,Person,21,south
p30381,Person,37,central
p30382,Person,73,north
p30383,Person,33,west
p30384,Person,73,central
p30385,Person,27,east
p30386,Person,51,south
p30387,Person,56,central
p30388,Person,19,north
p30389,Person,76,north
p30390,Person,65,north
p30391,Person,64,east
p30392,Person,33,north
p30393,Person,52,north
p30394,Person,40,north
p30395,Person,52,north
p30396,Person,45,south
p30397,Person,41,north
p30398,Person,61,east
p30399,Person,28,west
p30400,Person,24,west
p30401,Person,62,central
p30402,Person,26,south
p30403,Person,55,south
p30404,Person,51,east
p30405,Person,37,east
p30406,Person,40,north
p30407,Person,18,east
p30408,Person,71,west
p30409,Person,23,north
p30410,Person,72,west
p30411,Person,52,north
p30412,Person,77,central
p30413,Person,31,west
p30414,Person,60,south
p30415,Person,74,north
p30416,Person,27,central
p30417,Person,58,central
p30418,Person,59,central
p30419,Person,39,central
p30420,Person,60,south
p30421,Person,58,south
p30422,Person,50,west
p30423,Person,37,east
p30424,Person,69,west
p30425,Person,66,west
p30426,Person,64,central
p30427,Person,40,west
p30428,Person,68,south
p30429,Person,23,north
p30430,Person,37,south
p30431,Person,60,west
p30432,Person,28,west
p30433,Person,29,west
p30434,Person,64,west
p30435,Person,49,east
p30436,Person,65,north
p30437,Person,77,north
p30438,Person,68,south
p30439,Person,41,central
p30440,Person,38,central
p30441,Person,25,north
p30442,Person,57,west
p30443,Person,36,south
p30444,Person,36,east
p30445,Person,60,central
p30446,Person,38,west
p30447,Person,32,north
p30448,Person,77,east
p30449,Person,30,south
p30450,Person,67,east
p30451,Person,59,south
p30452,Person,29,central
p30453,Person,40,north
p30454,Person,28,central
p30455,Person,18,north
p30456,Person,76,east
p30457,Person,69,north
p30458,Person,47,central
p30459,Person,59,north
p30460,Person,77,central
p30461,Person,63,east
p30462,Person,19,west
p30463,Person,22,south
p30464,Person,36,west
p30465,Person,45,north
p30466,Person,72,north
p30467,Person,57,north
p30468,Person,56,east
p30469,Person,22,south
p30470,Person,45,east
p30471,Person,53,central
p30472,Person,26,south
p30473,Person,36,east
p30474,Person,41,east
p30475,Person,64,north
p30476,Person,54,central
p30477,Person,51,south
p30478,Person,73,west
p30479,Person,72,central
p30480,Person,47,central
p30481,Person,20,north
p30482,Person,27,central
p30483,Person,39,south
p30484,Person,63,central
p30485,Person,66,north
p30486,Person,75,west
p30487,Person,61,south
p30488,Person,64,central
p30489,Person,28,central
p30490,Person,28,north
p30491,Person,27,central
p30492,Person,28,south
p30493,Person,52,north
p30494,Person,50,central
p30495,Person,23,north
p30496,Person,20,east
p30497,Person,52,central
p30498,Person,72,central
p30499,Person,23,north
p30500,Person,42,central
p30501,Person,72,north
p30502,Person,28,south
p30503,Person,68,south
p30504,Person,42,north
p30505,Person,59,central
p30506,Person,39,south
p30507,Person,75,north
p30508,Person,72,south
p30509,Person,75,north
p30510,Person,36,east
p30511,Person,67,west
p30512,Person,30,south
p30513,Person,28,north
p30514,Person,68,west
p30515,Person,41,north
p30516,Person,56,central
p30517,Person,62,west
p30518,Person,31,central
p30519,Person,40,west
p30520,Person,37,south
p30521,Person,45,east
p30522,Person,46,central
p30523,Person,46,central
p30524,Person,67,east
p30525,Person,70,west
p30526,Person,33,central
p30527,Person,57,west
p30528,Person,35,north
p30529,Person,38,north
p30530,Person,31,central
p30531,Person,59,north
p30532,Person,43,south
p30533,Person,22,north
p30534,Person,51,south
p30535,Person,46,central
p30536,Person,63,central
p30537,Person,30,north
p30538,Person,29,central
p30539,Person,62,east
p30540,Person,19,north
p30541,Person,43,east
p30542,Person,35,west
p30543,Person,66,west
p30544,Person,24,west
p30545,Person,27,central
p30546,Person,48,east
p30547,Person,35,south
p30548,Person,66,north
p30549,Person,75,east
p30550,Person,41,south
p30551,Person,26,central
p30552,Person,46,central
p30553,Person,35,south
p30554,Person,31,central
p30555,Person,68,east
p30556,Person,26,west
p30557,Person,77,west
p30558,Person,30,east
p30559,Person,75,east
p30560,Person,25,east
p30561,Person,54,west
p30562,Person,54,north
p30563,Person,22,east
p30564,Person,69,west
p30565,Person,77,west
p30566,Person,20,central
p30567,Person,67,east
p30568,Person,18,west
p30569,Person,58,central
p30570,Person,65,west
p30571,Person,32,east
p30572,Person,76,west
p30573,Person,69,east
p30574,Person,46,central
p30575,Person,62,south
p30576,Person,71,west
p30577,Person,26,west
p30578,Person,63,west
p30579,Person,42,west
p30580,Person,39,east
p30581,Person,72,central
p30582,Person,35,north
p30583,Person,59,central
p30584,Person,43,central
p30585,Person,23,south
p30586,Person,48,south
p30587,Person,52,north
p30588,Person,72,east
p30589,Person,48,central
p30590,Person,65,north
p30591,Person,77,central
p30592,Person,71,north
p30593,Person,20,south
p30594,Person,43,east
p30595,Person,54,north
p30596,Person,58,west
p30597,Person,37,west
p30598,Person,50,west
p30599,Person,62,central
p30600,Person,72,north
p30601,Person,42,north
p30602,Person,38,west
p30603,Person,63,west
p30604,Person,37,central
p30605,Person,76,north
p30606,Person,68,south
p30607,Person,35,west
p30608,Person,47,south
p30609,Person,29,central
p30610,Person,54,west
p30611,Person,36,east
p30612,Person,28,north
p30613,Person,29,south
p30614,Person,33,central
p30615,Person,39,north
p30616,Person,34,central
p30617,Person,57,west
p30618,Person,52,south
p30619,Person,60,east
p30620,Person,22,east
p30621,Person,59,central
p30622,Person,70,east
p30623,Person,61,south
p30624,Person,33,west
p30625,Person,68,east
p30626,Person,40,west
p30627,Person,55,west
p30628,Person,40,central
p30629,Person,22,east
p30630,Person,25,west
p30631,Person,52,west
p30632,Person,21,north
p30633,Person,57,south
p30634,Person,20,south
p30635,Person,30,central
p30636,Person,50,west
p30637,Person,18,west
p30638,Person,31,west
p30639,Person,52,east
p30640,Person,68,east
p30641,Person,52,west
p30642,Person,42,central
p30643,Person,31,south
p30644,Person,44,central
p30645,Person,44,west
p30646,Person,70,north
p30647,Person,26,west
p30648,Person,59,west
p30649,Person,26,west
p30650,Person,51,west
p30651,Person,37,central
p30652,Person,54,west
p30653,Person,73,north
p30654,Person,21,south
p30655,Person,28,north
p30656,Person,74,west
p30657,Person,57,north
p30658,Person,69,north
p30659,Person,19,north
p30660,Person,75,west
p30661,Person,62,south
p30662,Person,64,west
p30663,Person,58,east
p30664,Person,37,north
p30665,Person,48,east
p30666,Person,71,east
p30667,Person,77,north
p30668,Person,33,east
p30669,Person,28,north
p30670,Person,76,west
p30671,Person,19,west
p30672,Person,44,east
p30673,Person,36,east
p30674,Person,75,central
p30675,Person,24,west
p30676,Person,27,central
p30677,Person,21,west
p30678,Person,71,south
p30679,Person,25,north
p30680,Person,73,south
p30681,Person,58,east
p30682,Person,67,east
p30683,Person,45,central
p30684,Person,62,north
p30685,Person,44,east
p30686,Person,26,north
p30687,Person,34,east
p30688,Person,49,south
p30689,Person,20,south
p30690,Person,42,east
p30691,Person,75,west
p30692,Person,31,central
p30693,Person,41,north
p30694,Person,62,central
p30695,Person,21,south
p30696,Person,56,east
p30697,Person,56,central
p30698,Person,69,south
p30699,Person,27,south
p30700,Person,68,south
p30701,Person,38,east
p30702,Person,43,west
p30703,Person,64,central
p30704,Person,58,east
p30705,Person,62,north
p30706,Person,66,central
p30707,Person,49,south
p30708,Person,44,north
p30709,Person,54,south
p30710,Person,57,central
p30711,Person,37,east
p30712,Person,24,central
p30713,Person,77,north
p30714,Person,71,north
p30715,Person,19,north
p30716,Person,54,central
p30717,Person,59,south
p30718,Person,36,south
p30719,Person,70,east
p30720,Person,43,central
p30721,Person,50,south
p30722,Person,76,west
p30723,Person,73,north
p30724,Person,23,south
p30725,Person,75,east
p30726,Person,27,west
p30727,Person,46,south
p30728,Person,64,east
p30729,Person,24,north
p30730,Person,38,south
p30731,Person,39,east
p30732,Person,75,south
p30733,Person,66,central
p30734,Person,58,north
p30735,Person,35,north
p30736,Person,64,east
p30737,Person,23,north
p30738,Person,19,south
p30739,Person,30,south
p30740,Person,49,east
p30741,Person,52,west
p30742,Person,74,east
p30743,Person,38,east
p30744,Person,75,west
p30745,Person,61,central
p30746,Person,22,central
p30747,Person,52,south
p30748,Person,40,central
p30749,Person,53,central
p30750,Person,42,north
p30751,Person,18,central
p30752,Person,47,central
p30753,Person,39,east
p30754,Person,71,north
p30755,Person,66,south
p30756,Person,72,west
p30757,Person,70,south
p30758,Person,24,south
p30759,Person,51,east
p30760,Person,25,south
p30761,Person,65,south
p30762,Person,36,west
p30763,Person,53,east
p30764,Person,47,west
p30765,Person,49,south
p30766,Person,45,east
p30767,Person,67,south
p30768,Person,69,south
p30769,Person,70,north
p30770,Person,30,north
p30771,Person,72,north
p30772,Person,44,west
p30773,Person,77,north
p30774,Person,28,east
p30775,Person,50,west
p30776,Person,37,south
p30777,Person,64,central
p30778,Person,61,north
p30779,Person,45,central
p30780,Person,74,west
p30781,Person,39,north
p30782,Person,39,north
p30783,Person,68,south
p30784,Person,24,south
p30785,Person,48,east
p30786,Person,49,west
p30787,Person,74,west
p30788,Person,60,central
p30789,Person,66,north
p30790,Person,24,south
p30791,Person,64,north
p30792,Person,49,east
p30793,Person,45,central
p30794,Person,52,south
p30795,Person,47,central
p30796,Person,57,west
p30797,Person,21,west
p30798,Person,40,south
p30799,Person,61,central
p30800,Person,48,south
p30801,Person,69,east
p30802,Person,69,east
p30803,Person,44,west
p30804,Person,53,central
p30805,Person,35,north
p30806,Person,26,central
p30807,Person,67,east
p30808,Person,36,south
p30809,Person,28,north
p30810,Person,19,west
p30811,Person,59,north
p30812,Person,66,north
p30813,Person,44,east
p30814,Person,71,central
p30815,Person,34,south
p30816,Person,25,east
p30817,Person,55,west
p30818,Person,66,west
p30819,Person,32,north
p30820,Person,48,west
p30821,Person,29,central
p30822,Person,20,south
p30823,Person,66,east
p30824,Person,64,south
p30825,Person,43,west
p30826,Person,50,south
p30827,Person,69,south
p30828,Person,44,south
p30829,Person,51,west
p30830,Person,65,west
p30831,Person,73,south
p30832,Person,56,central
p30833,Person,74,north
p30834,Person,62,north
p30835,Person,38,east
p30836,Person,53,central
p30837,Person,22,east
p30838,Person,21,west
p30839,Person,26,central
p30840,Person,72,south
p30841,Person,76,central
p30842,Person,41,north
p30843,Person,27,south
p30844,Person,20,east
p30845,Person,29,west
p30846,Person,67,central
p30847,Person,67,north
p30848,Person,46,north
p30849,Person,20,north
p30850,Person,57,south
p30851,Person,54,north
p30852,Person,56,east
p30853,Person,33,west
p30854,Person,36,south
p30855,Person,71,north
p30856,Person,54,south
p30857,Person,53,west
p30858,Person,64,central
p30859,Person,27,north
p30860,Person,53,west
p30861,Person,24,central
p30862,Person,56,south
p30863,Person,18,east
p30864,Person,24,south
p30865,Person,43,south
p30866,Person,19,west
p30867,Person,69,west
p30868,Person,74,central
p30869,Person,72,central
p30870,Person,49,south
p30871,Person,34,north
p30872,Person,19,east
p30873,Person,66,central
p30874,Person,56,north
p30875,Person,39,south
p30876,Person,64,central
p30877,Person,23,south
p30878,Person,54,north
p30879,Person,68,west
p30880,Person,35,north
p30881,Person,54,south
p30882,Person,32,west
p30883,Person,52,north
p30884,Person,71,south
p30885,Person,54,south
p30886,Person,65,west
p30887,Person,31,central
p30888,Person,32,west
p30889,Person,50,east
p30890,Person,48,south
p30891,Person,41,north
p30892,Person,54,west
p30893,Person,52,east
p30894,Person,71,east
p30895,Person,40,east
p30896,Person,66,central
p30897,Person,64,central
p30898,Person,70,west
p30899,Person,30,north
p30900,Person,63,north
p30901,Person,76,east
p30902,Person,61,central
p30903,Person,64,south
p30904,Person,58,west
p30905,Person,67,west
p30906,Person,30,north
p30907,Person,33,east
p30908,Person,73,north
p30909,Person,54,south
p30910,Person,33,east
p30911,Person,23,west
p30912,Person,57,north
p30913,Person,39,north
p30914,Person,36,north
p30915,Person,35,east
p30916,Person,18,north
p30917,Person,64,south
p30918,Person,73,central
p30919,Person,27,central
p30920,Person,48,south
p30921,Person,19,north
p30922,Person,21,south
p30923,Person,37,central
p30924,Person,75,central
p30925,Person,37,central
p30926,Person,42,north
p30927,Person,60,west
p30928,Person,61,central
p30929,Person,70,west
p30930,Person,58,west
p30931,Person,63,north
p30932,Person,59,south
p30933,Person,49,central
p30934,Person,26,central
p30935,Person,23,central
p30936,Person,28,east
p30937,Person,56,east
p30938,Person,36,east
p30939,Person,71,west
p30940,Person,28,east
p30941,Person,35,west
p30942,Person,50,east
p30943,Person,53,north
p30944,Person,42,west
p30945,Person,54,west
p30946,Person,60,north
p30947,Person,73,north
p30948,Person,77,central
p30949,Person,39,east
p30950,Person,44,central
p30951,Person,48,east
p30952,Person,50,south
p30953,Person,44,south
p30954,Person,35,east
p30955,Person,33,west
p30956,Person,38,east
p30957,Person,41,north
p30958,Person,59,west
p30959,Person,59,north
p30960,Person,27,east
p30961,Person,38,east
p30962,Person,61,west
p30963,Person,25,south
p30964,Person,20,west
p30965,Person,38,north
p30966,Person,19,north
p30967,Person,29,north
p30968,Person,75,south
p30969,Person,77,east
p30970,Person,49,south
p30971,Person,27,central
p30972,Person,74,east
p30973,Person,31,north
p30974,Person,23,west
p30975,Person,69,south
p30976,Person,26,south
p30977,Person,50,south
p30978,Person,40,south
p30979,Person,56,central
p30980,Person,70,south
p30981,Person,62,north
p30982,Person,57,central
p30983,Person,45,west
p30984,Person,44,south
p30985,Person,33,east
p30986,Person,65,east
p30987,Person,21,east
p30988,Person,43,north
p30989,Person,23,central
p30990,Person,55,east
p30991,Person,53,west
p30992,Person,20,central
p30993,Person,34,central
p30994,Person,52,central
p30995,Person,31,east
p30996,Person,63,west
p30997,Person,69,central
p30998,Person,23,south
p30999,Person,63,north
p31000,Person,44,central
p31001,Person,57,central
p31002,Person,72,east
p31003,Person,74,west
p31004,Person,52,central
p31005,Person,43,north
p31006,Person,50,central
p31007,Person,55,east
p31008,Person,61,south
p31009,Person,77,west
p31010,Person,55,east
p31011,Person,70,north
p31012,Person,37,north
p31013,Person,36,west
p31014,Person,31,west
p31015,Person,24,east
p31016,Person,66,east
p31017,Person,41,south
p31018,Person,56,west
p31019,Person,67,south
p31020,Person,69,south
p31021,Person,67,east
p31022,Person,75,west
p31023,Person,63,west
p31024,Person,34,north
p31025,Person,27,central
p31026,Person,29,north
p31027,Person,18,west
p31028,Person,39,central
p31029,Person,18,south
p31030,Person,62,west
p31031,Person,72,west
p31032,Person,76,central
p31033,Person,53,north
p31034,Person,71,north
p31035,Person,65,central
p31036,Person,40,north
p31037,Person,65,central
p31038,Person,65,west
p31039,Person,60,central
p31040,Person,54,central
p31041,Person,20,central
p31042,Person,53,north
p31043,Person,71,west
p31044,Person,47,east
p31045,Person,60,west
p31046,Person,72,west
p31047,Person,64,east
p31048,Person,18,north
p31049,Person,75,central
p31050,Person,58,central
p31051,Person,30,central
p31052,Person,48,north
p31053,Person,67,south
p31054,Person,55,central
p31055,Person,77,north
p31056,Person,23,central
p31057,Person,19,central
p31058,Person,35,north
p31059,Person,56,west
p31060,Person,29,north
p31061,Person,58,east
p31062,Person,53,south
p31063,Person,22,south
p31064,Person,69,north
p31065,Person,73,north
p31066,Person,71,central
p31067,Person,24,north
p31068,Person,18,central
p31069,Person,51,east
p31070,Person,55,east
p31071,Person,47,east
p31072,Person,76,south
p31073,Person,42,south
p31074,Person,58,west
p31075,Person,70,south
p31076,Person,46,central
p31077,Person,60,south
p31078,Person,53,east
p31079,Person,39,central
p31080,Person,24,east
p31081,Person,63,central
p31082,Person,39,north
p31083,Person,53,west
p31084,Person,66,south
p31085,Person,66,south
p31086,Person,46,west
p31087,Person,66,east
p31088,Person,70,east
p31089,Person,74,west
p31090,Person,73,west
p31091,Person,35,north
p31092,Person,37,central
p31093,Person,54,central
p31094,Person,73,central
p31095,Person,54,west
p31096,Person,48,central
p31097,Person,36,north
p31098,Person,24,north
p31099,Person,58,east
p31100,Person,73,south
p31101,Person,31,south
p31102,Person,32,central
p31103,Person,64,south
p31104,Person,73,south
p31105,Person,73,central
p31106,Person,58,west
p31107,Person,27,central
p31108,Person,62,east
p31109,Person,59,central
p31110,Person,31,south
p31111,Person,43,west
p31112,Person,20,central
p31113,Person,59,south
p31114,Person,65,east
p31115,Person,62,central
p31116,Person,62,east
p31117,Person,53,north
p31118,Person,71,central
p31119,Person,60,central
p31120,Person,57,north
p31121,Person,42,west
p31122,Person,51,south
p31123,Person,49,north
p31124,Person,20,north
p31125,Person,32,south
p31126,Person,71,west
p31127,Person,37,south
p31128,Person,43,central
p31129,Person,35,east
p31130,Person,32,west
p31131,Person,21,north
p31132,Person,74,west
p31133,Person,47,south
p31134,Person,43,north
p31135,Person,23,west
p31136,Person,47,east
p31137,Person,38,north
p31138,Person,36,north
p31139,Person,41,north
p31140,Person,52,west
p31141,Person,37,central
p31142,Person,59,north
p31143,Person,33,east
p31144,Person,64,central
p31145,Person,71,east
p31146,Person,50,east
p31147,Person,21,north
p31148,Person,22,central
p31149,Person,62,north
p31150,Person,71,north
p31151,Person,27,south
p31152,Person,27,west
p31153,Person,24,west
p31154,Person,59,east
p31155,Person,67,east
p31156,Person,76,central
p31157,Person,26,north
p31158,Person,37,east
p31159,Person,43,west
p31160,Person,52,south
p31161,Person,73,west
p31162,Person,46,west
p31163,Person,31,north
p31164,Person,57,east
p31165,Person,44,south
p31166,Person,43,west
p31167,Person,77,central
p31168,Person,32,north
p31169,Person,47,south
p31170,Person,27,south
p31171,Person,47,south
p31172,Person,68,east
p31173,Person,23,west
p31174,Person,37,central
p31175,Person,26,north
p31176,Person,26,west
p31177,Person,23,east
p31178,Person,32,east
p31179,Person,48,north
p31180,Person,49,north
p31181,Person,21,north
p31182,Person,22,north
p31183,Person,61,north
p31184,Person,20,south
p31185,Person,60,east
p31186,Person,69,north
p31187,Person,38,west
p31188,Person,22,north
p31189,Person,25,east
p31190,Person,49,east
p31191,Person,77,east
p31192,Person,73,east
p31193,Person,74,north
p31194,Person,26,east
p31195,Person,38,central
p31196,Person,25,west
p31197,Person,47,south
p31198,Person,55,west
p31199,Person,73,central
p31200,Person,30,north
p31201,Person,70,north
p31202,Person,26,north
p31203,Person,36,central
p31204,Person,26,east
p31205,Person,21,south
p31206,Person,63,central
p31207,Person,62,west
p31208,Person,76,west
p31209,Person,57,central
p31210,Person,65,central
p31211,Person,58,central
p31212,Person,76,south
p31213,Person,52,south
p31214,Person,68,central
p31215,Person,59,north
p31216,Person,54,west
p31217,Person,44,west
p31218,Person,37,west
p31219,Person,69,south
p31220,Person,59,west
p31221,Person,75,east
p31222,Person,70,east
p31223,Person,57,central
p31224,Person,68,north
p31225,Person,49,east
p31226,Person,54,north
p31227,Person,43,east
p31228,Person,49,east
p31229,Person,52,central
p31230,Person,25,south
p31231,Person,38,south
p31232,Person,71,central
p31233,Person,30,west
p31234,Person,35,north
p31235,Person,32,central
p31236,Person,77,central
p31237,Person,67,south
p31238,Person,51,west
p31239,Person,22,west
p31240,Person,18,east
p31241,Person,73,south
p31242,Person,55,south
p31243,Person,73,south
p31244,Person,54,south
p31245,Person,42,central
p31246,Person,31,central
p31247,Person,66,north
p31248,Person,39,south
p31249,Person,52,south
p31250,Person,50,east
p31251,Person,18,north
p31252,Person,54,central
p31253,Person,25,south
p31254,Person,20,west
p31255,Person,60,west
p31256,Person,27,east
p31257,Person,63,north
p31258,Person,57,north
p31259,Person,75,east
p31260,Person,47,north
p31261,Person,59,north
p31262,Person,31,east
p31263,Person,19,east
p31264,Person,53,east
p31265,Person,69,north
p31266,Person,45,south
p31267,Person,60,central
p31268,Person,42,east
p31269,Person,27,east
p31270,Person,52,west
p31271,Person,76,west
p31272,Person,57,east
p31273,Person,38,east
p31274,Person,55,east
p31275,Person,62,central
p31276,Person,68,north
p31277,Person,70,north
p31278,Person,48,west
p31279,Person,74,central
p31280,Person,20,north
p31281,Person,33,south
p31282,Person,39,central
p31283,Person,34,south
p31284,Person,58,west
p31285,Person,67,east
p31286,Person,70,west
p31287,Person,28,central
p31288,Person,67,central
p31289,Person,69,west
p31290,Person,42,south
p31291,Person,50,central
p31292,Person,33,west
p31293,Person,56,north
p31294,Person,77,west
p31295,Person,27,north
p31296,Person,76,north
p31297,Person,43,south
p31298,Person,23,south
p31299,Person,54,south
p31300,Person,76,west
p31301,Person,35,east
p31302,Person,76,south
p31303,Person,70,south
p31304,Person,61,central
p31305,Person,25,south
p31306,Person,54,north
p31307,Person,48,central
p31308,Person,34,east
p31309,Person,19,south
p31310,Person,57,south
p31311,Person,70,central
p31312,Person,62,east
p31313,Person,60,south
p31314,Person,76,north
p31315,Person,53,south
p31316,Person,23,east
p31317,Person,44,central
p31318,Person,62,south
p31319,Person,56,south
p31320,Person,19,south
p31321,Person,51,central
p31322,Person,75,south
p31323,Person,75,central
p31324,Person,49,east
p31325,Person,29,south
p31326,Person,28,south
p31327,Person,43,east
p31328,Person,46,south
p31329,Person,66,north
p31330,Person,23,south
p31331,Person,68,west
p31332,Person,60,east
p31333,Person,63,west
p31334,Person,34,north
p31335,Person,31,north
p31336,Person,42,central
p31337,Person,39,central
p31338,Person,64,west
p31339,Person,47,east
p31340,Person,23,west
p31341,Person,52,central
p31342,Person,68,east
p31343,Person,48,central
p31344,Person,34,central
p31345,Person,25,west
p31346,Person,62,south
p31347,Person,56,central
p31348,Person,52,west
p31349,Person,46,south
p31350,Person,35,south
p31351,Person,70,west
p31352,Person,73,south
p31353,Person,20,north
p31354,Person,71,east
p31355,Person,31,north
p31356,Person,48,central
p31357,Person,32,west
p31358,Person,55,north
p31359,Person,21,central
p31360,Person,21,west
p31361,Person,56,north
p31362,Person,74,north
p31363,Person,21,east
p31364,Person,68,west
p31365,Person,20,south
p31366,Person,30,east
p31367,Person,60,north
p31368,Person,75,west
p31369,Person,20,south
p31370,Person,67,south
p31371,Person,20,north
p31372,Person,25,west
p31373,Person,56,west
p31374,Person,26,south
p31375,Person,69,east
p31376,Person,66,east
p31377,Person,45,north
p31378,Person,69,west
p31379,Person,30,south
p31380,Person,70,north
p31381,Person,59,east
p31382,Person,41,west
p31383,Person,59,north
p31384,Person,19,north
p31385,Person,24,central
p31386,Person,76,east
p31387,Person,34,central
p31388,Person,35,east
p31389,Person,31,north
p31390,Person,71,west
p31391,Person,66,south
p31392,Person,27,west
p31393,Person,23,central
p31394,Person,43,west
p31395,Person,28,east
p31396,Person,25,south
p31397,Person,22,east
p31398,Person,55,north
p31399,Person,75,north
p31400,Person,40,west
p31401,Person,54,west
p31402,Person,37,south
p31403,Person,42,east
p31404,Person,52,central
p31405,Person,21,central
p31406,Person,53,east
p31407,Person,34,south
p31408,Person,50,north
p31409,Person,76,north
p31410,Person,43,west
p31411,Person,47,central
p31412,Person,24,west
p31413,Person,31,north
p31414,Person,62,north
p31415,Person,25,south
p31416,Person,31,west
p31417,Person,54,south
p31418,Person,68,north
p31419,Person,77,west
p31420,Person,76,central
p31421,Person,68,north
p31422,Person,38,central
p31423,Person,19,west
p31424,Person,50,central
p31425,Person,48,north
p31426,Person,43,central
p31427,Person,28,west
p31428,Person,56,south
p31429,Person,43,west
p31430,Person,37,east
p31431,Person,77,south
p31432,Person,44,west
p31433,Person,64,west
p31434,Person,57,central
p31435,Person,76,east
p31436,Person,36,west
p31437,Person,20,central
p31438,Person,36,east
p31439,Person,32,west
p31440,Person,53,west
p31441,Person,24,south
p31442,Person,63,central
p31443,Person,24,central
p31444,Person,59,west
p31445,Person,57,west
p31446,Person,31,south
p31447,Person,27,central
p31448,Person,22,north
p31449,Person,31,central
p31450,Person,33,central
p31451,Person,57,central
p31452,Person,59,central
p31453,Person,73,north
p31454,Person,60,central
p31455,Person,24,east
p31456,Person,66,south
p31457,Person,75,west
p31458,Person,71,west
p31459,Person,27,east
p31460,Person,62,central
p31461,Person,21,central
p31462,Person,62,west
p31463,Person,63,north
p31464,Person,48,west
p31465,Person,52,central
p31466,Person,64,north
p31467,Person,62,central
p31468,Person,46,north
p31469,Person,77,west
p31470,Person,56,south
p31471,Person,71,south
p31472,Person,32,south
p31473,Person,70,central
p31474,Person,47,west
p31475,Person,66,central
p31476,Person,46,north
p31477,Person,21,south
p31478,Person,40,west
p31479,Person,65,east
p31480,Person,18,north
p31481,Person,23,east
p31482,Person,22,west
p31483,Person,69,west
p31484,Person,66,west
p31485,Person,26,north
p31486,Person,34,south
p31487,Person,59,north
p31488,Person,63,west
p31489,Person,23,north
p31490,Person,50,central
p31491,Person,61,north
p31492,Person,49,east
p31493,Person,48,central
p31494,Person,71,north
p31495,Person,33,south
p31496,Person,60,north
p31497,Person,20,central
p31498,Person,36,east
p31499,Person,52,north
p31500,Person,64,west
p31501,Person,67,south
p31502,Person,60,central
p31503,Person,53,central
p31504,Person,46,south
p31505,Person,65,east
p31506,Person,48,central
p31507,Person,48,east
p31508,Person,64,central
p31509,Person,68,central
p31510,Person,71,north
p31511,Person,71,south
p31512,Person,73,west
p31513,Person,28,south
p31514,Person,36,west
p31515,Person,20,south
p31516,Person,73,west
p31517,Person,74,west
p31518,Person,62,north
p31519,Person,44,north
p31520,Person,22,west
p31521,Person,29,central
p31522,Person,77,north
p31523,Person,19,north
p31524,Person,34,north
p31525,Person,18,central
p31526,Person,39,south
p31527,Person,47,west
p31528,Person,67,north
p31529,Person,37,central
p31530,Person,50,north
p31531,Person,77,west
p31532,Person,68,central
p31533,Person,63,south
p31534,Person,67,west
p31535,Person,77,west
p31536,Person,26,central
p31537,Person,30,west
p31538,Person,51,south
p31539,Person,51,north
p31540,Person,75,west
p31541,Person,67,central
p31542,Person,44,central
p31543,Person,73,west
p31544,Person,26,south
p31545,Person,33,north
p31546,Person,24,east
p31547,Person,58,west
p31548,Person,23,south
p31549,Person,47,central
p31550,Person,21,central
p31551,Person,31,south
p31552,Person,63,central
p31553,Person,37,south
p31554,Person,31,north
p31555,Person,74,central
p31556,Person,57,west
p31557,Person,37,north
p31558,Person,30,west
p31559,Person,37,central
p31560,Person,35,west
p31561,Person,54,central
p31562,Person,66,east
p31563,Person,77,west
p31564,Person,42,north
p31565,Person,27,central
p31566,Person,67,east
p31567,Person,38,central
p31568,Person,65,south
p31569,Person,77,west
p31570,Person,28,west
p31571,Person,50,west
p31572,Person,51,east
p31573,Person,42,central
p31574,Person,59,south
p31575,Person,41,east
p31576,Person,57,east
p31577,Person,45,central
p31578,Person,35,south
p31579,Person,45,central
p31580,Person,68,east
p31581,Person,23,west
p31582,Person,21,central
p31583,Person,27,north
p31584,Person,73,east
p31585,Person,70,central
p31586,Person,75,north
p31587,Person,35,west
p31588,Person,20,south
p31589,Person,67,east
p31590,Person,71,south
p31591,Person,24,central
p31592,Person,49,north
p31593,Person,74,east
p31594,Person,69,central
p31595,Person,69,central
p31596,Person,28,central
p31597,Person,69,west
p31598,Person,63,north
p31599,Person,30,south
p31600,Person,30,west
p31601,Person,37,south
p31602,Person,39,north
p31603,Person,32,north
p31604,Person,38,east
p31605,Person,23,central
p31606,Person,47,central
p31607,Person,45,west
p31608,Person,47,west
p31609,Person,31,east
p31610,Person,26,east
p31611,Person,25,east
p31612,Person,43,west
p31613,Person,55,east
p31614,Person,72,south
p31615,Person,49,north
p31616,Person,23,west
p31617,Person,64,east
p31618,Person,52,east
p31619,Person,67,west
p31620,Person,39,east
p31621,Person,42,south
p31622,Person,71,south
p31623,Person,40,west
p31624,Person,55,north
p31625,Person,50,central
p31626,Person,29,east
p31627,Person,41,north
p31628,Person,57,north
p31629,Person,61,south
p31630,Person,52,central
p31631,Person,70,west
p31632,Person,77,central
p31633,Person,69,north
p31634,Person,50,south
p31635,Person,39,south
p31636,Person,34,central
p31637,Person,77,north
p31638,Person,25,east
p31639,Person,31,south
p31640,Person,58,north
p31641,Person,46,south
p31642,Person,53,south
p31643,Person,19,east
p31644,Person,47,south
p31645,Person,68,north
p31646,Person,29,central
p31647,Person,61,east
p31648,Person,20,east
p31649,Person,49,central
p31650,Person,77,east
p31651,Person,31,north
p31652,Person,33,central
p31653,Person,59,east
p31654,Person,24,north
p31655,Person,71,south
p31656,Person,52,south
p31657,Person,34,south
p31658,Person,52,west
p31659,Person,39,north
p31660,Person,24,east
p31661,Person,65,east
p31662,Person,40,south
p31663,Person,53,central
p31664,Person,23,west
p31665,Person,37,north
p31666,Person,43,central
p31667,Person,33,south
p31668,Person,27,north
p31669,Person,22,east
p31670,Person,18,west
p31671,Person,74,north
p31672,Person,74,north
p31673,Person,47,north
p31674,Person,23,north
p31675,Person,58,east
p31676,Person,47,east
p31677,Person,32,west
p31678,Person,28,north
p31679,Person,58,west
p31680,Person,76,west
p31681,Person,23,east
p31682,Person,47,north
p31683,Person,33,east
p31684,Person,62,east
p31685,Person,41,south
p31686,Person,24,north
p31687,Person,23,north
p31688,Person,66,north
p31689,Person,35,north
p31690,Person,27,north
p31691,Person,25,east
p31692,Person,47,north
p31693,Person,32,central
p31694,Person,35,central
p31695,Person,65,north
p31696,Person,27,east
p31697,Person,19,north
p31698,Person,62,north
p31699,Person,65,south
p31700,Person,69,south
p31701,Person,21,west
p31702,Person,51,east
p31703,Person,28,north
p31704,Person,35,east
p31705,Person,34,north
p31706,Person,19,north
p31707,Person,43,central
p31708,Person,31,south
p31709,Person,19,west
p31710,Person,27,south
p31711,Person,36,north
p31712,Person,34,south
p31713,Person,23,east
p31714,Person,18,west
p31715,Person,34,north
p31716,Person,41,central
p31717,Person,21,west
p31718,Person,39,north
p31719,Person,53,central
p31720,Person,76,east
p31721,Person,58,west
p31722,Person,22,west
p31723,Person,51,west
p31724,Person,58,west
p31725,Person,36,east
p31726,Person,41,north
p31727,Person,62,north
p31728,Person,29,central
p31729,Person,60,east
p31730,Person,59,central
p31731,Person,49,west
p31732,Person,19,west
p31733,Person,60,west
p31734,Person,50,east
p31735,Person,41,west
p31736,Person,26,central
p31737,Person,52,north
p31738,Person,52,central
p31739,Person,33,west
p31740,Person,65,central
p31741,Person,70,central
p31742,Person,21,south
p31743,Person,23,west
p31744,Person,35,south
p31745,Person,64,south
p31746,Person,47,central
p31747,Person,37,west
p31748,Person,50,east
p31749,Person,30,central
p31750,Person,53,central
p31751,Person,29,west
p31752,Person,34,south
p31753,Person,61,central
p31754,Person,29,north
p31755,Person,56,east
p31756,Person,46,central
p31757,Person,22,central
p31758,Person,38,east
p31759,Person,34,west
p31760,Person,30,west
p31761,Person,69,south
p31762,Person,39,south
p31763,Person,74,north
p31764,Person,68,central
p31765,Person,21,central
p31766,Person,56,central
p31767,Person,24,north
p31768,Person,75,west
p31769,Person,27,south
p31770,Person,74,east
p31771,Person,74,west
p31772,Person,77,east
p31773,Person,30,central
p31774,Person,43,west
p31775,Person,60,west
p31776,Person,19,north
p31777,Person,46,west
p31778,Person,56,central
p31779,Person,26,west
p31780,Person,23,south
p31781,Person,28,west
p31782,Person,41,west
p31783,Person,76,central
p31784,Person,48,east
p31785,Person,29,west
p31786,Person,48,south
p31787,Person,55,west
p31788,Person,55,central
p31789,Person,39,west
p31790,Person,18,west
p31791,Person,23,east
p31792,Person,25,central
p31793,Person,36,north
p31794,Person,48,east
p31795,Person,34,west
p31796,Person,57,central
p31797,Person,50,north
p31798,Person,44,north
p31799,Person,58,north
p31800,Person,19,south
p31801,Person,72,south
p31802,Person,31,west
p31803,Person,24,east
p31804,Person,42,central
p31805,Person,20,east
p31806,Person,57,central
p31807,Person,23,north
p31808,Person,31,south
p31809,Person,50,south
p31810,Person,66,east
p31811,Person,59,central
p31812,Person,43,north
p31813,Person,72,south
p31814,Person,70,east
p31815,Person,18,east
p31816,Person,76,west
p31817,Person,75,east
p31818,Person,20,south
p31819,Person,51,west
p31820,Person,67,east
p31821,Person,35,north
p31822,Person,45,east
p31823,Person,54,east
p31824,Person,70,north
p31825,Person,45,south
p31826,Person,21,north
p31827,Person,33,south
p31828,Person,58,south
p31829,Person,73,west
p31830,Person,18,central
p31831,Person,70,east
p31832,Person,55,east
p31833,Person,46,east
p31834,Person,33,east
p31835,Person,49,east
p31836,Person,58,west
p31837,Person,69,west
p31838,Person,52,east
p31839,Person,71,north
p31840,Person,59,north
p31841,Person,74,west
p31842,Person,45,north
p31843,Person,54,east
p31844,Person,57,central
p31845,Person,33,east
p31846,Person,30,north
p31847,Person,28,north
p31848,Person,28,central
p31849,Person,61,south
p31850,Person,37,east
p31851,Person,47,central
p31852,Person,71,east
p31853,Person,59,west
p31854,Person,62,north
p31855,Person,49,south
p31856,Person,67,south
p31857,Person,43,north
p31858,Person,69,west
p31859,Person,39,central
p31860,Person,72,south
p31861,Person,68,west
p31862,Person,71,west
p31863,Person,30,west
p31864,Person,58,east
p31865,Person,58,north
p31866,Person,34,west
p31867,Person,55,west
p31868,Person,25,south
p31869,Person,47,west
p31870,Person,63,south
p31871,Person,41,north
p31872,Person,22,west
p31873,Person,63,south
p31874,Person,63,east
p31875,Person,69,north
p31876,Person,56,east
p31877,Person,26,north
p31878,Person,73,west
p31879,Person,53,east
p31880,Person,26,east
p31881,Person,55,west
p31882,Person,35,west
p31883,Person,25,east
p31884,Person,48,north
p31885,Person,60,south
p31886,Person,51,east
p31887,Person,57,west
p31888,Person,77,east
p31889,Person,71,central
p31890,Person,75,west
p31891,Person,53,south
p31892,Person,65,central
p31893,Person,32,central
p31894,Person,61,east
p31895,Person,77,south
p31896,Person,61,west
p31897,Person,55,east
p31898,Person,30,west
p31899,Person,66,central
p31900,Person,62,west
p31901,Person,18,east
p31902,Person,38,north
p31903,Person,61,north
p31904,Person,55,north
p31905,Person,39,east
p31906,Person,49,south
p31907,Person,77,north
p31908,Person,76,north
p31909,Person,70,east
p31910,Person,35,east
p31911,Person,46,north
p31912,Person,74,central
p31913,Person,35,east
p31914,Person,64,west
p31915,Person,72,north
p31916,Person,57,north
p31917,Person,49,central
p31918,Person,46,east
p31919,Person,26,east
p31920,Person,58,east
p31921,Person,27,central
p31922,Person,41,south
p31923,Person,30,south
p31924,Person,60,west
p31925,Person,60,south
p31926,Person,73,central
p31927,Person,31,south
p31928,Person,37,central
p31929,Person,68,south
p31930,Person,55,south
p31931,Person,23,south
p31932,Person,21,east
p31933,Person,58,east
p31934,Person,53,north
p31935,Person,44,south
p31936,Person,26,central
p31937,Person,66,east
p31938,Person,27,east
p31939,Person,31,south
p31940,Person,39,south
p31941,Person,41,west
p31942,Person,59,south
p31943,Person,40,south
p31944,Person,26,north
p31945,Person,63,north
p31946,Person,49,west
p31947,Person,52,east
p31948,Person,70,central
p31949,Person,18,west
p31950,Person,25,east
p31951,Person,61,central
p31952,Person,26,central
p31953,Person,62,west
p31954,Person,46,north
p31955,Person,44,south
p31956,Person,49,west
p31957,Person,41,central
p31958,Person,61,central
p31959,Person,67,central
p31960,Person,58,south
p31961,Person,38,south
p31962,Person,37,north
p31963,Person,18,central
p31964,Person,22,central
p31965,Person,25,central
p31966,Person,66,west
p31967,Person,28,central
p31968,Person,36,east
p31969,Person,74,south
p31970,Person,65,north
p31971,Person,60,north
p31972,Person,24,east
p31973,Person,73,east
p31974,Person,23,north
p31975,Person,18,south
p31976,Person,63,central
p31977,Person,27,central
p31978,Person,71,east
p31979,Person,46,central
p31980,Person,47,north
p31981,Person,60,south
p31982,Person,24,west
p31983,Person,42,east
p31984,Person,55,west
p31985,Person,57,central
p31986,Person,43,central
p31987,Person,66,east
p31988,Person,71,south
p31989,Person,28,north
p31990,Person,38,west
p31991,Person,66,south
p31992,Person,28,north
p31993,Person,46,west
p31994,Person,47,north
p31995,Person,71,north
p31996,Person,32,south
p31997,Person,71,west
p31998,Person,64,east
p31999,Person,20,east
p32000,Person,71,north
p32001,Person,47,north
p32002,Person,45,east
p32003,Person,65,west
p32004,Person,23,central
p32005,Person,22,east
p32006,Person,20,west
p32007,Person,26,central
p32008,Person,31,south
p32009,Person,18,east
p32010,Person,53,south
p32011,Person,70,south
p32012,Person,74,west
p32013,Person,41,central
p32014,Person,76,west
p32015,Person,35,north
p32016,Person,32,north
p32017,Person,34,west
p32018,Person,46,central
p32019,Person,45,central
p32020,Person,47,east
p32021,Person,67,central
p32022,Person,19,west
p32023,Person,62,east
p32024,Person,56,central
p32025,Person,43,east
p32026,Person,74,west
p32027,Person,48,north
p32028,Person,33,east
p32029,Person,69,south
p32030,Person,59,south
p32031,Person,61,east
p32032,Person,33,west
p32033,Person,65,central
p32034,Person,29,east
p32035,Person,41,north
p32036,Person,77,west
p32037,Person,48,north
p32038,Person,29,south
p32039,Person,35,east
p32040,Person,75,west
p32041,Person,70,central
p32042,Person,41,north
p32043,Person,58,north
p32044,Person,54,east
p32045,Person,45,east
p32046,Person,42,east
p32047,Person,69,north
p32048,Person,69,south
p32049,Person,54,west
p32050,Person,53,central
p32051,Person,38,north
p32052,Person,73,west
p32053,Person,49,central
p32054,Person,52,north
p32055,Person,20,west
p32056,Person,43,north
p32057,Person,73,west
p32058,Person,41,north
p32059,Person,20,west
p32060,Person,75,central
p32061,Person,40,south
p32062,Person,47,west
p32063,Person,77,west
p32064,Person,67,north
p32065,Person,70,north
p32066,Person,29,south
p32067,Person,26,west
p32068,Person,62,central
p32069,Person,41,south
p32070,Person,20,central
p32071,Person,59,west
p32072,Person,27,north
p32073,Person,45,west
p32074,Person,48,north
p32075,Person,26,south
p32076,Person,52,central
p32077,Person,56,east
p32078,Person,39,north
p32079,Person,46,west
p32080,Person,67,central
p32081,Person,32,central
p32082,Person,66,south
p32083,Person,38,central
p32084,Person,62,east
p32085,Person,56,south
p32086,Person,61,north
p32087,Person,47,central
p32088,Person,58,central
p32089,Person,33,east
p32090,Person,53,east
p32091,Person,60,south
p32092,Person,31,west
p32093,Person,20,north
p32094,Person,58,south
p32095,Person,63,central
p32096,Person,19,east
p32097,Person,74,west
p32098,Person,69,central
p32099,Person,61,central
p32100,Person,32,south
p32101,Person,66,east
p32102,Person,43,north
p32103,Person,57,south
p32104,Person,25,central
p32105,Person,23,east
p32106,Person,24,north
p32107,Person,30,east
p32108,Person,40,central
p32109,Person,63,west
p32110,Person,57,central
p32111,Person,56,east
p32112,Person,63,west
p32113,Person,62,east
p32114,Person,20,west
p32115,Person,24,south
p32116,Person,59,east
p32117,Person,27,north
p32118,Person,40,east
p32119,Person,56,south
p32120,Person,32,west
p32121,Person,23,north
p32122,Person,47,south
p32123,Person,59,west
p32124,Person,46,east
p32125,Person,38,central
p32126,Person,54,east
p32127,Person,66,central
p32128,Person,27,south
p32129,Person,64,east
p32130,Person,32,east
p32131,Person,60,central
p32132,Person,34,central
p32133,Person,77,east
p32134,Person,55,central
p32135,Person,53,west
p32136,Person,59,north
p32137,Person,32,north
p32138,Person,75,central
p32139,Person,58,east
p32140,Person,19,south
p32141,Person,53,west
p32142,Person,45,south
p32143,Person,69,north
p32144,Person,22,east
p32145,Person,28,south
p32146,Person,62,west
p32147,Person,63,south
p32148,Person,59,south
p32149,Person,43,east
p32150,Person,24,central
p32151,Person,33,east
p32152,Person,43,central
p32153,Person,75,north
p32154,Person,46,central
p32155,Person,18,south
p32156,Person,72,north
p32157,Person,48,central
p32158,Person,37,south
p32159,Person,52,north
p32160,Person,39,south
p32161,Person,61,central
p32162,Person,67,east
p32163,Person,26,central
p32164,Person,69,north
p32165,Person,64,west
p32166,Person,72,central
p32167,Person,75,south
p32168,Person,52,central
p32169,Person,50,central
p32170,Person,50,north
p32171,Person,21,central
p32172,Person,34,east
p32173,Person,67,west
p32174,Person,57,north
p32175,Person,19,central
p32176,Person,37,south
p32177,Person,33,west
p32178,Person,50,east
p32179,Person,32,south
p32180,Person,27,west
p32181,Person,55,central
p32182,Person,35,central
p32183,Person,39,west
p32184,Person,22,west
p32185,Person,72,east
p32186,Person,35,north
p32187,Person,41,south
p32188,Person,26,west
p32189,Person,25,south
p32190,Person,50,south
p32191,Person,54,south
p32192,Person,70,east
p32193,Person,54,east
p32194,Person,55,east
p32195,Person,66,central
p32196,Person,75,south
p32197,Person,19,east
p32198,Person,59,east
p32199,Person,58,north
p32200,Person,29,east
p32201,Person,23,west
p32202,Person,67,central
p32203,Person,71,north
p32204,Person,48,south
p32205,Person,23,south
p32206,Person,56,west
p32207,Person,49,north
p32208,Person,77,north
p32209,Person,58,west
p32210,Person,40,west
p32211,Person,18,south
p32212,Person,22,central
p32213,Person,67,east
p32214,Person,41,west
p32215,Person,45,north
p32216,Person,65,south
p32217,Person,20,west
p32218,Person,71,north
p32219,Person,58,west
p32220,Person,28,south
p32221,Person,46,north
p32222,Person,28,central
p32223,Person,27,south
p32224,Person,55,central
p32225,Person,22,east
p32226,Person,59,north
p32227,Person,48,east
p32228,Person,69,central
p32229,Person,75,west
p32230,Person,46,east
p32231,Person,34,north
p32232,Person,37,central
p32233,Person,56,north
p32234,Person,32,west
p32235,Person,34,north
p32236,Person,44,west
p32237,Person,27,north
p32238,Person,59,central
p32239,Person,68,south
p32240,Person,56,south
p32241,Person,65,south
p32242,Person,73,west
p32243,Person,69,north
p32244,Person,57,central
p32245,Person,32,south
p32246,Person,33,central
p32247,Person,58,north
p32248,Person,67,west
p32249,Person,25,west
p32250,Person,50,north
p32251,Person,52,east
p32252,Person,75,north
p32253,Person,35,central
p32254,Person,22,south
p32255,Person,70,west
p32256,Person,41,east
p32257,Person,42,central
p32258,Person,56,north
p32259,Person,37,west
p32260,Person,33,west
p32261,Person,33,central
p32262,Person,34,central
p32263,Person,42,east
p32264,Person,40,central
p32265,Person,21,east
p32266,Person,31,central
p32267,Person,71,east
p32268,Person,21,central
p32269,Person,46,south
p32270,Person,31,north
p32271,Person,69,east
p32272,Person,33,west
p32273,Person,20,west
p32274,Person,61,east
p32275,Person,51,south
p32276,Person,49,west
p32277,Person,32,east
p32278,Person,45,south
p32279,Person,19,west
p32280,Person,62,east
p32281,Person,39,south
p32282,Person,27,west
p32283,Person,30,west
p32284,Person,50,west
p32285,Person,58,east
p32286,Person,58,north
p32287,Person,25,north
p32288,Person,51,central
p32289,Person,33,south
p32290,Person,66,north
p32291,Person,59,east
p32292,Person,48,central
p32293,Person,58,south
p32294,Person,62,central
p32295,Person,19,west
p32296,Person,38,east
p32297,Person,25,south
p32298,Person,39,central
p32299,Person,37,south
p32300,Person,73,west
p32301,Person,54,south
p32302,Person,59,east
p32303,Person,21,central
p32304,Person,56,west
p32305,Person,34,west
p32306,Person,27,south
p32307,Person,49,north
p32308,Person,73,east
p32309,Person,66,north
p32310,Person,47,south
p32311,Person,32,west
p32312,Person,21,central
p32313,Person,61,south
p32314,Person,23,east
p32315,Person,19,east
p32316,Person,58,south
p32317,Person,25,central
p32318,Person,53,east
p32319,Person,62,central
p32320,Person,52,central
p32321,Person,28,east
p32322,Person,25,north
p32323,Person,70,east
p32324,Person,37,central
p32325,Person,64,south
p32326,Person,38,south
p32327,Person,38,north
p32328,Person,26,west
p32329,Person,52,east
p32330,Person,35,north
p32331,Person,24,south
p32332,Person,56,south
p32333,Person,40,east
p32334,Person,47,west
p32335,Person,48,west
p32336,Person,34,north
p32337,Person,54,east
p32338,Person,19,north
p32339,Person,53,south
p32340,Person,36,central
p32341,Person,45,west
p32342,Person,20,west
p32343,Person,35,west
p32344,Person,41,west
p32345,Person,76,east
p32346,Person,45,west
p32347,Person,20,west
p32348,Person,43,west
p32349,Person,52,east
p32350,Person,63,central
p32351,Person,20,east
p32352,Person,69,east
p32353,Person,74,central
p32354,Person,31,central
p32355,Person,27,west
p32356,Person,75,north
p32357,Person,60,south
p32358,Person,58,west
p32359,Person,29,central
p32360,Person,40,east
p32361,Person,58,north
p32362,Person,41,north
p32363,Person,57,north
p32364,Person,77,central
p32365,Person,61,west
p32366,Person,54,east
p32367,Person,70,east
p32368,Person,73,east
p32369,Person,68,east
p32370,Person,57,north
p32371,Person,22,west
p32372,Person,56,south
p32373,Person,20,central
p32374,Person,27,east
p32375,Person,76,north
p32376,Person,29,central
p32377,Person,41,west
p32378,Person,27,central
p32379,Person,47,east
p32380,Person,67,east
p32381,Person,65,north
p32382,Person,25,central
p32383,Person,66,central
p32384,Person,24,east
p32385,Person,34,central
p32386,Person,30,north
p32387,Person,31,central
p32388,Person,20,south
p32389,Person,36,central
p32390,Person,39,north
p32391,Person,34,central
p32392,Person,74,east
p32393,Person,77,west
p32394,Person,48,west
p32395,Person,19,south
p32396,Person,64,north
p32397,Person,57,central
p32398,Person,52,north
p32399,Person,57,west
p32400,Person,29,north
p32401,Person,44,south
p32402,Person,64,west
p32403,Person,64,central
p32404,Person,39,south
p32405,Person,45,central
p32406,Person,19,east
p32407,Person,37,central
p32408,Person,52,south
p32409,Person,76,central
p32410,Person,30,west
p32411,Person,76,north
p32412,Person,76,central
p32413,Person,65,east
p32414,Person,30,south
p32415,Person,58,west
p32416,Person,29,central
p32417,Person,72,south
p32418,Person,73,west
p32419,Person,62,east
p32420,Person,20,central
p32421,Person,68,west
p32422,Person,37,central
p32423,Person,51,central
p32424,Person,29,north
p32425,Person,22,west
p32426,Person,72,west
p32427,Person,23,west
p32428,Person,53,central
p32429,Person,56,central
p32430,Person,29,west
p32431,Person,55,west
p32432,Person,38,central
p32433,Person,71,west
p32434,Person,41,south
p32435,Person,28,north
p32436,Person,60,north
p32437,Person,47,central
p32438,Person,23,south
p32439,Person,56,south
p32440,Person,69,west
p32441,Person,54,east
p32442,Person,31,west
p32443,Person,60,west
p32444,Person,71,east
p32445,Person,58,north
p32446,Person,20,west
p32447,Person,54,east
p32448,Person,24,south
p32449,Person,51,west
p32450,Person,64,west
p32451,Person,54,east
p32452,Person,29,south
p32453,Person,63,north
p32454,Person,64,central
p32455,Person,32,north
p32456,Person,50,east
p32457,Person,46,central
p32458,Person,50,south
p32459,Person,76,west
p32460,Person,60,central
p32461,Person,52,central
p32462,Person,28,south
p32463,Person,19,west
p32464,Person,22,east
p32465,Person,57,east
p32466,Person,18,west
p32467,Person,35,east
p32468,Person,63,east
p32469,Person,31,east
p32470,Person,69,west
p32471,Person,68,east
p32472,Person,40,south
p32473,Person,37,north
p32474,Person,73,east
p32475,Person,63,east
p32476,Person,41,west
p32477,Person,35,east
p32478,Person,30,west
p32479,Person,24,west
p32480,Person,53,central
p32481,Person,19,south
p32482,Person,56,west
p32483,Person,70,east
p32484,Person,59,north
p32485,Person,40,central
p32486,Person,52,west
p32487,Person,53,north
p32488,Person,62,east
p32489,Person,55,north
p32490,Person,43,south
p32491,Person,69,central
p32492,Person,70,central
p32493,Person,61,north
p32494,Person,69,west
p32495,Person,64,east
p32496,Person,68,south
p32497,Person,65,central
p32498,Person,59,east
p32499,Person,67,south
p32500,Person,46,south
p32501,Person,65,west
p32502,Person,62,north
p32503,Person,66,west
p32504,Person,70,north
p32505,Person,39,south
p32506,Person,22,south
p32507,Person,56,central
p32508,Person,50,west
p32509,Person,74,south
p32510,Person,62,north
p32511,Person,53,central
p32512,Person,61,north
p32513,Person,48,east
p32514,Person,40,west
p32515,Person,31,east
p32516,Person,53,north
p32517,Person,28,central
p32518,Person,26,central
p32519,Person,74,east
p32520,Person,65,north
p32521,Person,68,north
p32522,Person,71,south
p32523,Person,47,north
p32524,Person,34,east
p32525,Person,26,central
p32526,Person,48,central
p32527,Person,38,north
p32528,Person,39,south
p32529,Person,27,west
p32530,Person,21,west
p32531,Person,25,central
p32532,Person,36,south
p32533,Person,28,west
p32534,Person,61,central
p32535,Person,63,south
p32536,Person,26,north
p32537,Person,46,east
p32538,Person,58,west
p32539,Person,71,west
p32540,Person,36,east
p32541,Person,45,west
p32542,Person,38,east
p32543,Person,25,south
p32544,Person,47,east
p32545,Person,38,east
p32546,Person,69,north
p32547,Person,25,south
p32548,Person,20,south
p32549,Person,67,east
p32550,Person,67,east
p32551,Person,59,central
p32552,Person,75,north
p32553,Person,39,south
p32554,Person,51,west
p32555,Person,68,south
p32556,Person,74,west
p32557,Person,49,east
p32558,Person,50,central
p32559,Person,23,east
p32560,Person,64,south
p32561,Person,42,central
p32562,Person,28,south
p32563,Person,25,central
p32564,Person,44,west
p32565,Person,73,south
p32566,Person,36,south
p32567,Person,22,west
p32568,Person,48,north
p32569,Person,62,east
p32570,Person,26,south
p32571,Person,62,south
p32572,Person,25,east
p32573,Person,26,north
p32574,Person,22,central
p32575,Person,38,south
p32576,Person,75,north
p32577,Person,34,west
p32578,Person,75,east
p32579,Person,49,south
p32580,Person,45,west
p32581,Person,67,south
p32582,Person,18,west
p32583,Person,63,north
p32584,Person,50,south
p32585,Person,34,west
p32586,Person,74,north
p32587,Person,30,east
p32588,Person,73,west
p32589,Person,36,west
p32590,Person,75,central
p32591,Person,66,central
p32592,Person,23,central
p32593,Person,23,north
p32594,Person,52,west
p32595,Person,32,east
p32596,Person,29,west
p32597,Person,72,south
p32598,Person,74,north
p32599,Person,77,central
p32600,Person,46,west
p32601,Person,43,central
p32602,Person,54,east
p32603,Person,57,north
p32604,Person,59,central
p32605,Person,62,east
p32606,Person,54,west
p32607,Person,62,west
p32608,Person,77,central
p32609,Person,69,north
p32610,Person,24,east
p32611,Person,45,north
p32612,Person,59,south
p32613,Person,44,north
p32614,Person,52,east
p32615,Person,71,east
p32616,Person,60,north
p32617,Person,30,west
p32618,Person,27,west
p32619,Person,69,south
p32620,Person,64,east
p32621,Person,32,central
p32622,Person,43,central
p32623,Person,42,east
p32624,Person,60,north
p32625,Person,67,east
p32626,Person,28,east
p32627,Person,68,central
p32628,Person,64,north
p32629,Person,30,east
p32630,Person,37,west
p32631,Person,56,north
p32632,Person,69,north
p32633,Person,44,south
p32634,Person,54,north
p32635,Person,66,north
p32636,Person,61,north
p32637,Person,33,east
p32638,Person,24,south
p32639,Person,73,south
p32640,Person,25,central
p32641,Person,20,south
p32642,Person,48,central
p32643,Person,34,east
p32644,Person,74,central
p32645,Person,56,east
p32646,Person,19,north
p32647,Person,44,east
p32648,Person,69,west
p32649,Person,70,central
p32650,Person,40,west
p32651,Person,70,south
p32652,Person,35,central
p32653,Person,55,east
p32654,Person,31,west
p32655,Person,55,east
p32656,Person,44,central
p32657,Person,45,north
p32658,Person,41,west
p32659,Person,33,north
p32660,Person,52,west
p32661,Person,31,south
p32662,Person,56,central
p32663,Person,44,north
p32664,Person,53,central
p32665,Person,23,south
p32666,Person,50,central
p32667,Person,32,south
p32668,Person,77,central
p32669,Person,64,central
p32670,Person,68,central
p32671,Person,66,north
p32672,Person,49,north
p32673,Person,27,west
p32674,Person,67,west
p32675,Person,25,east
p32676,Person,39,north
p32677,Person,64,north
p32678,Person,71,central
p32679,Person,28,east
p32680,Person,38,central
p32681,Person,51,south
p32682,Person,20,south
p32683,Person,51,south
p32684,Person,41,central
p32685,Person,73,north
p32686,Person,22,central
p32687,Person,22,east
p32688,Person,36,south
p32689,Person,50,central
p32690,Person,59,central
p32691,Person,47,west
p32692,Person,20,east
p32693,Person,69,south
p32694,Person,25,east
p32695,Person,34,west
p32696,Person,36,central
p32697,Person,34,west
p32698,Person,52,east
p32699,Person,70,south
p32700,Person,57,south
p32701,Person,55,west
p32702,Person,61,south
p32703,Person,63,north
p32704,Person,46,east
p32705,Person,69,south
p32706,Person,60,south
p32707,Person,45,north
p32708,Person,37,east
p32709,Person,38,west
p32710,Person,68,north
p32711,Person,75,south
p32712,Person,37,south
p32713,Person,52,east
p32714,Person,21,east
p32715,Person,69,west
p32716,Person,42,north
p32717,Person,70,central
p32718,Person,26,east
p32719,Person,46,east
p32720,Person,51,west
p32721,Person,42,north
p32722,Person,35,central
p32723,Person,70,east
p32724,Person,44,south
p32725,Person,34,north
p32726,Person,50,west
p32727,Person,58,north
p32728,Person,56,west
p32729,Person,57,east
p32730,Person,68,west
p32731,Person,64,north
p32732,Person,31,north
p32733,Person,38,west
p32734,Person,33,west
p32735,Person,57,west
p32736,Person,51,east
p32737,Person,29,north
p32738,Person,41,north
p32739,Person,26,west
p32740,Person,71,east
p32741,Person,42,central
p32742,Person,73,west
p32743,Person,74,central
p32744,Person,41,east
p32745,Person,65,east
p32746,Person,72,west
p32747,Person,68,central
p32748,Person,30,west
p32749,Person,22,south
p32750,Person,53,east
p32751,Person,63,east
p32752,Person,38,west
p32753,Person,67,east
p32754,Person,64,west
p32755,Person,58,west
p32756,Person,34,south
p32757,Person,27,central
p32758,Person,42,east
p32759,Person,19,south
p32760,Person,67,east
p32761,Person,33,west
p32762,Person,38,north
p32763,Person,39,west
p32764,Person,27,north
p32765,Person,22,south
p32766,Person,63,central
p32767,Person,32,south
p32768,Person,71,east
p32769,Person,76,east
p32770,Person,56,west
p32771,Person,28,north
p32772,Person,76,south
p32773,Person,48,south
p32774,Person,46,west
p32775,Person,19,east
p32776,Person,29,east
p32777,Person,42,east
p32778,Person,29,north
p32779,Person,73,south
p32780,Person,22,central
p32781,Person,19,central
p32782,Person,45,south
p32783,Person,58,north
p32784,Person,56,south
p32785,Person,44,north
p32786,Person,58,central
p32787,Person,40,south
p32788,Person,52,central
p32789,Person,70,north
p32790,Person,64,north
p32791,Person,75,south
p32792,Person,39,south
p32793,Person,26,central
p32794,Person,66,east
p32795,Person,73,east
p32796,Person,73,central
p32797,Person,60,south
p32798,Person,58,east
p32799,Person,55,north
p32800,Person,46,south
p32801,Person,71,east
p32802,Person,63,south
p32803,Person,60,north
p32804,Person,53,central
p32805,Person,52,west
p32806,Person,29,east
p32807,Person,57,central
p32808,Person,28,south
p32809,Person,19,east
p32810,Person,40,north
p32811,Person,76,east
p32812,Person,40,south
p32813,Person,25,east
p32814,Person,26,east
p32815,Person,53,west
p32816,Person,41,south
p32817,Person,55,east
p32818,Person,42,east
p32819,Person,25,north
p32820,Person,44,east
p32821,Person,24,west
p32822,Person,47,south
p32823,Person,34,east
p32824,Person,77,west
p32825,Person,73,west
p32826,Person,54,west
p32827,Person,51,south
p32828,Person,41,north
p32829,Person,77,north
p32830,Person,34,east
p32831,Person,48,west
p32832,Person,26,north
p32833,Person,30,west
p32834,Person,52,west
p32835,Person,63,north
p32836,Person,59,east
p32837,Person,72,north
p32838,Person,66,east
p32839,Person,75,central
p32840,Person,31,west
p32841,Person,59,south
p32842,Person,69,east
p32843,Person,65,west
p32844,Person,77,east
p32845,Person,68,west
p32846,Person,27,west
p32847,Person,36,south
p32848,Person,18,west
p32849,Person,45,central
p32850,Person,73,south
p32851,Person,45,south
p32852,Person,70,east
p32853,Person,55,central
p32854,Person,21,north
p32855,Person,61,north
p32856,Person,77,central
p32857,Person,60,east
p32858,Person,37,east
p32859,Person,61,east
p32860,Person,28,south
p32861,Person,53,east
p32862,Person,76,west
p32863,Person,43,west
p32864,Person,60,north
p32865,Person,53,north
p32866,Person,22,west
p32867,Person,73,south
p32868,Person,54,west
p32869,Person,37,north
p32870,Person,19,south
p32871,Person,53,south
p32872,Person,36,south
p32873,Person,33,west
p32874,Person,54,west
p32875,Person,51,north
p32876,Person,31,east
p32877,Person,33,south
p32878,Person,74,west
p32879,Person,64,east
p32880,Person,75,east
p32881,Person,18,south
p32882,Person,45,south
p32883,Person,48,east
p32884,Person,29,central
p32885,Person,36,south
p32886,Person,58,east
p32887,Person,68,east
p32888,Person,30,central
p32889,Person,52,north
p32890,Person,48,central
p32891,Person,75,north
p32892,Person,35,east
p32893,Person,73,east
p32894,Person,54,south
p32895,Person,46,north
p32896,Person,21,east
p32897,Person,65,north
p32898,Person,21,west
p32899,Person,59,south
p32900,Person,29,south
p32901,Person,40,central
p32902,Person,57,central
p32903,Person,27,east
p32904,Person,41,north
p32905,Person,52,north
p32906,Person,43,west
p32907,Person,56,central
p32908,Person,20,west
p32909,Person,52,east
p32910,Person,23,south
p32911,Person,44,north
p32912,Person,74,central
p32913,Person,63,central
p32914,Person,61,east
p32915,Person,52,south
p32916,Person,38,central
p32917,Person,76,north
p32918,Person,54,west
p32919,Person,76,east
p32920,Person,34,south
p32921,Person,51,west
p32922,Person,31,north
p32923,Person,33,central
p32924,Person,29,south
p32925,Person,57,north
p32926,Person,66,north
p32927,Person,34,south
p32928,Person,74,central
p32929,Person,50,east
p32930,Person,54,west
p32931,Person,45,south
p32932,Person,60,south
p32933,Person,46,east
p32934,Person,46,central
p32935,Person,42,east
p32936,Person,46,north
p32937,Person,48,south
p32938,Person,41,west
p32939,Person,49,south
p32940,Person,68,east
p32941,Person,40,west
p32942,Person,21,south
p32943,Person,37,west
p32944,Person,59,north
p32945,Person,38,west
p32946,Person,67,west
p32947,Person,71,central
p32948,Person,55,east
p32949,Person,20,central
p32950,Person,70,east
p32951,Person,48,north
p32952,Person,38,south
p32953,Person,38,north
p32954,Person,62,west
p32955,Person,43,east
p32956,Person,19,east
p32957,Person,19,east
p32958,Person,76,south
p32959,Person,21,south
p32960,Person,76,central
p32961,Person,61,east
p32962,Person,72,south
p32963,Person,52,west
p32964,Person,69,central
p32965,Person,38,south
p32966,Person,34,south
p32967,Person,67,west
p32968,Person,68,south
p32969,Person,54,north
p32970,Person,41,east
p32971,Person,67,south
p32972,Person,30,south
p32973,Person,57,east
p32974,Person,44,central
p32975,Person,41,east
p32976,Person,60,east
p32977,Person,20,south
p32978,Person,75,east
p32979,Person,44,east
p32980,Person,56,north
p32981,Person,60,south
p32982,Person,70,north
p32983,Person,68,north
p32984,Person,56,north
p32985,Person,40,east
p32986,Person,67,east
p32987,Person,63,central
p32988,Person,23,north
p32989,Person,45,central
p32990,Person,24,central
p32991,Person,21,north
p32992,Person,53,east
p32993,Person,63,central
p32994,Person,61,north
p32995,Person,37,north
p32996,Person,28,south
p32997,Person,31,west
p32998,Person,37,west
p32999,Person,66,east
p33000,Person,27,central
p33001,Person,55,west
p33002,Person,43,north
p33003,Person,66,central
p33004,Person,25,west
p33005,Person,21,central
p33006,Person,49,west
p33007,Person,52,east
p33008,Person,42,central
p33009,Person,42,south
p33010,Person,30,central
p33011,Person,75,north
p33012,Person,40,south
p33013,Person,50,west
p33014,Person,44,south
p33015,Person,54,west
p33016,Person,20,west
p33017,Person,49,west
p33018,Person,61,east
p33019,Person,25,north
p33020,Person,37,north
p33021,Person,30,south
p33022,Person,30,north
p33023,Person,77,west
p33024,Person,27,south
p33025,Person,24,central
p33026,Person,53,west
p33027,Person,48,west
p33028,Person,56,north
p33029,Person,77,central
p33030,Person,29,east
p33031,Person,75,central
p33032,Person,43,west
p33033,Person,53,central
p33034,Person,33,south
p33035,Person,60,north
p33036,Person,42,central
p33037,Person,36,east
p33038,Person,22,central
p33039,Person,34,north
p33040,Person,76,south
p33041,Person,41,north
p33042,Person,58,north
p33043,Person,39,south
p33044,Person,20,south
p33045,Person,77,south
p33046,Person,32,east
p33047,Person,29,east
p33048,Person,46,west
p33049,Person,43,north
p33050,Person,41,central
p33051,Person,20,north
p33052,Person,67,central
p33053,Person,43,south
p33054,Person,23,north
p33055,Person,50,south
p33056,Person,65,east
p33057,Person,30,east
p33058,Person,32,central
p33059,Person,42,north
p33060,Person,39,central
p33061,Person,51,west
p33062,Person,26,central
p33063,Person,31,north
p33064,Person,58,central
p33065,Person,58,central
p33066,Person,33,south
p33067,Person,71,south
p33068,Person,23,north
p33069,Person,25,south
p33070,Person,39,central
p33071,Person,55,central
p33072,Person,77,west
p33073,Person,72,east
p33074,Person,36,south
p33075,Person,46,north
p33076,Person,43,central
p33077,Person,66,north
p33078,Person,75,east
p33079,Person,19,south
p33080,Person,52,north
p33081,Person,24,north
p33082,Person,77,north
p33083,Person,33,west
p33084,Person,67,south
p33085,Person,60,north
p33086,Person,75,south
p33087,Person,70,west
p33088,Person,26,central
p33089,Person,25,north
p33090,Person,33,east
p33091,Person,68,west
p33092,Person,26,east
p33093,Person,55,south
p33094,Person,51,north
p33095,Person,72,west
p33096,Person,73,north
p33097,Person,53,central
p33098,Person,64,east
p33099,Person,45,north
p33100,Person,22,east
p33101,Person,31,east
p33102,Person,28,south
p33103,Person,43,south
p33104,Person,55,central
p33105,Person,45,east
p33106,Person,22,east
p33107,Person,67,south
p33108,Person,40,east
p33109,Person,24,east
p33110,Person,34,east
p33111,Person,76,west
p33112,Person,67,east
p33113,Person,24,south
p33114,Person,40,central
p33115,Person,62,central
p33116,Person,62,north
p33117,Person,18,north
p33118,Person,44,north
p33119,Person,56,central
p33120,Person,34,east
p33121,Person,70,east
p33122,Person,50,central
p33123,Person,34,north
p33124,Person,18,south
p33125,Person,72,north
p33126,Person,56,central
p33127,Person,18,north
p33128,Person,75,west
p33129,Person,21,south
p33130,Person,60,north
p33131,Person,30,east
p33132,Person,36,west
p33133,Person,72,west
p33134,Person,56,west
p33135,Person,72,west
p33136,Person,63,east
p33137,Person,30,north
p33138,Person,23,west
p33139,Person,58,central
p33140,Person,60,central
p33141,Person,68,north
p33142,Person,23,north
p33143,Person,69,east
p33144,Person,33,west
p33145,Person,38,south
p33146,Person,68,north
p33147,Person,23,central
p33148,Person,49,east
p33149,Person,18,west
p33150,Person,41,north
p33151,Person,47,east
p33152,Person,71,east
p33153,Person,35,east
p33154,Person,52,central
p33155,Person,69,south
p33156,Person,52,central
p33157,Person,76,north
p33158,Person,44,south
p33159,Person,39,east
p33160,Person,34,east
p33161,Person,51,east
p33162,Person,26,north
p33163,Person,62,central
p33164,Person,47,south
p33165,Person,54,north
p33166,Person,74,central
p33167,Person,74,west
p33168,Person,19,east
p33169,Person,48,north
p33170,Person,42,north
p33171,Person,32,south
p33172,Person,28,central
p33173,Person,54,west
p33174,Person,46,north
p33175,Person,22,south
p33176,Person,53,central
p33177,Person,19,south
p33178,Person,29,east
p33179,Person,67,east
p33180,Person,63,south
p33181,Person,69,north
p33182,Person,43,west
p33183,Person,64,west
p33184,Person,67,south
p33185,Person,75,south
p33186,Person,48,west
p33187,Person,19,north
p33188,Person,32,west
p33189,Person,76,east
p33190,Person,48,west
p33191,Person,37,central
p33192,Person,75,east
p33193,Person,29,west
p33194,Person,66,central
p33195,Person,66,north
p33196,Person,26,central
p33197,Person,39,south
p33198,Person,20,north
p33199,Person,35,north
p33200,Person,39,east
p33201,Person,53,south
p33202,Person,71,central
p33203,Person,45,west
p33204,Person,62,south
p33205,Person,42,south
p33206,Person,45,west
p33207,Person,49,west
p33208,Person,27,south
p33209,Person,31,south
p33210,Person,63,north
p33211,Person,28,central
p33212,Person,49,west
p33213,Person,46,east
p33214,Person,58,central
p33215,Person,33,north
p33216,Person,31,west
p33217,Person,28,east
p33218,Person,23,east
p33219,Person,64,west
p33220,Person,20,south
p33221,Person,19,west
p33222,Person,77,north
p33223,Person,31,west
p33224,Person,20,north
p33225,Person,75,east
p33226,Person,60,east
p33227,Person,44,central
p33228,Person,24,north
p33229,Person,26,north
p33230,Person,53,north
p33231,Person,39,west
p33232,Person,59,east
p33233,Person,18,west
p33234,Person,35,south
p33235,Person,74,west
p33236,Person,22,west
p33237,Person,18,east
p33238,Person,45,east
p33239,Person,63,south
p33240,Person,38,central
p33241,Person,70,east
p33242,Person,53,west
p33243,Person,40,west
p33244,Person,73,east
p33245,Person,38,west
p33246,Person,34,west
p33247,Person,22,east
p33248,Person,24,west
p33249,Person,41,east
p33250,Person,64,east
p33251,Person,70,north
p33252,Person,20,east
p33253,Person,57,south
p33254,Person,18,south
p33255,Person,57,south
p33256,Person,64,south
p33257,Person,58,central
p33258,Person,23,east
p33259,Person,21,south
p33260,Person,39,south
p33261,Person,74,west
p33262,Person,49,central
p33263,Person,25,east
p33264,Person,53,east
p33265,Person,70,central
p33266,Person,72,east
p33267,Person,20,south
p33268,Person,48,south
p33269,Person,26,west
p33270,Person,33,east
p33271,Person,69,east
p33272,Person,68,west
p33273,Person,67,central
p33274,Person,62,south
p33275,Person,49,north
p33276,Person,39,south
p33277,Person,64,central
p33278,Person,37,east
p33279,Person,65,north
p33280,Person,68,central
p33281,Person,63,east
p33282,Person,34,central
p33283,Person,47,south
p33284,Person,66,central
p33285,Person,25,north
p33286,Person,60,west
p33287,Person,75,west
p33288,Person,52,central
p33289,Person,35,south
p33290,Person,60,east
p33291,Person,50,south
p33292,Person,34,south
p33293,Person,23,east
p33294,Person,22,east
p33295,Person,47,south
p33296,Person,33,east
p33297,Person,36,south
p33298,Person,51,south
p33299,Person,42,east
p33300,Person,61,north
p33301,Person,34,central
p33302,Person,30,central
p33303,Person,52,west
p33304,Person,66,central
p33305,Person,68,west
p33306,Person,23,east
p33307,Person,29,east
p33308,Person,59,central
p33309,Person,30,central
p33310,Person,76,central
p33311,Person,71,east
p33312,Person,31,south
p33313,Person,64,south
p33314,Person,32,central
p33315,Person,50,central
p33316,Person,36,south
p33317,Person,21,north
p33318,Person,49,central
p33319,Person,35,west
p33320,Person,25,west
p33321,Person,41,south
p33322,Person,71,south
p33323,Person,59,west
p33324,Person,74,south
p33325,Person,25,west
p33326,Person,49,east
p33327,Person,58,west
p33328,Person,41,north
p33329,Person,46,east
p33330,Person,48,central
p33331,Person,33,east
p33332,Person,47,south
p33333,Person,37,north
p33334,Person,53,north
p33335,Person,67,north
p33336,Person,59,central
p33337,Person,72,east
p33338,Person,48,west
p33339,Person,37,west
p33340,Person,46,central
p33341,Person,68,north
p33342,Person,21,west
p33343,Person,38,east
p33344,Person,52,west
p33345,Person,66,east
p33346,Person,68,west
p33347,Person,39,south
p33348,Person,36,west
p33349,Person,20,central
p33350,Person,27,north
p33351,Person,21,east
p33352,Person,59,north
p33353,Person,30,north
p33354,Person,45,north
p33355,Person,75,north
p33356,Person,71,south
p33357,Person,31,west
p33358,Person,25,west
p33359,Person,29,central
p33360,Person,59,central
p33361,Person,44,central
p33362,Person,24,north
p33363,Person,55,central
p33364,Person,66,south
p33365,Person,33,south
p33366,Person,43,west
p33367,Person,58,west
p33368,Person,46,south
p33369,Person,34,north
p33370,Person,34,east
p33371,Person,57,west
p33372,Person,53,central
p33373,Person,42,north
p33374,Person,72,south
p33375,Person,36,south
p33376,Person,28,east
p33377,Person,70,west
p33378,Person,46,west
p33379,Person,25,east
p33380,Person,63,east
p33381,Person,63,central
p33382,Person,18,north
p33383,Person,25,west
p33384,Person,26,north
p33385,Person,34,south
p33386,Person,31,south
p33387,Person,58,central
p33388,Person,29,south
p33389,Person,44,south
p33390,Person,21,east
p33391,Person,32,north
p33392,Person,71,central
p33393,Person,22,south
p33394,Person,53,west
p33395,Person,35,east
p33396,Person,65,north
p33397,Person,63,east
p33398,Person,42,central
p33399,Person,42,central
p33400,Person,52,east
p33401,Person,22,central
p33402,Person,23,south
p33403,Person,45,central
p33404,Person,24,west
p33405,Person,22,central
p33406,Person,59,south
p33407,Person,46,central
p33408,Person,32,west
p33409,Person,55,central
p33410,Person,57,north
p33411,Person,43,east
p33412,Person,39,south
p33413,Person,43,central
p33414,Person,38,south
p33415,Person,25,west
p33416,Person,76,west
p33417,Person,62,west
p33418,Person,55,north
p33419,Person,18,north
p33420,Person,42,south
p33421,Person,23,south
p33422,Person,42,west
p33423,Person,20,north
p33424,Person,33,central
p33425,Person,76,west
p33426,Person,42,east
p33427,Person,45,north
p33428,Person,20,east
p33429,Person,22,south
p33430,Person,39,west
p33431,Person,41,south
p33432,Person,75,west
p33433,Person,72,east
p33434,Person,51,east
p33435,Person,59,east
p33436,Person,63,south
p33437,Person,77,east
p33438,Person,54,central
p33439,Person,47,north
p33440,Person,52,west
p33441,Person,53,west
p33442,Person,59,west
p33443,Person,62,west
p33444,Person,52,south
p33445,Person,62,central
p33446,Person,70,east
p33447,Person,52,central
p33448,Person,20,east
p33449,Person,77,south
p33450,Person,57,east
p33451,Person,64,south
p33452,Person,63,north
p33453,Person,77,north
p33454,Person,40,south
p33455,Person,30,north
p33456,Person,49,central
p33457,Person,62,south
p33458,Person,58,west
p33459,Person,68,central
p33460,Person,43,north
p33461,Person,73,south
p33462,Person,56,west
p33463,Person,55,west
p33464,Person,23,north
p33465,Person,68,west
p33466,Person,25,central
p33467,Person,26,west
p33468,Person,63,east
p33469,Person,36,east
p33470,Person,67,south
p33471,Person,73,west
p33472,Person,32,east
p33473,Person,24,east
p33474,Person,35,east
p33475,Person,68,east
p33476,Person,68,south
p33477,Person,22,north
p33478,Person,43,south
p33479,Person,54,north
p33480,Person,26,south
p33481,Person,41,east
p33482,Person,60,east
p33483,Person,66,west
p33484,Person,55,south
p33485,Person,54,central
p33486,Person,27,south
p33487,Person,54,central
p33488,Person,55,south
p33489,Person,49,south
p33490,Person,49,north
p33491,Person,76,east
p33492,Person,30,west
p33493,Person,23,central
p33494,Person,63,central
p33495,Person,55,west
p33496,Person,54,north
p33497,Person,52,south
p33498,Person,26,east
p33499,Person,37,north
p33500,Person,43,central
p33501,Person,73,south
p33502,Person,71,central
p33503,Person,48,east
p33504,Person,44,south
p33505,Person,28,south
p33506,Person,37,west
p33507,Person,56,south
p33508,Person,73,north
p33509,Person,49,east
p33510,Person,49,east
p33511,Person,61,south
p33512,Person,49,south
p33513,Person,32,south
p33514,Person,20,east
p33515,Person,75,west
p33516,Person,43,west
p33517,Person,63,east
p33518,Person,63,west
p33519,Person,55,east
p33520,Person,37,north
p33521,Person,62,west
p33522,Person,29,south
p33523,Person,48,central
p33524,Person,20,central
p33525,Person,59,west
p33526,Person,59,south
p33527,Person,69,north
p33528,Person,36,north
p33529,Person,75,south
p33530,Person,22,west
p33531,Person,41,north
p33532,Person,31,central
p33533,Person,65,central
p33534,Person,68,west
p33535,Person,38,west
p33536,Person,58,north
p33537,Person,70,east
p33538,Person,23,south
p33539,Person,70,south
p33540,Person,38,central
p33541,Person,60,south
p33542,Person,22,central
p33543,Person,18,central
p33544,Person,77,north
p33545,Person,61,east
p33546,Person,26,north
p33547,Person,20,west
p33548,Person,72,central
p33549,Person,53,north
p33550,Person,74,south
p33551,Person,65,central
p33552,Person,40,west
p33553,Person,74,east
p33554,Person,41,central
p33555,Person,74,east
p33556,Person,58,north
p33557,Person,30,north
p33558,Person,48,north
p33559,Person,20,north
p33560,Person,32,east
p33561,Person,47,east
p33562,Person,67,west
p33563,Person,27,east
p33564,Person,38,east
p33565,Person,38,central
p33566,Person,61,north
p33567,Person,23,east
p33568,Person,73,west
p33569,Person,61,south
p33570,Person,34,central
p33571,Person,62,east
p33572,Person,55,east
p33573,Person,60,central
p33574,Person,22,central
p33575,Person,23,west
p33576,Person,47,north
p33577,Person,44,south
p33578,Person,44,west
p33579,Person,39,west
p33580,Person,19,south
p33581,Person,41,north
p33582,Person,36,east
p33583,Person,38,north
p33584,Person,18,central
p33585,Person,37,west
p33586,Person,56,west
p33587,Person,19,central
p33588,Person,56,central
p33589,Person,36,east
p33590,Person,69,east
p33591,Person,68,west
p33592,Person,43,central
p33593,Person,27,east
p33594,Person,66,east
p33595,Person,34,north
p33596,Person,52,west
p33597,Person,39,west
p33598,Person,37,north
p33599,Person,38,central
p33600,Person,57,east
p33601,Person,65,central
p33602,Person,70,west
p33603,Person,33,north
p33604,Person,61,central
p33605,Person,40,north
p33606,Person,27,north
p33607,Person,64,south
p33608,Person,45,central
p33609,Person,20,south
p33610,Person,74,central
p33611,Person,24,central
p33612,Person,54,south
p33613,Person,18,east
p33614,Person,35,central
p33615,Person,45,north
p33616,Person,49,central
p33617,Person,60,central
p33618,Person,24,north
p33619,Person,72,south
p33620,Person,50,west
p33621,Person,31,north
p33622,Person,72,west
p33623,Person,61,west
p33624,Person,42,east
p33625,Person,65,south
p33626,Person,37,south
p33627,Person,57,west
p33628,Person,18,west
p33629,Person,51,south
p33630,Person,55,east
p33631,Person,40,central
p33632,Person,43,west
p33633,Person,29,central
p33634,Person,65,west
p33635,Person,49,central
p33636,Person,45,north
p33637,Person,25,east
p33638,Person,29,central
p33639,Person,47,south
p33640,Person,19,south
p33641,Person,26,east
p33642,Person,23,north
p33643,Person,43,east
p33644,Person,38,east
p33645,Person,43,north
p33646,Person,40,east
p33647,Person,37,south
p33648,Person,65,south
p33649,Person,30,north
p33650,Person,73,north
p33651,Person,59,central
p33652,Person,18,central
p33653,Person,45,north
p33654,Person,57,east
p33655,Person,77,south
p33656,Person,21,north
p33657,Person,23,east
p33658,Person,18,east
p33659,Person,62,central
p33660,Person,20,north
p33661,Person,69,central
p33662,Person,39,north
p33663,Person,64,south
p33664,Person,28,north
p33665,Person,48,central
p33666,Person,26,central
p33667,Person,26,east
p33668,Person,46,east
p33669,Person,45,central
p33670,Person,74,central
p33671,Person,72,west
p33672,Person,41,central
p33673,Person,56,north
p33674,Person,19,central
p33675,Person,20,east
p33676,Person,21,north
p33677,Person,50,north
p33678,Person,52,west
p33679,Person,56,central
p33680,Person,51,west
p33681,Person,40,west
p33682,Person,57,north
p33683,Person,75,east
p33684,Person,33,east
p33685,Person,29,west
p33686,Person,45,north
p33687,Person,23,central
p33688,Person,74,west
p33689,Person,70,north
p33690,Person,49,central
p33691,Person,46,north
p33692,Person,34,west
p33693,Person,39,east
p33694,Person,43,central
p33695,Person,37,east
p33696,Person,43,south
p33697,Person,64,central
p33698,Person,67,central
p33699,Person,52,west
p33700,Person,70,south
p33701,Person,58,west
p33702,Person,58,central
p33703,Person,76,central
p33704,Person,73,north
p33705,Person,74,central
p33706,Person,44,east
p33707,Person,52,east
p33708,Person,28,west
p33709,Person,60,north
p33710,Person,57,west
p33711,Person,43,north
p33712,Person,38,west
p33713,Person,41,west
p33714,Person,54,central
p33715,Person,51,east
p33716,Person,23,east
p33717,Person,48,east
p33718,Person,70,east
p33719,Person,19,east
p33720,Person,28,south
p33721,Person,40,north
p33722,Person,47,east
p33723,Person,30,west
p33724,Person,31,north
p33725,Person,39,north
p33726,Person,62,east
p33727,Person,76,north
p33728,Person,26,north
p33729,Person,47,north
p33730,Person,59,east
p33731,Person,30,central
p33732,Person,48,east
p33733,Person,19,east
p33734,Person,32,south
p33735,Person,58,east
p33736,Person,27,central
p33737,Person,41,north
p33738,Person,73,north
p33739,Person,40,south
p33740,Person,52,north
p33741,Person,57,west
p33742,Person,47,south
p33743,Person,22,east
p33744,Person,33,central
p33745,Person,65,central
p33746,Person,41,central
p33747,Person,48,east
p33748,Person,62,south
p33749,Person,74,north
p33750,Person,23,west
p33751,Person,35,south
p33752,Person,26,east
p33753,Person,44,south
p33754,Person,32,north
p33755,Person,52,west
p33756,Person,51,central
p33757,Person,37,north
p33758,Person,53,east
p33759,Person,69,north
p33760,Person,57,south
p33761,Person,47,east
p33762,Person,61,west
p33763,Person,41,central
p33764,Person,32,north
p33765,Person,25,west
p33766,Person,64,central
p33767,Person,75,east
p33768,Person,64,west
p33769,Person,47,central
p33770,Person,24,west
p33771,Person,45,west
p33772,Person,50,east
p33773,Person,48,west
p33774,Person,49,west
p33775,Person,54,north
p33776,Person,20,north
p33777,Person,67,south
p33778,Person,52,north
p33779,Person,34,south
p33780,Person,36,central
p33781,Person,36,west
p33782,Person,72,west
p33783,Person,53,south
p33784,Person,45,north
p33785,Person,40,west
p33786,Person,71,west
p33787,Person,30,east
p33788,Person,62,east
p33789,Person,19,west
p33790,Person,45,south
p33791,Person,77,central
p33792,Person,50,south
p33793,Person,21,central
p33794,Person,50,east
p33795,Person,25,west
p33796,Person,18,central
p33797,Person,41,east
p33798,Person,31,south
p33799,Person,71,north
p33800,Person,58,east
p33801,Person,76,north
p33802,Person,30,central
p33803,Person,27,east
p33804,Person,29,west
p33805,Person,66,east
p33806,Person,43,west
p33807,Person,31,west
p33808,Person,27,central
p33809,Person,73,south
p33810,Person,45,central
p33811,Person,48,west
p33812,Person,60,north
p33813,Person,64,east
p33814,Person,45,north
p33815,Person,21,north
p33816,Person,36,north
p33817,Person,74,central
p33818,Person,67,north
p33819,Person,35,north
p33820,Person,52,north
p33821,Person,36,east
p33822,Person,32,central
p33823,Person,57,east
p33824,Person,43,north
p33825,Person,54,south
p33826,Person,23,north
p33827,Person,76,east
p33828,Person,35,west
p33829,Person,71,central
p33830,Person,77,east
p33831,Person,75,north
p33832,Person,23,central
p33833,Person,44,north
p33834,Person,71,north
p33835,Person,50,west
p33836,Person,73,east
p33837,Person,37,central
p33838,Person,18,central
p33839,Person,52,east
p33840,Person,56,south
p33841,Person,28,east
p33842,Person,57,east
p33843,Person,75,south
p33844,Person,68,east
p33845,Person,39,north
p33846,Person,44,east
p33847,Person,48,east
p33848,Person,73,west
p33849,Person,21,south
p33850,Person,34,north
p33851,Person,45,west
p33852,Person,59,east
p33853,Person,29,central
p33854,Person,46,north
p33855,Person,24,central
p33856,Person,54,east
p33857,Person,45,west
p33858,Person,26,central
p33859,Person,67,east
p33860,Person,49,central
p33861,Person,41,south
p33862,Person,19,central
p33863,Person,29,east
p33864,Person,34,east
p33865,Person,65,central
p33866,Person,28,north
p33867,Person,67,west
p33868,Person,46,central
p33869,Person,24,central
p33870,Person,27,west
p33871,Person,21,central
p33872,Person,24,south
p33873,Person,51,west
p33874,Person,59,central
p33875,Person,39,west
p33876,Person,62,south
p33877,Person,66,east
p33878,Person,56,central
p33879,Person,67,east
p33880,Person,54,west
p33881,Person,64,central
p33882,Person,76,east
p33883,Person,37,north
p33884,Person,69,east
p33885,Person,51,south
p33886,Person,41,south
p33887,Person,45,west
p33888,Person,39,central
p33889,Person,56,central
p33890,Person,68,east
p33891,Person,25,central
p33892,Person,44,west
p33893,Person,56,north
p33894,Person,40,east
p33895,Person,21,north
p33896,Person,74,east
p33897,Person,24,west
p33898,Person,65,central
p33899,Person,63,east
p33900,Person,31,central
p33901,Person,18,south
p33902,Person,25,east
p33903,Person,26,east
p33904,Person,60,central
p33905,Person,68,central
p33906,Person,65,north
p33907,Person,27,north
p33908,Person,49,north
p33909,Person,43,north
p33910,Person,20,south
p33911,Person,43,central
p33912,Person,69,west
p33913,Person,33,south
p33914,Person,51,south
p33915,Person,72,south
p33916,Person,70,south
p33917,Person,23,south
p33918,Person,66,west
p33919,Person,76,central
p33920,Person,42,south
p33921,Person,74,west
p33922,Person,27,north
p33923,Person,52,south
p33924,Person,50,south
p33925,Person,20,north
p33926,Person,28,east
p33927,Person,76,east
p33928,Person,74,north
p33929,Person,53,south
p33930,Person,75,east
p33931,Person,19,north
p33932,Person,55,north
p33933,Person,68,central
p33934,Person,31,north
p33935,Person,71,south
p33936,Person,41,south
p33937,Person,23,east
p33938,Person,50,north
p33939,Person,38,central
p33940,Person,65,east
p33941,Person,43,north
p33942,Person,41,west
p33943,Person,48,east
p33944,Person,19,east
p33945,Person,26,south
p33946,Person,33,east
p33947,Person,59,east
p33948,Person,53,west
p33949,Person,21,north
p33950,Person,18,central
p33951,Person,33,central
p33952,Person,19,south
p33953,Person,61,south
p33954,Person,64,central
p33955,Person,41,east
p33956,Person,44,west
p33957,Person,18,north
p33958,Person,41,south
p33959,Person,32,east
p33960,Person,66,south
p33961,Person,75,south
p33962,Person,38,central
p33963,Person,57,east
p33964,Person,55,east
p33965,Person,49,central
p33966,Person,51,south
p33967,Person,30,north
p33968,Person,67,south
p33969,Person,28,west
p33970,Person,50,west
p33971,Person,34,central
p33972,Person,64,north
p33973,Person,29,south
p33974,Person,53,west
p33975,Person,46,north
p33976,Person,73,south
p33977,Person,24,central
p33978,Person,46,south
p33979,Person,68,west
p33980,Person,56,south
p33981,Person,25,east
p33982,Person,73,east
p33983,Person,50,central
p33984,Person,67,central
p33985,Person,58,east
p33986,Person,38,central
p33987,Person,69,north
p33988,Person,65,north
p33989,Person,40,east
p33990,Person,20,south
p33991,Person,51,north
p33992,Person,18,east
p33993,Person,56,east
p33994,Person,62,central
p33995,Person,49,north
p33996,Person,67,central
p33997,Person,44,north
p33998,Person,49,north
p33999,Person,38,central
p34000,Person,49,north
p34001,Person,64,central
p34002,Person,61,west
p34003,Person,75,west
p34004,Person,49,central
p34005,Person,62,north
p34006,Person,34,central
p34007,Person,59,east
p34008,Person,76,north
p34009,Person,57,south
p34010,Person,66,east
p34011,Person,66,central
p34012,Person,49,central
p34013,Person,29,west
p34014,Person,66,north
p34015,Person,59,north
p34016,Person,48,north
p34017,Person,74,east
p34018,Person,19,south
p34019,Person,62,north
p34020,Person,44,east
p34021,Person,53,south
p34022,Person,72,south
p34023,Person,74,east
p34024,Person,25,central
p34025,Person,27,east
p34026,Person,48,north
p34027,Person,31,central
p34028,Person,70,east
p34029,Person,63,central
p34030,Person,73,south
p34031,Person,40,central
p34032,Person,26,north
p34033,Person,69,north
p34034,Person,76,south
p34035,Person,37,south
p34036,Person,57,south
p34037,Person,57,west
p34038,Person,19,south
p34039,Person,40,east
p34040,Person,40,south
p34041,Person,60,east
p34042,Person,35,north
p34043,Person,35,north
p34044,Person,30,north
p34045,Person,30,north
p34046,Person,35,south
p34047,Person,47,east
p34048,Person,53,central
p34049,Person,66,east
p34050,Person,28,south
p34051,Person,38,north
p34052,Person,29,north
p34053,Person,39,north
p34054,Person,71,south
p34055,Person,38,central
p34056,Person,18,central
p34057,Person,75,central
p34058,Person,40,east
p34059,Person,47,east
p34060,Person,47,west
p34061,Person,39,west
p34062,Person,61,west
p34063,Person,43,west
p34064,Person,18,west
p34065,Person,31,east
p34066,Person,37,central
p34067,Person,27,east
p34068,Person,21,north
p34069,Person,75,north
p34070,Person,74,central
p34071,Person,32,central
p34072,Person,21,west
p34073,Person,71,central
p34074,Person,77,west
p34075,Person,51,south
p34076,Person,57,west
p34077,Person,54,west
p34078,Person,22,west
p34079,Person,52,east
p34080,Person,54,east
p34081,Person,44,north
p34082,Person,52,north
p34083,Person,57,south
p34084,Person,64,south
p34085,Person,61,central
p34086,Person,48,west
p34087,Person,55,north
p34088,Person,58,east
p34089,Person,24,north
p34090,Person,51,north
p34091,Person,47,central
p34092,Person,50,north
p34093,Person,43,central
p34094,Person,38,west
p34095,Person,42,west
p34096,Person,39,west
p34097,Person,36,west
p34098,Person,49,west
p34099,Person,23,south
p34100,Person,24,north
p34101,Person,35,central
p34102,Person,29,central
p34103,Person,20,east
p34104,Person,37,north
p34105,Person,55,north
p34106,Person,36,west
p34107,Person,34,west
p34108,Person,19,west
p34109,Person,61,west
p34110,Person,74,north
p34111,Person,45,west
p34112,Person,73,central
p34113,Person,54,north
p34114,Person,20,south
p34115,Person,76,north
p34116,Person,50,west
p34117,Person,47,south
p34118,Person,43,central
p34119,Person,40,north
p34120,Person,48,south
p34121,Person,24,south
p34122,Person,18,central
p34123,Person,32,central
p34124,Person,38,west
p34125,Person,44,east
p34126,Person,26,north
p34127,Person,49,south
p34128,Person,26,west
p34129,Person,25,central
p34130,Person,64,south
p34131,Person,38,central
p34132,Person,46,west
p34133,Person,29,west
p34134,Person,20,central
p34135,Person,59,east
p34136,Person,69,west
p34137,Person,64,north
p34138,Person,46,north
p34139,Person,31,west
p34140,Person,43,south
p34141,Person,55,north
p34142,Person,73,south
p34143,Person,71,south
p34144,Person,47,north
p34145,Person,72,south
p34146,Person,73,south
p34147,Person,19,north
p34148,Person,29,north
p34149,Person,47,west
p34150,Person,69,central
p34151,Person,25,east
p34152,Person,23,east
p34153,Person,54,central
p34154,Person,42,west
p34155,Person,52,south
p34156,Person,61,west
p34157,Person,30,north
p34158,Person,23,west
p34159,Person,57,central
p34160,Person,48,east
p34161,Person,51,east
p34162,Person,77,south
p34163,Person,23,west
p34164,Person,31,north
p34165,Person,69,south
p34166,Person,56,north
p34167,Person,23,central
p34168,Person,20,west
p34169,Person,29,central
p34170,Person,54,west
p34171,Person,32,central
p34172,Person,36,north
p34173,Person,22,central
p34174,Person,28,west
p34175,Person,48,west
p34176,Person,47,north
p34177,Person,39,north
p34178,Person,52,north
p34179,Person,77,west
p34180,Person,62,east
p34181,Person,49,east
p34182,Person,33,north
p34183,Person,58,north
p34184,Person,24,east
p34185,Person,23,south
p34186,Person,25,central
p34187,Person,26,north
p34188,Person,66,north
p34189,Person,73,north
p34190,Person,29,west
p34191,Person,70,south
p34192,Person,18,east
p34193,Person,56,west
p34194,Person,34,south
p34195,Person,21,east
p34196,Person,54,north
p34197,Person,27,west
p34198,Person,44,west
p34199,Person,75,north
p34200,Person,57,north
p34201,Person,67,central
p34202,Person,38,east
p34203,Person,23,north
p34204,Person,46,east
p34205,Person,71,east
p34206,Person,65,north
p34207,Person,74,west
p34208,Person,21,west
p34209,Person,18,south
p34210,Person,32,central
p34211,Person,19,central
p34212,Person,26,south
p34213,Person,76,north
p34214,Person,58,east
p34215,Person,25,central
p34216,Person,64,east
p34217,Person,77,west
p34218,Person,66,south
p34219,Person,24,south
p34220,Person,47,central
p34221,Person,68,central
p34222,Person,75,central
p34223,Person,68,east
p34224,Person,20,north
p34225,Person,55,west
p34226,Person,40,east
p34227,Person,45,west
p34228,Person,40,central
p34229,Person,35,east
p34230,Person,69,west
p34231,Person,77,east
p34232,Person,32,north
p34233,Person,44,west
p34234,Person,26,east
p34235,Person,48,south
p34236,Person,73,west
p34237,Person,74,south
p34238,Person,28,west
p34239,Person,56,south
p34240,Person,61,central
p34241,Person,57,central
p34242,Person,59,west
p34243,Person,73,central
p34244,Person,70,west
p34245,Person,39,north
p34246,Person,67,east
p34247,Person,39,north
p34248,Person,28,west
p34249,Person,54,north
p34250,Person,38,west
p34251,Person,37,west
p34252,Person,52,south
p34253,Person,57,central
p34254,Person,69,south
p34255,Person,20,west
p34256,Person,70,south
p34257,Person,33,south
p34258,Person,53,north
p34259,Person,75,central
p34260,Person,39,east
p34261,Person,64,west
p34262,Person,77,central
p34263,Person,46,west
p34264,Person,62,south
p34265,Person,39,east
p34266,Person,59,south
p34267,Person,24,central
p34268,Person,31,central
p34269,Person,72,west
p34270,Person,37,south
p34271,Person,37,east
p34272,Person,55,west
p34273,Person,39,south
p34274,Person,44,west
p34275,Person,38,east
p34276,Person,28,south
p34277,Person,56,north
p34278,Person,61,south
p34279,Person,72,east
p34280,Person,68,north
p34281,Person,62,east
p34282,Person,38,central
p34283,Person,75,north
p34284,Person,75,west
p34285,Person,56,south
p34286,Person,51,east
p34287,Person,44,west
p34288,Person,55,west
p34289,Person,71,north
p34290,Person,47,north
p34291,Person,36,west
p34292,Person,39,north
p34293,Person,34,east
p34294,Person,77,south
p34295,Person,31,central
p34296,Person,18,south
p34297,Person,61,south
p34298,Person,33,east
p34299,Person,42,west
p34300,Person,42,central
p34301,Person,62,central
p34302,Person,46,west
p34303,Person,20,south
p34304,Person,72,central
p34305,Person,24,east
p34306,Person,56,central
p34307,Person,31,north
p34308,Person,76,central
p34309,Person,45,west
p34310,Person,25,west
p34311,Person,43,west
p34312,Person,42,west
p34313,Person,61,south
p34314,Person,69,east
p34315,Person,43,south
p34316,Person,24,north
p34317,Person,63,west
p34318,Person,21,central
p34319,Person,77,east
p34320,Person,45,east
p34321,Person,31,central
p34322,Person,22,west
p34323,Person,51,west
p34324,Person,65,south
p34325,Person,53,south
p34326,Person,25,north
p34327,Person,44,south
p34328,Person,37,west
p34329,Person,61,south
p34330,Person,25,east
p34331,Person,22,east
p34332,Person,55,west
p34333,Person,55,south
p34334,Person,49,east
p34335,Person,47,south
p34336,Person,34,north
p34337,Person,60,north
p34338,Person,63,central
p34339,Person,63,west
p34340,Person,48,west
p34341,Person,43,south
p34342,Person,41,north
p34343,Person,49,north
p34344,Person,56,south
p34345,Person,32,west
p34346,Person,70,south
p34347,Person,23,west
p34348,Person,29,south
p34349,Person,55,west
p34350,Person,58,west
p34351,Person,44,west
p34352,Person,48,north
p34353,Person,74,east
p34354,Person,34,north
p34355,Person,48,south
p34356,Person,57,east
p34357,Person,39,north
p34358,Person,45,north
p34359,Person,33,east
p34360,Person,18,south
p34361,Person,38,north
p34362,Person,50,east
p34363,Person,20,east
p34364,Person,30,east
p34365,Person,54,east
p34366,Person,75,south
p34367,Person,44,west
p34368,Person,67,south
p34369,Person,54,north
p34370,Person,60,south
p34371,Person,48,north
p34372,Person,64,south
p34373,Person,76,east
p34374,Person,47,north
p34375,Person,60,central
p34376,Person,37,south
p34377,Person,36,west
p34378,Person,50,central
p34379,Person,49,east
p34380,Person,64,south
p34381,Person,18,east
p34382,Person,60,east
p34383,Person,67,west
p34384,Person,52,west
p34385,Person,70,south
p34386,Person,71,south
p34387,Person,65,north
p34388,Person,54,south
p34389,Person,75,west
p34390,Person,18,central
p34391,Person,26,west
p34392,Person,73,south
p34393,Person,41,north
p34394,Person,57,south
p34395,Person,34,central
p34396,Person,61,central
p34397,Person,57,north
p34398,Person,19,central
p34399,Person,56,central
p34400,Person,44,central
p34401,Person,40,south
p34402,Person,24,central
p34403,Person,64,west
p34404,Person,40,central
p34405,Person,38,central
p34406,Person,60,south
p34407,Person,31,south
p34408,Person,56,east
p34409,Person,27,west
p34410,Person,35,central
p34411,Person,35,east
p34412,Person,30,east
p34413,Person,59,east
p34414,Person,53,west
p34415,Person,74,north
p34416,Person,47,south
p34417,Person,58,central
p34418,Person,30,south
p34419,Person,41,east
p34420,Person,59,east
p34421,Person,38,south
p34422,Person,56,west
p34423,Person,54,central
p34424,Person,64,west
p34425,Person,23,south
p34426,Person,74,north
p34427,Person,60,south
p34428,Person,49,south
p34429,Person,68,central
p34430,Person,28,south
p34431,Person,58,north
p34432,Person,51,east
p34433,Person,26,north
p34434,Person,39,central
p34435,Person,27,east
p34436,Person,66,north
p34437,Person,39,east
p34438,Person,20,north
p34439,Person,68,west
p34440,Person,73,south
p34441,Person,34,north
p34442,Person,24,east
p34443,Person,49,north
p34444,Person,29,south
p34445,Person,57,north
p34446,Person,71,west
p34447,Person,40,central
p34448,Person,43,east
p34449,Person,45,west
p34450,Person,28,west
p34451,Person,36,north
p34452,Person,61,central
p34453,Person,23,south
p34454,Person,45,west
p34455,Person,25,west
p34456,Person,48,east
p34457,Person,19,north
p34458,Person,54,east
p34459,Person,19,central
p34460,Person,48,south
p34461,Person,39,west
p34462,Person,42,south
p34463,Person,68,east
p34464,Person,52,central
p34465,Person,76,south
p34466,Person,71,central
p34467,Person,60,east
p34468,Person,40,west
p34469,Person,47,north
p34470,Person,18,east
p34471,Person,36,south
p34472,Person,21,north
p34473,Person,19,north
p34474,Person,68,east
p34475,Person,27,central
p34476,Person,61,north
p34477,Person,56,south
p34478,Person,22,east
p34479,Person,31,south
p34480,Person,57,north
p34481,Person,34,east
p34482,Person,35,north
p34483,Person,37,north
p34484,Person,77,west
p34485,Person,18,south
p34486,Person,55,east
p34487,Person,28,east
p34488,Person,39,east
p34489,Person,30,north
p34490,Person,46,north
p34491,Person,61,west
p34492,Person,31,east
p34493,Person,76,north
p34494,Person,50,west
p34495,Person,32,central
p34496,Person,77,west
p34497,Person,69,west
p34498,Person,66,west
p34499,Person,60,south
p34500,Person,42,north
p34501,Person,62,east
p34502,Person,70,north
p34503,Person,75,central
p34504,Person,63,east
p34505,Person,77,south
p34506,Person,55,west
p34507,Person,51,south
p34508,Person,56,south
p34509,Person,75,south
p34510,Person,62,west
p34511,Person,56,north
p34512,Person,50,west
p34513,Person,28,north
p34514,Person,47,east
p34515,Person,67,central
p34516,Person,55,central
p34517,Person,46,north
p34518,Person,56,north
p34519,Person,21,west
p34520,Person,19,west
p34521,Person,42,south
p34522,Person,39,east
p34523,Person,45,north
p34524,Person,20,east
p34525,Person,26,west
p34526,Person,51,east
p34527,Person,28,central
p34528,Person,34,central
p34529,Person,20,east
p34530,Person,41,north
p34531,Person,39,north
p34532,Person,62,west
p34533,Person,31,south
p34534,Person,22,north
p34535,Person,33,north
p34536,Person,46,central
p34537,Person,77,central
p34538,Person,50,south
p34539,Person,75,north
p34540,Person,27,north
p34541,Person,72,central
p34542,Person,35,south
p34543,Person,18,north
p34544,Person,46,south
p34545,Person,27,east
p34546,Person,41,north
p34547,Person,42,south
p34548,Person,37,north
p34549,Person,39,north
p34550,Person,51,west
p34551,Person,51,north
p34552,Person,43,east
p34553,Person,73,south
p34554,Person,20,east
p34555,Person,44,north
p34556,Person,75,north
p34557,Person,74,west
p34558,Person,70,south
p34559,Person,33,north
p34560,Person,18,south
p34561,Person,26,south
p34562,Person,65,west
p34563,Person,38,central
p34564,Person,41,west
p34565,Person,38,south
p34566,Person,34,south
p34567,Person,41,central
p34568,Person,18,south
p34569,Person,42,east
p34570,Person,36,east
p34571,Person,56,central
p34572,Person,43,north
p34573,Person,65,north
p34574,Person,31,north
p34575,Person,74,south
p34576,Person,23,central
p34577,Person,28,west
p34578,Person,22,south
p34579,Person,36,north
p34580,Person,53,central
p34581,Person,71,north
p34582,Person,30,north
p34583,Person,35,west
p34584,Person,68,east
p34585,Person,75,south
p34586,Person,31,west
p34587,Person,55,west
p34588,Person,68,west
p34589,Person,57,west
p34590,Person,75,north
p34591,Person,57,east
p34592,Person,45,central
p34593,Person,72,west
p34594,Person,21,west
p34595,Person,26,north
p34596,Person,75,north
p34597,Person,73,west
p34598,Person,26,central
p34599,Person,28,central
p34600,Person,62,south
p34601,Person,76,south
p34602,Person,57,central
p34603,Person,53,south
p34604,Person,50,north
p34605,Person,49,south
p34606,Person,46,south
p34607,Person,18,north
p34608,Person,20,east
p34609,Person,63,west
p34610,Person,58,east
p34611,Person,29,south
p34612,Person,19,central
p34613,Person,51,west
p34614,Person,54,north
p34615,Person,18,east
p34616,Person,68,east
p34617,Person,61,north
p34618,Person,49,east
p34619,Person,61,south
p34620,Person,56,west
p34621,Person,62,central
p34622,Person,34,east
p34623,Person,63,west
p34624,Person,56,east
p34625,Person,64,east
p34626,Person,41,west
p34627,Person,68,north
p34628,Person,25,south
p34629,Person,77,west
p34630,Person,61,central
p34631,Person,20,south
p34632,Person,43,north
p34633,Person,23,south
p34634,Person,69,north
p34635,Person,70,north
p34636,Person,39,central
p34637,Person,18,east
p34638,Person,55,south
p34639,Person,30,south
p34640,Person,18,central
p34641,Person,36,west
p34642,Person,60,west
p34643,Person,36,west
p34644,Person,66,west
p34645,Person,32,west
p34646,Person,37,east
p34647,Person,21,south
p34648,Person,73,east
p34649,Person,27,west
p34650,Person,58,central
p34651,Person,46,east
p34652,Person,20,south
p34653,Person,49,central
p34654,Person,71,south
p34655,Person,48,south
p34656,Person,47,north
p34657,Person,73,east
p34658,Person,67,west
p34659,Person,21,east
p34660,Person,48,central
p34661,Person,26,north
p34662,Person,26,east
p34663,Person,58,east
p34664,Person,61,east
p34665,Person,66,west
p34666,Person,70,central
p34667,Person,30,central
p34668,Person,73,central
p34669,Person,61,west
p34670,Person,19,west
p34671,Person,71,west
p34672,Person,67,north
p34673,Person,64,central
p34674,Person,42,west
p34675,Person,45,south
p34676,Person,72,west
p34677,Person,55,central
p34678,Person,34,east
p34679,Person,68,west
p34680,Person,21,central
p34681,Person,20,north
p34682,Person,61,west
p34683,Person,66,south
p34684,Person,71,west
p34685,Person,44,central
p34686,Person,69,east
p34687,Person,31,west
p34688,Person,29,east
p34689,Person,30,east
p34690,Person,20,central
p34691,Person,43,south
p34692,Person,20,south
p34693,Person,61,central
p34694,Person,25,north
p34695,Person,71,west
p34696,Person,35,west
p34697,Person,45,south
p34698,Person,41,north
p34699,Person,65,south
p34700,Person,71,north
p34701,Person,53,west
p34702,Person,49,south
p34703,Person,33,west
p34704,Person,57,west
p34705,Person,72,east
p34706,Person,20,west
p34707,Person,56,east
p34708,Person,53,central
p34709,Person,75,west
p34710,Person,38,north
p34711,Person,51,west
p34712,Person,43,east
p34713,Person,54,east
p34714,Person,56,south
p34715,Person,74,south
p34716,Person,38,north
p34717,Person,53,south
p34718,Person,68,north
p34719,Person,44,east
p34720,Person,69,south
p34721,Person,70,north
p34722,Person,20,south
p34723,Person,60,west
p34724,Person,52,central
p34725,Person,34,east
p34726,Person,61,north
p34727,Person,36,south
p34728,Person,21,central
p34729,Person,47,south
p34730,Person,32,east
p34731,Person,64,west
p34732,Person,77,central
p34733,Person,24,south
p34734,Person,19,north
p34735,Person,59,central
p34736,Person,57,east
p34737,Person,52,south
p34738,Person,63,east
p34739,Person,25,south
p34740,Person,74,east
p34741,Person,50,north
p34742,Person,37,south
p34743,Person,24,west
p34744,Person,25,south
p34745,Person,23,east
p34746,Person,38,west
p34747,Person,59,east
p34748,Person,29,central
p34749,Person,60,central
p34750,Person,18,west
p34751,Person,61,east
p34752,Person,64,east
p34753,Person,28,north
p34754,Person,20,central
p34755,Person,60,east
p34756,Person,49,west
p34757,Person,47,north
p34758,Person,64,central
p34759,Person,52,west
p34760,Person,37,central
p34761,Person,72,west
p34762,Person,71,central
p34763,Person,61,west
p34764,Person,25,central
p34765,Person,34,south
p34766,Person,28,north
p34767,Person,42,north
p34768,Person,75,central
p34769,Person,45,central
p34770,Person,37,south
p34771,Person,45,south
p34772,Person,63,west
p34773,Person,43,east
p34774,Person,77,north
p34775,Person,43,west
p34776,Person,54,east
p34777,Person,47,north
p34778,Person,53,south
p34779,Person,72,central
p34780,Person,22,east
p34781,Person,67,west
p34782,Person,27,north
p34783,Person,71,south
p34784,Person,30,east
p34785,Person,64,south
p34786,Person,61,central
p34787,Person,53,north
p34788,Person,68,east
p34789,Person,22,central
p34790,Person,56,east
p34791,Person,71,north
p34792,Person,28,central
p34793,Person,73,east
p34794,Person,46,north
p34795,Person,40,east
p34796,Person,70,north
p34797,Person,35,central
p34798,Person,53,east
p34799,Person,32,north
p34800,Person,57,central
p34801,Person,67,south
p34802,Person,49,east
p34803,Person,36,central
p34804,Person,47,north
p34805,Person,71,east
p34806,Person,52,east
p34807,Person,18,west
p34808,Person,35,east
p34809,Person,23,south
p34810,Person,56,north
p34811,Person,41,central
p34812,Person,54,east
p34813,Person,36,central
p34814,Person,43,central
p34815,Person,76,east
p34816,Person,28,east
p34817,Person,62,south
p34818,Person,20,north
p34819,Person,41,east
p34820,Person,56,east
p34821,Person,76,south
p34822,Person,46,central
p34823,Person,48,east
p34824,Person,24,south
p34825,Person,73,north
p34826,Person,32,east
p34827,Person,48,east
p34828,Person,70,central
p34829,Person,37,north
p34830,Person,34,south
p34831,Person,63,east
p34832,Person,54,west
p34833,Person,73,east
p34834,Person,18,east
p34835,Person,66,west
p34836,Person,35,south
p34837,Person,27,east
p34838,Person,24,east
p34839,Person,61,south
p34840,Person,45,south
p34841,Person,72,north
p34842,Person,43,south
p34843,Person,34,west
p34844,Person,72,central
p34845,Person,72,north
p34846,Person,46,west
p34847,Person,70,south
p34848,Person,69,central
p34849,Person,72,central
p34850,Person,65,central
p34851,Person,54,south
p34852,Person,29,north
p34853,Person,37,central
p34854,Person,20,south
p34855,Person,71,central
p34856,Person,57,west
p34857,Person,59,central
p34858,Person,49,central
p34859,Person,63,central
p34860,Person,69,east
p34861,Person,25,south
p34862,Person,46,central
p34863,Person,40,north
p34864,Person,20,south
p34865,Person,18,east
p34866,Person,44,west
p34867,Person,42,north
p34868,Person,18,south
p34869,Person,56,north
p34870,Person,19,central
p34871,Person,29,south
p34872,Person,43,east
p34873,Person,40,west
p34874,Person,70,central
p34875,Person,19,east
p34876,Person,55,central
p34877,Person,61,west
p34878,Person,40,west
p34879,Person,21,east
p34880,Person,35,east
p34881,Person,25,north
p34882,Person,29,east
p34883,Person,39,central
p34884,Person,41,south
p34885,Person,46,east
p34886,Person,31,central
p34887,Person,41,east
p34888,Person,25,north
p34889,Person,52,central
p34890,Person,68,west
p34891,Person,51,west
p34892,Person,30,east
p34893,Person,59,south
p34894,Person,25,north
p34895,Person,53,north
p34896,Person,68,south
p34897,Person,72,west
p34898,Person,34,south
p34899,Person,60,east
p34900,Person,43,north
p34901,Person,50,central
p34902,Person,23,west
p34903,Person,52,central
p34904,Person,45,central
p34905,Person,76,west
p34906,Person,21,central
p34907,Person,57,east
p34908,Person,48,east
p34909,Person,75,east
p34910,Person,31,central
p34911,Person,72,east
p34912,Person,33,south
p34913,Person,23,west
p34914,Person,21,north
p34915,Person,26,west
p34916,Person,33,central
p34917,Person,37,east
p34918,Person,42,north
p34919,Person,31,west
p34920,Person,53,south
p34921,Person,41,east
p34922,Person,73,north
p34923,Person,75,south
p34924,Person,21,south
p34925,Person,68,south
p34926,Person,29,central
p34927,Person,63,west
p34928,Person,47,west
p34929,Person,68,east
p34930,Person,46,west
p34931,Person,74,west
p34932,Person,24,east
p34933,Person,19,central
p34934,Person,66,south
p34935,Person,51,east
p34936,Person,26,south
p34937,Person,58,north
p34938,Person,31,west
p34939,Person,34,central
p34940,Person,35,south
p34941,Person,51,west
p34942,Person,53,north
p34943,Person,51,east
p34944,Person,28,central
p34945,Person,27,north
p34946,Person,67,west
p34947,Person,59,north
p34948,Person,55,south
p34949,Person,42,east
p34950,Person,67,south
p34951,Person,27,south
p34952,Person,67,west
p34953,Person,29,east
p34954,Person,23,east
p34955,Person,55,east
p34956,Person,48,central
p34957,Person,56,east
p34958,Person,33,east
p34959,Person,37,north
p34960,Person,69,central
p34961,Person,48,north
p34962,Person,34,north
p34963,Person,18,west
p34964,Person,66,central
p34965,Person,50,central
p34966,Person,74,south
p34967,Person,35,south
p34968,Person,37,south
p34969,Person,54,south
p34970,Person,49,west
p34971,Person,38,east
p34972,Person,22,south
p34973,Person,58,north
p34974,Person,55,north
p34975,Person,69,south
p34976,Person,52,central
p34977,Person,33,east
p34978,Person,18,north
p34979,Person,57,west
p34980,Person,33,east
p34981,Person,56,west
p34982,Person,26,east
p34983,Person,41,north
p34984,Person,33,east
p34985,Person,27,south
p34986,Person,53,south
p34987,Person,56,east
p34988,Person,18,central
p34989,Person,36,central
p34990,Person,76,east
p34991,Person,54,south
p34992,Person,27,north
p34993,Person,40,central
p34994,Person,50,east
p34995,Person,66,north
p34996,Person,59,east
p34997,Person,25,central
p34998,Person,56,west
p34999,Person,45,north
p35000,Person,64,central
p35001,Person,74,west
p35002,Person,51,south
p35003,Person,53,north
p35004,Person,38,north
p35005,Person,20,south
p35006,Person,38,south
p35007,Person,63,central
p35008,Person,54,central
p35009,Person,52,west
p35010,Person,53,north
p35011,Person,22,central
p35012,Person,57,west
p35013,Person,77,central
p35014,Person,32,north
p35015,Person,41,east
p35016,Person,67,west
p35017,Person,58,central
p35018,Person,72,west
p35019,Person,63,west
p35020,Person,53,north
p35021,Person,20,south
p35022,Person,41,north
p35023,Person,46,south
p35024,Person,76,west
p35025,Person,25,north
p35026,Person,73,south
p35027,Person,73,north
p35028,Person,28,central
p35029,Person,72,south
p35030,Person,45,east
p35031,Person,36,south
p35032,Person,68,east
p35033,Person,52,south
p35034,Person,74,south
p35035,Person,71,central
p35036,Person,65,south
p35037,Person,54,central
p35038,Person,49,west
p35039,Person,77,west
p35040,Person,47,south
p35041,Person,43,east
p35042,Person,62,south
p35043,Person,65,south
p35044,Person,53,east
p35045,Person,50,west
p35046,Person,32,west
p35047,Person,56,east
p35048,Person,18,east
p35049,Person,46,south
p35050,Person,61,north
p35051,Person,60,central
p35052,Person,22,west
p35053,Person,47,east
p35054,Person,49,south
p35055,Person,18,south
p35056,Person,56,east
p35057,Person,65,central
p35058,Person,51,north
p35059,Person,46,east
p35060,Person,24,east
p35061,Person,65,central
p35062,Person,76,west
p35063,Person,42,south
p35064,Person,77,east
p35065,Person,61,north
p35066,Person,66,north
p35067,Person,39,east
p35068,Person,43,north
p35069,Person,68,north
p35070,Person,70,south
p35071,Person,39,central
p35072,Person,55,south
p35073,Person,48,north
p35074,Person,55,north
p35075,Person,61,central
p35076,Person,24,central
p35077,Person,61,west
p35078,Person,37,north
p35079,Person,44,west
p35080,Person,54,central
p35081,Person,26,central
p35082,Person,66,south
p35083,Person,49,central
p35084,Person,18,east
p35085,Person,21,north
p35086,Person,54,north
p35087,Person,51,south
p35088,Person,59,south
p35089,Person,47,north
p35090,Person,25,south
p35091,Person,48,west
p35092,Person,76,west
p35093,Person,74,east
p35094,Person,66,south
p35095,Person,57,west
p35096,Person,34,north
p35097,Person,68,west
p35098,Person,60,west
p35099,Person,64,west
p35100,Person,59,south
p35101,Person,58,central
p35102,Person,28,west
p35103,Person,42,central
p35104,Person,75,central
p35105,Person,47,central
p35106,Person,34,south
p35107,Person,59,south
p35108,Person,36,north
p35109,Person,19,south
p35110,Person,22,west
p35111,Person,62,south
p35112,Person,37,east
p35113,Person,53,west
p35114,Person,19,east
p35115,Person,51,east
p35116,Person,27,west
p35117,Person,57,central
p35118,Person,64,east
p35119,Person,36,central
p35120,Person,46,south
p35121,Person,76,west
p35122,Person,30,east
p35123,Person,53,west
p35124,Person,59,north
p35125,Person,65,west
p35126,Person,59,east
p35127,Person,37,south
p35128,Person,66,east
p35129,Person,71,east
p35130,Person,53,west
p35131,Person,50,east
p35132,Person,18,north
p35133,Person,35,east
p35134,Person,23,central
p35135,Person,50,west
p35136,Person,36,east
p35137,Person,60,central
p35138,Person,21,central
p35139,Person,63,central
p35140,Person,51,west
p35141,Person,72,east
p35142,Person,53,central
p35143,Person,23,east
p35144,Person,75,south
p35145,Person,19,east
p35146,Person,74,north
p35147,Person,48,central
p35148,Person,38,north
p35149,Person,32,central
p35150,Person,46,north
p35151,Person,29,east
p35152,Person,37,central
p35153,Person,58,west
p35154,Person,40,west
p35155,Person,71,west
p35156,Person,45,central
p35157,Person,25,south
p35158,Person,20,central
p35159,Person,62,south
p35160,Person,33,central
p35161,Person,26,east
p35162,Person,52,south
p35163,Person,26,north
p35164,Person,22,west
p35165,Person,53,north
p35166,Person,73,north
p35167,Person,39,south
p35168,Person,38,west
p35169,Person,60,central
p35170,Person,51,west
p35171,Person,67,west
p35172,Person,72,central
p35173,Person,76,west
p35174,Person,67,central
p35175,Person,49,west
p35176,Person,47,south
p35177,Person,40,central
p35178,Person,35,west
p35179,Person,55,east
p35180,Person,67,central
p35181,Person,60,central
p35182,Person,65,south
p35183,Person,71,north
p35184,Person,39,west
p35185,Person,29,west
p35186,Person,61,central
p35187,Person,77,south
p35188,Person,48,west
p35189,Person,18,east
p35190,Person,62,east
p35191,Person,49,south
p35192,Person,18,south
p35193,Person,70,west
p35194,Person,21,east
p35195,Person,20,south
p35196,Person,27,south
p35197,Person,33,north
p35198,Person,20,north
p35199,Person,67,east
p35200,Person,35,east
p35201,Person,42,east
p35202,Person,31,west
p35203,Person,41,central
p35204,Person,46,north
p35205,Person,33,east
p35206,Person,21,south
p35207,Person,41,east
p35208,Person,21,central
p35209,Person,56,east
p35210,Person,56,south
p35211,Person,76,south
p35212,Person,18,east
p35213,Person,48,west
p35214,Person,48,west
p35215,Person,24,north
p35216,Person,35,west
p35217,Person,66,east
p35218,Person,28,east
p35219,Person,28,north
p35220,Person,77,north
p35221,Person,52,south
p35222,Person,30,west
p35223,Person,43,north
p35224,Person,56,south
p35225,Person,32,west
p35226,Person,76,north
p35227,Person,35,south
p35228,Person,63,north
p35229,Person,70,west
p35230,Person,55,south
p35231,Person,24,central
p35232,Person,71,north
p35233,Person,49,central
p35234,Person,71,south
p35235,Person,27,south
p35236,Person,25,central
p35237,Person,59,north
p35238,Person,48,east
p35239,Person,66,west
p35240,Person,45,south
p35241,Person,68,south
p35242,Person,20,south
p35243,Person,25,central
p35244,Person,65,north
p35245,Person,30,north
p35246,Person,51,central
p35247,Person,19,north
p35248,Person,68,east
p35249,Person,71,east
p35250,Person,48,north
p35251,Person,27,central
p35252,Person,70,south
p35253,Person,70,west
p35254,Person,43,east
p35255,Person,19,north
p35256,Person,25,east
p35257,Person,22,central
p35258,Person,67,central
p35259,Person,68,south
p35260,Person,54,north
p35261,Person,32,east
p35262,Person,21,west
p35263,Person,29,east
p35264,Person,29,west
p35265,Person,47,south
p35266,Person,63,central
p35267,Person,60,west
p35268,Person,18,north
p35269,Person,55,east
p35270,Person,66,west
p35271,Person,72,west
p35272,Person,27,central
p35273,Person,25,east
p35274,Person,65,north
p35275,Person,41,east
p35276,Person,44,central
p35277,Person,41,central
p35278,Person,40,north
p35279,Person,77,east
p35280,Person,59,north
p35281,Person,45,central
p35282,Person,30,north
p35283,Person,31,east
p35284,Person,34,west
p35285,Person,28,central
p35286,Person,40,east
p35287,Person,50,south
p35288,Person,41,central
p35289,Person,57,east
p35290,Person,77,north
p35291,Person,60,south
p35292,Person,41,south
p35293,Person,49,central
p35294,Person,59,east
p35295,Person,56,north
p35296,Person,36,central
p35297,Person,77,north
p35298,Person,57,west
p35299,Person,35,south
p35300,Person,48,west
p35301,Person,45,central
p35302,Person,66,south
p35303,Person,34,north
p35304,Person,46,central
p35305,Person,24,east
p35306,Person,35,south
p35307,Person,24,east
p35308,Person,53,south
p35309,Person,55,east
p35310,Person,38,central
p35311,Person,44,south
p35312,Person,57,west
p35313,Person,46,north
p35314,Person,68,west
p35315,Person,76,north
p35316,Person,53,central
p35317,Person,53,central
p35318,Person,66,east
p35319,Person,31,north
p35320,Person,57,south
p35321,Person,24,north
p35322,Person,49,south
p35323,Person,28,north
p35324,Person,71,north
p35325,Person,55,west
p35326,Person,20,north
p35327,Person,46,north
p35328,Person,36,north
p35329,Person,37,north
p35330,Person,43,east
p35331,Person,69,north
p35332,Person,70,west
p35333,Person,27,south
p35334,Person,34,south
p35335,Person,26,east
p35336,Person,62,central
p35337,Person,30,south
p35338,Person,20,central
p35339,Person,22,west
p35340,Person,58,east
p35341,Person,36,central
p35342,Person,34,central
p35343,Person,58,north
p35344,Person,49,north
p35345,Person,58,north
p35346,Person,75,north
p35347,Person,20,south
p35348,Person,70,central
p35349,Person,19,north
p35350,Person,66,east
p35351,Person,55,east
p35352,Person,46,central
p35353,Person,60,west
p35354,Person,54,central
p35355,Person,29,east
p35356,Person,70,west
p35357,Person,55,east
p35358,Person,57,west
p35359,Person,48,east
p35360,Person,62,central
p35361,Person,24,east
p35362,Person,69,central
p35363,Person,24,central
p35364,Person,50,central
p35365,Person,70,west
p35366,Person,54,central
p35367,Person,55,east
p35368,Person,24,north
p35369,Person,71,west
p35370,Person,67,north
p35371,Person,41,south
p35372,Person,21,south
p35373,Person,61,central
p35374,Person,54,east
p35375,Person,39,north
p35376,Person,55,south
p35377,Person,24,north
p35378,Person,23,north
p35379,Person,71,central
p35380,Person,64,west
p35381,Person,44,west
p35382,Person,31,north
p35383,Person,32,central
p35384,Person,19,east
p35385,Person,50,central
p35386,Person,61,south
p35387,Person,54,south
p35388,Person,34,west
p35389,Person,34,south
p35390,Person,52,south
p35391,Person,20,south
p35392,Person,27,central
p35393,Person,63,east
p35394,Person,28,central
p35395,Person,33,west
p35396,Person,41,north
p35397,Person,22,south
p35398,Person,30,north
p35399,Person,57,north
p35400,Person,23,north
p35401,Person,60,central
p35402,Person,37,south
p35403,Person,20,north
p35404,Person,26,south
p35405,Person,51,central
p35406,Person,31,south
p35407,Person,55,west
p35408,Person,24,south
p35409,Person,37,west
p35410,Person,76,east
p35411,Person,75,west
p35412,Person,30,east
p35413,Person,74,south
p35414,Person,36,central
p35415,Person,26,east
p35416,Person,43,central
p35417,Person,34,west
p35418,Person,71,south
p35419,Person,42,east
p35420,Person,71,central
p35421,Person,62,central
p35422,Person,27,west
p35423,Person,30,north
p35424,Person,45,south
p35425,Person,54,west
p35426,Person,26,south
p35427,Person,31,south
p35428,Person,65,west
p35429,Person,57,west
p35430,Person,62,central
p35431,Person,72,central
p35432,Person,20,central
p35433,Person,72,north
p35434,Person,62,central
p35435,Person,33,central
p35436,Person,74,north
p35437,Person,65,central
p35438,Person,72,west
p35439,Person,77,central
p35440,Person,52,central
p35441,Person,47,north
p35442,Person,57,east
p35443,Person,69,central
p35444,Person,59,south
p35445,Person,72,central
p35446,Person,33,south
p35447,Person,34,south
p35448,Person,66,central
p35449,Person,52,south
p35450,Person,54,west
p35451,Person,59,east
p35452,Person,56,central
p35453,Person,58,north
p35454,Person,65,east
p35455,Person,45,west
p35456,Person,65,east
p35457,Person,38,south
p35458,Person,68,south
p35459,Person,36,south
p35460,Person,61,north
p35461,Person,65,north
p35462,Person,51,west
p35463,Person,76,central
p35464,Person,57,central
p35465,Person,18,central
p35466,Person,20,north
p35467,Person,70,central
p35468,Person,28,north
p35469,Person,43,north
p35470,Person,70,east
p35471,Person,47,south
p35472,Person,32,south
p35473,Person,37,north
p35474,Person,74,central
p35475,Person,59,south
p35476,Person,26,east
p35477,Person,75,east
p35478,Person,69,west
p35479,Person,46,central
p35480,Person,61,north
p35481,Person,41,south
p35482,Person,26,central
p35483,Person,31,east
p35484,Person,71,north
p35485,Person,72,south
p35486,Person,56,central
p35487,Person,28,east
p35488,Person,32,central
p35489,Person,40,east
p35490,Person,72,north
p35491,Person,69,west
p35492,Person,59,east
p35493,Person,76,central
p35494,Person,54,central
p35495,Person,57,north
p35496,Person,41,north
p35497,Person,33,east
p35498,Person,73,west
p35499,Person,74,central
p35500,Person,21,west
p35501,Person,50,south
p35502,Person,49,north
p35503,Person,62,west
p35504,Person,52,west
p35505,Person,57,west
p35506,Person,34,south
p35507,Person,61,south
p35508,Person,59,north
p35509,Person,45,east
p35510,Person,50,north
p35511,Person,49,central
p35512,Person,62,north
p35513,Person,56,west
p35514,Person,43,east
p35515,Person,67,west
p35516,Person,55,central
p35517,Person,38,east
p35518,Person,48,south
p35519,Person,24,north
p35520,Person,66,east
p35521,Person,37,south
p35522,Person,28,west
p35523,Person,23,west
p35524,Person,62,north
p35525,Person,63,north
p35526,Person,42,east
p35527,Person,48,central
p35528,Person,37,north
p35529,Person,52,central
p35530,Person,34,central
p35531,Person,68,north
p35532,Person,77,central
p35533,Person,67,central
p35534,Person,40,south
p35535,Person,46,north
p35536,Person,54,central
p35537,Person,43,north
p35538,Person,37,north
p35539,Person,18,north
p35540,Person,31,central
p35541,Person,68,north
p35542,Person,54,west
p35543,Person,74,south
p35544,Person,73,central
p35545,Person,70,south
p35546,Person,40,south
p35547,Person,35,west
p35548,Person,59,south
p35549,Person,44,east
p35550,Person,54,east
p35551,Person,28,central
p35552,Person,35,east
p35553,Person,40,east
p35554,Person,51,south
p35555,Person,76,central
p35556,Person,60,south
p35557,Person,26,south
p35558,Person,64,east
p35559,Person,36,south
p35560,Person,74,south
p35561,Person,42,central
p35562,Person,29,west
p35563,Person,34,north
p35564,Person,51,east
p35565,Person,55,east
p35566,Person,34,central
p35567,Person,45,central
p35568,Person,21,south
p35569,Person,72,south
p35570,Person,53,west
p35571,Person,39,west
p35572,Person,24,south
p35573,Person,35,north
p35574,Person,20,east
p35575,Person,19,east
p35576,Person,76,south
p35577,Person,35,west
p35578,Person,29,central
p35579,Person,61,east
p35580,Person,55,south
p35581,Person,51,east
p35582,Person,24,west
p35583,Person,59,west
p35584,Person,62,west
p35585,Person,49,east
p35586,Person,48,east
p35587,Person,30,north
p35588,Person,54,south
p35589,Person,61,central
p35590,Person,38,central
p35591,Person,75,west
p35592,Person,56,west
p35593,Person,53,west
p35594,Person,40,south
p35595,Person,45,south
p35596,Person,56,central
p35597,Person,49,west
p35598,Person,64,east
p35599,Person,33,south
p35600,Person,56,west
p35601,Person,60,north
p35602,Person,49,north
p35603,Person,66,central
p35604,Person,19,central
p35605,Person,50,east
p35606,Person,32,south
p35607,Person,76,north
p35608,Person,25,south
p35609,Person,45,north
p35610,Person,62,west
p35611,Person,29,south
p35612,Person,26,east
p35613,Person,52,central
p35614,Person,54,west
p35615,Person,32,central
p35616,Person,49,south
p35617,Person,33,south
p35618,Person,37,west
p35619,Person,40,north
p35620,Person,64,central
p35621,Person,36,east
p35622,Person,18,east
p35623,Person,77,central
p35624,Person,22,central
p35625,Person,44,east
p35626,Person,46,south
p35627,Person,73,north
p35628,Person,66,central
p35629,Person,74,north
p35630,Person,45,west
p35631,Person,34,south
p35632,Person,26,west
p35633,Person,60,west
p35634,Person,63,south
p35635,Person,52,south
p35636,Person,19,east
p35637,Person,57,west
p35638,Person,56,central
p35639,Person,28,west
p35640,Person,34,east
p35641,Person,64,east
p35642,Person,55,west
p35643,Person,25,west
p35644,Person,47,central
p35645,Person,21,east
p35646,Person,32,central
p35647,Person,54,south
p35648,Person,43,south
p35649,Person,71,west
p35650,Person,71,east
p35651,Person,50,central
p35652,Person,51,north
p35653,Person,60,east
p35654,Person,31,central
p35655,Person,19,north
p35656,Person,46,south
p35657,Person,51,north
p35658,Person,66,south
p35659,Person,33,central
p35660,Person,38,central
p35661,Person,69,central
p35662,Person,48,south
p35663,Person,42,north
p35664,Person,54,east
p35665,Person,62,west
p35666,Person,55,north
p35667,Person,75,north
p35668,Person,22,central
p35669,Person,68,west
p35670,Person,66,central
p35671,Person,40,north
p35672,Person,46,south
p35673,Person,51,south
p35674,Person,52,west
p35675,Person,22,east
p35676,Person,58,central
p35677,Person,52,west
p35678,Person,72,west
p35679,Person,23,east
p35680,Person,48,central
p35681,Person,18,central
p35682,Person,38,west
p35683,Person,54,east
p35684,Person,29,west
p35685,Person,25,east
p35686,Person,25,west
p35687,Person,39,east
p35688,Person,30,south
p35689,Person,52,south
p35690,Person,41,west
p35691,Person,76,central
p35692,Person,50,east
p35693,Person,41,central
p35694,Person,69,north
p35695,Person,36,north
p35696,Person,26,west
p35697,Person,45,west
p35698,Person,39,central
p35699,Person,57,north
p35700,Person,58,west
p35701,Person,31,north
p35702,Person,28,west
p35703,Person,21,west
p35704,Person,39,east
p35705,Person,50,south
p35706,Person,34,west
p35707,Person,69,west
p35708,Person,69,east
p35709,Person,64,east
p35710,Person,54,east
p35711,Person,70,east
p35712,Person,76,east
p35713,Person,55,east
p35714,Person,48,north
p35715,Person,76,east
p35716,Person,32,central
p35717,Person,31,east
p35718,Person,70,central
p35719,Person,77,north
p35720,Person,76,central
p35721,Person,28,north
p35722,Person,33,south
p35723,Person,19,central
p35724,Person,40,south
p35725,Person,47,north
p35726,Person,45,west
p35727,Person,62,east
p35728,Person,20,east
p35729,Person,32,central
p35730,Person,69,east
p35731,Person,35,north
p35732,Person,59,west
p35733,Person,57,south
p35734,Person,37,west
p35735,Person,75,north
p35736,Person,76,north
p35737,Person,60,west
p35738,Person,23,central
p35739,Person,74,east
p35740,Person,72,central
p35741,Person,50,east
p35742,Person,36,west
p35743,Person,24,north
p35744,Person,21,central
p35745,Person,28,east
p35746,Person,27,central
p35747,Person,56,north
p35748,Person,19,central
p35749,Person,73,west
p35750,Person,50,west
p35751,Person,55,east
p35752,Person,49,north
p35753,Person,74,central
p35754,Person,35,south
p35755,Person,24,east
p35756,Person,33,central
p35757,Person,23,east
p35758,Person,70,south
p35759,Person,63,central
p35760,Person,56,central
p35761,Person,36,central
p35762,Person,74,south
p35763,Person,26,central
p35764,Person,54,west
p35765,Person,20,north
p35766,Person,51,north
p35767,Person,36,south
p35768,Person,29,west
p35769,Person,52,east
p35770,Person,40,north
p35771,Person,74,central
p35772,Person,35,east
p35773,Person,21,north
p35774,Person,41,south
p35775,Person,54,east
p35776,Person,38,east
p35777,Person,65,central
p35778,Person,55,south
p35779,Person,66,east
p35780,Person,32,west
p35781,Person,34,central
p35782,Person,49,north
p35783,Person,60,central
p35784,Person,56,east
p35785,Person,41,south
p35786,Person,23,south
p35787,Person,26,central
p35788,Person,21,east
p35789,Person,51,central
p35790,Person,21,north
p35791,Person,48,west
p35792,Person,27,east
p35793,Person,55,north
p35794,Person,69,west
p35795,Person,46,north
p35796,Person,60,north
p35797,Person,46,south
p35798,Person,47,west
p35799,Person,26,east
p35800,Person,40,west
p35801,Person,21,north
p35802,Person,52,north
p35803,Person,61,central
p35804,Person,34,east
p35805,Person,23,east
p35806,Person,72,central
p35807,Person,32,south
p35808,Person,36,west
p35809,Person,37,east
p35810,Person,49,east
p35811,Person,38,south
p35812,Person,26,east
p35813,Person,31,north
p35814,Person,20,south
p35815,Person,18,south
p35816,Person,65,east
p35817,Person,43,south
p35818,Person,35,east
p35819,Person,19,south
p35820,Person,69,east
p35821,Person,73,north
p35822,Person,37,east
p35823,Person,25,central
p35824,Person,23,north
p35825,Person,29,north
p35826,Person,26,south
p35827,Person,23,central
p35828,Person,69,east
p35829,Person,68,central
p35830,Person,54,east
p35831,Person,54,west
p35832,Person,53,west
p35833,Person,55,central
p35834,Person,18,east
p35835,Person,77,central
p35836,Person,74,south
p35837,Person,53,south
p35838,Person,40,central
p35839,Person,27,south
p35840,Person,22,central
p35841,Person,35,east
p35842,Person,67,central
p35843,Person,39,north
p35844,Person,28,south
p35845,Person,42,south
p35846,Person,43,east
p35847,Person,47,north
p35848,Person,43,west
p35849,Person,42,south
p35850,Person,52,north
p35851,Person,38,central
p35852,Person,42,north
p35853,Person,43,east
p35854,Person,38,west
p35855,Person,72,central
p35856,Person,32,south
p35857,Person,61,south
p35858,Person,29,south
p35859,Person,55,north
p35860,Person,45,west
p35861,Person,47,east
p35862,Person,67,east
p35863,Person,39,east
p35864,Person,34,south
p35865,Person,74,south
p35866,Person,56,north
p35867,Person,72,south
p35868,Person,46,south
p35869,Person,18,south
p35870,Person,52,central
p35871,Person,23,central
p35872,Person,44,central
p35873,Person,27,south
p35874,Person,41,east
p35875,Person,61,east
p35876,Person,18,west
p35877,Person,34,east
p35878,Person,39,south
p35879,Person,34,north
p35880,Person,49,central
p35881,Person,32,central
p35882,Person,57,north
p35883,Person,41,west
p35884,Person,37,north
p35885,Person,70,central
p35886,Person,52,east
p35887,Person,20,north
p35888,Person,75,east
p35889,Person,29,central
p35890,Person,64,west
p35891,Person,43,south
p35892,Person,68,central
p35893,Person,18,east
p35894,Person,75,south
p35895,Person,56,west
p35896,Person,49,west
p35897,Person,48,central
p35898,Person,51,north
p35899,Person,22,south
p35900,Person,46,west
p35901,Person,65,north
p35902,Person,70,north
p35903,Person,57,north
p35904,Person,73,south
p35905,Person,77,south
p35906,Person,31,central
p35907,Person,62,east
p35908,Person,28,north
p35909,Person,68,west
p35910,Person,25,central
p35911,Person,33,south
p35912,Person,44,south
p35913,Person,54,north
p35914,Person,64,south
p35915,Person,59,central
p35916,Person,25,west
p35917,Person,63,north
p35918,Person,45,south
p35919,Person,39,north
p35920,Person,55,south
p35921,Person,68,east
p35922,Person,23,central
p35923,Person,18,west
p35924,Person,43,east
p35925,Person,71,south
p35926,Person,19,east
p35927,Person,35,west
p35928,Person,57,west
p35929,Person,45,west
p35930,Person,25,east
p35931,Person,62,west
p35932,Person,21,west
p35933,Person,70,central
p35934,Person,22,north
p35935,Person,70,central
p35936,Person,69,central
p35937,Person,27,east
p35938,Person,63,central
p35939,Person,48,east
p35940,Person,30,north
p35941,Person,60,east
p35942,Person,55,west
p35943,Person,61,north
p35944,Person,49,north
p35945,Person,33,north
p35946,Person,51,south
p35947,Person,75,north
p35948,Person,76,central
p35949,Person,53,south
p35950,Person,25,east
p35951,Person,54,west
p35952,Person,69,south
p35953,Person,48,east
p35954,Person,74,west
p35955,Person,67,south
p35956,Person,41,south
p35957,Person,54,east
p35958,Person,51,north
p35959,Person,28,north
p35960,Person,19,west
p35961,Person,28,east
p35962,Person,46,south
p35963,Person,61,east
p35964,Person,19,east
p35965,Person,38,east
p35966,Person,49,central
p35967,Person,47,central
p35968,Person,52,east
p35969,Person,36,north
p35970,Person,72,east
p35971,Person,20,south
p35972,Person,43,south
p35973,Person,67,central
p35974,Person,62,central
p35975,Person,62,east
p35976,Person,28,east
p35977,Person,64,west
p35978,Person,51,central
p35979,Person,73,south
p35980,Person,64,central
p35981,Person,74,north
p35982,Person,70,east
p35983,Person,49,east
p35984,Person,77,east
p35985,Person,30,west
p35986,Person,46,south
p35987,Person,68,south
p35988,Person,30,north
p35989,Person,37,west
p35990,Person,23,west
p35991,Person,65,central
p35992,Person,28,south
p35993,Person,23,south
p35994,Person,73,central
p35995,Person,59,east
p35996,Person,51,south
p35997,Person,76,central
p35998,Person,33,west
p35999,Person,60,north
p36000,Person,71,south
p36001,Person,35,central
p36002,Person,46,central
p36003,Person,37,central
p36004,Person,76,south
p36005,Person,39,east
p36006,Person,47,south
p36007,Person,22,north
p36008,Person,38,central
p36009,Person,51,west
p36010,Person,36,north
p36011,Person,55,central
p36012,Person,57,south
p36013,Person,45,east
p36014,Person,29,north
p36015,Person,63,west
p36016,Person,47,north
p36017,Person,58,south
p36018,Person,18,east
p36019,Person,19,east
p36020,Person,27,north
p36021,Person,68,central
p36022,Person,28,central
p36023,Person,30,west
p36024,Person,53,west
p36025,Person,56,north
p36026,Person,18,west
p36027,Person,69,south
p36028,Person,21,north
p36029,Person,60,south
p36030,Person,42,south
p36031,Person,54,east
p36032,Person,54,north
p36033,Person,61,west
p36034,Person,68,west
p36035,Person,40,east
p36036,Person,29,east
p36037,Person,64,west
p36038,Person,47,west
p36039,Person,66,west
p36040,Person,31,north
p36041,Person,32,south
p36042,Person,67,south
p36043,Person,31,north
p36044,Person,75,south
p36045,Person,22,west
p36046,Person,54,west
p36047,Person,71,west
p36048,Person,62,west
p36049,Person,30,central
p36050,Person,32,north
p36051,Person,49,south
p36052,Person,55,central
p36053,Person,38,north
p36054,Person,60,west
p36055,Person,75,south
p36056,Person,31,east
p36057,Person,65,central
p36058,Person,61,central
p36059,Person,35,west
p36060,Person,61,east
p36061,Person,20,central
p36062,Person,22,east
p36063,Person,46,central
p36064,Person,20,west
p36065,Person,44,west
p36066,Person,34,east
p36067,Person,67,south
p36068,Person,32,central
p36069,Person,64,central
p36070,Person,27,west
p36071,Person,31,north
p36072,Person,47,south
p36073,Person,50,west
p36074,Person,70,west
p36075,Person,57,south
p36076,Person,36,central
p36077,Person,41,west
p36078,Person,31,east
p36079,Person,51,east
p36080,Person,51,north
p36081,Person,64,west
p36082,Person,25,north
p36083,Person,54,west
p36084,Person,32,north
p36085,Person,56,west
p36086,Person,65,west
p36087,Person,22,central
p36088,Person,34,central
p36089,Person,22,west
p36090,Person,52,central
p36091,Person,44,central
p36092,Person,29,south
p36093,Person,63,south
p36094,Person,68,central
p36095,Person,39,west
p36096,Person,76,west
p36097,Person,34,west
p36098,Person,49,north
p36099,Person,70,west
p36100,Person,40,west
p36101,Person,68,west
p36102,Person,23,north
p36103,Person,32,east
p36104,Person,55,east
p36105,Person,50,central
p36106,Person,57,south
p36107,Person,64,south
p36108,Person,70,north
p36109,Person,50,south
p36110,Person,41,north
p36111,Person,26,central
p36112,Person,36,central
p36113,Person,59,east
p36114,Person,33,central
p36115,Person,46,east
p36116,Person,26,west
p36117,Person,59,central
p36118,Person,21,south
p36119,Person,74,central
p36120,Person,64,central
p36121,Person,42,south
p36122,Person,53,west
p36123,Person,65,south
p36124,Person,27,east
p36125,Person,59,north
p36126,Person,21,north
p36127,Person,22,north
p36128,Person,70,west
p36129,Person,77,west
p36130,Person,44,south
p36131,Person,68,west
p36132,Person,24,central
p36133,Person,20,south
p36134,Person,20,east
p36135,Person,36,north
p36136,Person,50,north
p36137,Person,23,west
p36138,Person,43,east
p36139,Person,73,west
p36140,Person,53,north
p36141,Person,60,west
p36142,Person,34,north
p36143,Person,49,south
p36144,Person,73,north
p36145,Person,31,west
p36146,Person,22,north
p36147,Person,73,north
p36148,Person,51,central
p36149,Person,21,north
p36150,Person,57,west
p36151,Person,39,north
p36152,Person,27,west
p36153,Person,18,central
p36154,Person,29,south
p36155,Person,28,north
p36156,Person,46,north
p36157,Person,47,south
p36158,Person,67,west
p36159,Person,59,east
p36160,Person,43,central
p36161,Person,48,north
p36162,Person,36,east
p36163,Person,29,east
p36164,Person,25,west
p36165,Person,76,north
p36166,Person,62,east
p36167,Person,50,east
p36168,Person,18,south
p36169,Person,29,north
p36170,Person,21,central
p36171,Person,52,central
p36172,Person,64,east
p36173,Person,27,east
p36174,Person,28,east
p36175,Person,63,south
p36176,Person,49,south
p36177,Person,35,south
p36178,Person,27,central
p36179,Person,43,west
p36180,Person,76,north
p36181,Person,34,central
p36182,Person,34,north
p36183,Person,77,central
p36184,Person,20,west
p36185,Person,38,north
p36186,Person,61,west
p36187,Person,22,west
p36188,Person,46,south
p36189,Person,69,north
p36190,Person,39,east
p36191,Person,57,north
p36192,Person,59,north
p36193,Person,48,north
p36194,Person,65,east
p36195,Person,59,central
p36196,Person,52,south
p36197,Person,22,east
p36198,Person,57,east
p36199,Person,66,north
p36200,Person,45,north
p36201,Person,54,west
p36202,Person,57,east
p36203,Person,48,west
p36204,Person,66,east
p36205,Person,49,west
p36206,Person,73,south
p36207,Person,35,south
p36208,Person,57,south
p36209,Person,70,south
p36210,Person,30,west
p36211,Person,27,central
p36212,Person,64,east
p36213,Person,64,central
p36214,Person,31,south
p36215,Person,19,east
p36216,Person,67,west
p36217,Person,24,north
p36218,Person,39,west
p36219,Person,23,south
p36220,Person,21,east
p36221,Person,35,west
p36222,Person,35,west
p36223,Person,59,south
p36224,Person,45,north
p36225,Person,39,south
p36226,Person,51,south
p36227,Person,28,east
p36228,Person,63,central
p36229,Person,41,west
p36230,Person,26,east
p36231,Person,43,west
p36232,Person,20,east
p36233,Person,23,south
p36234,Person,62,south
p36235,Person,51,south
p36236,Person,66,west
p36237,Person,76,east
p36238,Person,70,north
p36239,Person,75,central
p36240,Person,49,north
p36241,Person,69,central
p36242,Person,26,north
p36243,Person,21,east
p36244,Person,31,west
p36245,Person,33,south
p36246,Person,32,north
p36247,Person,47,north
p36248,Person,71,west
p36249,Person,42,east
p36250,Person,36,west
p36251,Person,66,east
p36252,Person,25,west
p36253,Person,44,north
p36254,Person,22,east
p36255,Person,32,west
p36256,Person,19,east
p36257,Person,35,north
p36258,Person,38,east
p36259,Person,37,south
p36260,Person,50,north
p36261,Person,67,east
p36262,Person,65,west
p36263,Person,68,east
p36264,Person,35,east
p36265,Person,72,central
p36266,Person,50,north
p36267,Person,65,south
p36268,Person,47,central
p36269,Person,42,east
p36270,Person,51,central
p36271,Person,49,north
p36272,Person,61,north
p36273,Person,46,east
p36274,Person,19,east
p36275,Person,20,east
p36276,Person,49,north
p36277,Person,69,north
p36278,Person,53,south
p36279,Person,58,central
p36280,Person,29,east
p36281,Person,59,north
p36282,Person,42,central
p36283,Person,30,north
p36284,Person,65,central
p36285,Person,51,north
p36286,Person,31,south
p36287,Person,26,south
p36288,Person,43,south
p36289,Person,45,south
p36290,Person,40,central
p36291,Person,38,central
p36292,Person,64,central
p36293,Person,36,south
p36294,Person,57,north
p36295,Person,53,south
p36296,Person,26,south
p36297,Person,63,south
p36298,Person,31,central
p36299,Person,71,east
p36300,Person,26,east
p36301,Person,45,central
p36302,Person,18,east
p36303,Person,73,south
p36304,Person,63,west
p36305,Person,44,central
p36306,Person,67,east
p36307,Person,76,north
p36308,Person,54,east
p36309,Person,55,north
p36310,Person,54,central
p36311,Person,71,north
p36312,Person,50,south
p36313,Person,46,east
p36314,Person,28,east
p36315,Person,46,central
p36316,Person,51,north
p36317,Person,31,central
p36318,Person,68,east
p36319,Person,21,west
p36320,Person,58,north
p36321,Person,42,central
p36322,Person,39,west
p36323,Person,53,west
p36324,Person,77,north
p36325,Person,47,north
p36326,Person,41,north
p36327,Person,67,east
p36328,Person,30,south
p36329,Person,38,south
p36330,Person,71,west
p36331,Person,49,central
p36332,Person,37,west
p36333,Person,64,south
p36334,Person,60,central
p36335,Person,54,west
p36336,Person,48,east
p36337,Person,70,central
p36338,Person,42,central
p36339,Person,60,east
p36340,Person,31,south
p36341,Person,22,west
p36342,Person,19,south
p36343,Person,72,central
p36344,Person,71,west
p36345,Person,24,east
p36346,Person,55,central
p36347,Person,46,central
p36348,Person,47,north
p36349,Person,42,south
p36350,Person,67,west
p36351,Person,25,west
p36352,Person,53,south
p36353,Person,44,central
p36354,Person,57,central
p36355,Person,67,south
p36356,Person,75,east
p36357,Person,51,north
p36358,Person,36,north
p36359,Person,32,east
p36360,Person,49,west
p36361,Person,27,north
p36362,Person,63,east
p36363,Person,44,west
p36364,Person,69,west
p36365,Person,30,south
p36366,Person,55,south
p36367,Person,55,north
p36368,Person,72,north
p36369,Person,57,central
p36370,Person,45,central
p36371,Person,29,west
p36372,Person,64,central
p36373,Person,28,west
p36374,Person,44,west
p36375,Person,64,north
p36376,Person,22,south
p36377,Person,52,west
p36378,Person,61,west
p36379,Person,19,central
p36380,Person,33,east
p36381,Person,44,west
p36382,Person,41,south
p36383,Person,56,north
p36384,Person,34,north
p36385,Person,37,north
p36386,Person,68,west
p36387,Person,35,north
p36388,Person,65,south
p36389,Person,36,central
p36390,Person,66,west
p36391,Person,51,south
p36392,Person,76,central
p36393,Person,24,south
p36394,Person,23,east
p36395,Person,61,east
p36396,Person,74,south
p36397,Person,68,east
p36398,Person,46,east
p36399,Person,40,north
p36400,Person,59,north
p36401,Person,62,north
p36402,Person,22,south
p36403,Person,66,central
p36404,Person,70,north
p36405,Person,47,west
p36406,Person,71,north
p36407,Person,20,north
p36408,Person,77,south
p36409,Person,49,west
p36410,Person,52,north
p36411,Person,57,north
p36412,Person,38,central
p36413,Person,65,north
p36414,Person,47,south
p36415,Person,24,south
p36416,Person,19,west
p36417,Person,57,west
p36418,Person,77,central
p36419,Person,39,north
p36420,Person,37,north
p36421,Person,40,central
p36422,Person,65,north
p36423,Person,25,west
p36424,Person,64,south
p36425,Person,75,north
p36426,Person,21,central
p36427,Person,50,south
p36428,Person,31,central
p36429,Person,55,west
p36430,Person,50,central
p36431,Person,70,east
p36432,Person,31,central
p36433,Person,41,west
p36434,Person,69,north
p36435,Person,44,north
p36436,Person,39,north
p36437,Person,46,north
p36438,Person,51,north
p36439,Person,47,south
p36440,Person,33,north
p36441,Person,56,north
p36442,Person,18,east
p36443,Person,33,central
p36444,Person,56,north
p36445,Person,40,north
p36446,Person,31,central
p36447,Person,36,north
p36448,Person,59,south
p36449,Person,39,central
p36450,Person,60,south
p36451,Person,49,central
p36452,Person,37,central
p36453,Person,18,north
p36454,Person,27,west
p36455,Person,43,south
p36456,Person,63,south
p36457,Person,68,east
p36458,Person,54,south
p36459,Person,24,north
p36460,Person,24,south
p36461,Person,72,south
p36462,Person,74,central
p36463,Person,24,north
p36464,Person,26,south
p36465,Person,69,west
p36466,Person,69,west
p36467,Person,55,east
p36468,Person,30,central
p36469,Person,20,central
p36470,Person,51,central
p36471,Person,53,north
p36472,Person,31,north
p36473,Person,47,south
p36474,Person,43,central
p36475,Person,61,central
p36476,Person,71,north
p36477,Person,59,north
p36478,Person,41,central
p36479,Person,29,central
p36480,Person,29,south
p36481,Person,47,south
p36482,Person,39,south
p36483,Person,74,south
p36484,Person,19,south
p36485,Person,31,south
p36486,Person,77,north
p36487,Person,61,west
p36488,Person,67,central
p36489,Person,66,central
p36490,Person,43,central
p36491,Person,52,south
p36492,Person,35,east
p36493,Person,33,central
p36494,Person,60,east
p36495,Person,74,east
p36496,Person,29,west
p36497,Person,75,east
p36498,Person,46,central
p36499,Person,52,south
p36500,Person,39,south
p36501,Person,50,west
p36502,Person,61,east
p36503,Person,77,east
p36504,Person,68,east
p36505,Person,52,south
p36506,Person,27,east
p36507,Person,50,east
p36508,Person,19,south
p36509,Person,39,central
p36510,Person,25,central
p36511,Person,19,north
p36512,Person,32,north
p36513,Person,55,north
p36514,Person,50,south
p36515,Person,46,east
p36516,Person,37,north
p36517,Person,42,central
p36518,Person,21,south
p36519,Person,50,central
p36520,Person,77,west
p36521,Person,64,west
p36522,Person,51,west
p36523,Person,61,east
p36524,Person,24,south
p36525,Person,41,south
p36526,Person,42,east
p36527,Person,23,south
p36528,Person,46,west
p36529,Person,53,east
p36530,Person,25,central
p36531,Person,31,south
p36532,Person,39,east
p36533,Person,33,south
p36534,Person,34,south
p36535,Person,66,east
p36536,Person,60,west
p36537,Person,64,east
p36538,Person,77,south
p36539,Person,41,north
p36540,Person,50,east
p36541,Person,25,central
p36542,Person,50,north
p36543,Person,67,central
p36544,Person,48,south
p36545,Person,24,south
p36546,Person,22,south
p36547,Person,70,east
p36548,Person,26,south
p36549,Person,21,south
p36550,Person,68,central
p36551,Person,56,south
p36552,Person,31,south
p36553,Person,45,north
p36554,Person,44,east
p36555,Person,70,north
p36556,Person,60,west
p36557,Person,73,east
p36558,Person,19,east
p36559,Person,34,west
p36560,Person,40,west
p36561,Person,33,north
p36562,Person,24,north
p36563,Person,63,west
p36564,Person,66,west
p36565,Person,59,west
p36566,Person,23,south
p36567,Person,73,south
p36568,Person,57,north
p36569,Person,48,west
p36570,Person,20,south
p36571,Person,28,east
p36572,Person,45,east
p36573,Person,24,central
p36574,Person,45,south
p36575,Person,45,west
p36576,Person,43,west
p36577,Person,46,north
p36578,Person,22,east
p36579,Person,50,central
p36580,Person,30,south
p36581,Person,21,north
p36582,Person,41,central
p36583,Person,28,south
p36584,Person,68,central
p36585,Person,38,south
p36586,Person,25,south
p36587,Person,49,south
p36588,Person,73,east
p36589,Person,37,north
p36590,Person,28,east
p36591,Person,73,south
p36592,Person,19,central
p36593,Person,22,central
p36594,Person,70,north
p36595,Person,43,central
p36596,Person,57,north
p36597,Person,30,east
p36598,Person,43,north
p36599,Person,74,west
p36600,Person,33,north
p36601,Person,50,central
p36602,Person,30,south
p36603,Person,30,central
p36604,Person,50,east
p36605,Person,56,east
p36606,Person,42,west
p36607,Person,76,north
p36608,Person,21,central
p36609,Person,30,north
p36610,Person,46,central
p36611,Person,57,east
p36612,Person,37,east
p36613,Person,72,east
p36614,Person,23,east
p36615,Person,47,north
p36616,Person,51,south
p36617,Person,20,south
p36618,Person,76,west
p36619,Person,24,east
p36620,Person,72,west
p36621,Person,63,east
p36622,Person,41,north
p36623,Person,54,west
p36624,Person,28,south
p36625,Person,48,south
p36626,Person,38,central
p36627,Person,53,north
p36628,Person,35,east
p36629,Person,67,central
p36630,Person,26,south
p36631,Person,71,south
p36632,Person,40,north
p36633,Person,58,east
p36634,Person,36,central
p36635,Person,47,east
p36636,Person,56,east
p36637,Person,37,central
p36638,Person,68,east
p36639,Person,37,central
p36640,Person,44,west
p36641,Person,22,west
p36642,Person,33,west
p36643,Person,40,south
p36644,Person,60,central
p36645,Person,73,central
p36646,Person,75,east
p36647,Person,66,west
p36648,Person,62,north
p36649,Person,25,west
p36650,Person,76,west
p36651,Person,65,west
p36652,Person,61,east
p36653,Person,62,east
p36654,Person,49,central
p36655,Person,55,west
p36656,Person,49,north
p36657,Person,45,east
p36658,Person,33,central
p36659,Person,77,south
p36660,Person,71,north
p36661,Person,77,north
p36662,Person,74,east
p36663,Person,39,east
p36664,Person,38,north
p36665,Person,58,west
p36666,Person,23,east
p36667,Person,68,central
p36668,Person,42,east
p36669,Person,63,east
p36670,Person,27,south
p36671,Person,41,east
p36672,Person,69,east
p36673,Person,55,central
p36674,Person,47,central
p36675,Person,61,west
p36676,Person,56,north
p36677,Person,69,west
p36678,Person,64,south
p36679,Person,62,west
p36680,Person,76,west
p36681,Person,62,east
p36682,Person,29,west
p36683,Person,51,south
p36684,Person,20,north
p36685,Person,53,south
p36686,Person,59,central
p36687,Person,21,west
p36688,Person,18,central
p36689,Person,51,west
p36690,Person,30,north
p36691,Person,18,east
p36692,Person,64,west
p36693,Person,41,central
p36694,Person,47,central
p36695,Person,45,central
p36696,Person,63,central
p36697,Person,38,east
p36698,Person,60,south
p36699,Person,32,west
p36700,Person,46,west
p36701,Person,39,south
p36702,Person,31,north
p36703,Person,48,south
p36704,Person,53,east
p36705,Person,51,west
p36706,Person,61,east
p36707,Person,55,central
p36708,Person,49,central
p36709,Person,46,central
p36710,Person,44,east
p36711,Person,53,east
p36712,Person,20,south
p36713,Person,56,central
p36714,Person,40,north
p36715,Person,21,east
p36716,Person,75,north
p36717,Person,29,west
p36718,Person,18,east
p36719,Person,20,north
p36720,Person,49,west
p36721,Person,39,west
p36722,Person,57,central
p36723,Person,64,north
p36724,Person,40,central
p36725,Person,58,east
p36726,Person,38,west
p36727,Person,46,south
p36728,Person,30,west
p36729,Person,25,south
p36730,Person,54,north
p36731,Person,27,east
p36732,Person,73,east
p36733,Person,40,south
p36734,Person,68,west
p36735,Person,70,east
p36736,Person,19,west
p36737,Person,37,east
p36738,Person,55,west
p36739,Person,47,west
p36740,Person,43,north
p36741,Person,66,north
p36742,Person,21,south
p36743,Person,35,east
p36744,Person,68,west
p36745,Person,53,north
p36746,Person,26,east
p36747,Person,58,west
p36748,Person,69,south
p36749,Person,42,central
p36750,Person,34,central
p36751,Person,67,central
p36752,Person,25,west
p36753,Person,47,north
p36754,Person,68,east
p36755,Person,77,north
p36756,Person,30,west
p36757,Person,44,north
p36758,Person,45,south
p36759,Person,20,north
p36760,Person,64,east
p36761,Person,24,west
p36762,Person,77,central
p36763,Person,39,south
p36764,Person,49,north
p36765,Person,46,west
p36766,Person,40,east
p36767,Person,25,west
p36768,Person,58,east
p36769,Person,19,north
p36770,Person,35,east
p36771,Person,64,south
p36772,Person,26,south
p36773,Person,33,west
p36774,Person,67,west
p36775,Person,39,north
p36776,Person,45,north
p36777,Person,49,west
p36778,Person,21,north
p36779,Person,24,east
p36780,Person,64,east
p36781,Person,37,central
p36782,Person,57,central
p36783,Person,68,east
p36784,Person,48,east
p36785,Person,46,east
p36786,Person,50,east
p36787,Person,36,south
p36788,Person,49,north
p36789,Person,74,east
p36790,Person,24,central
p36791,Person,75,east
p36792,Person,39,central
p36793,Person,59,west
p36794,Person,46,south
p36795,Person,39,east
p36796,Person,54,west
p36797,Person,52,east
p36798,Person,38,central
p36799,Person,35,south
p36800,Person,32,west
p36801,Person,66,west
p36802,Person,57,east
p36803,Person,76,east
p36804,Person,49,north
p36805,Person,73,east
p36806,Person,54,north
p36807,Person,60,north
p36808,Person,52,central
p36809,Person,77,west
p36810,Person,18,south
p36811,Person,66,central
p36812,Person,69,west
p36813,Person,54,east
p36814,Person,45,central
p36815,Person,32,south
p36816,Person,49,east
p36817,Person,26,central
p36818,Person,60,central
p36819,Person,55,south
p36820,Person,48,north
p36821,Person,43,central
p36822,Person,66,west
p36823,Person,76,west
p36824,Person,67,north
p36825,Person,44,east
p36826,Person,64,south
p36827,Person,49,west
p36828,Person,45,south
p36829,Person,23,south
p36830,Person,58,central
p36831,Person,61,west
p36832,Person,32,south
p36833,Person,62,north
p36834,Person,27,central
p36835,Person,38,north
p36836,Person,60,north
p36837,Person,50,central
p36838,Person,62,north
p36839,Person,43,west
p36840,Person,23,south
p36841,Person,60,north
p36842,Person,49,north
p36843,Person,70,central
p36844,Person,25,north
p36845,Person,62,east
p36846,Person,71,south
p36847,Person,44,south
p36848,Person,73,north
p36849,Person,77,west
p36850,Person,71,central
p36851,Person,34,north
p36852,Person,43,east
p36853,Person,25,west
p36854,Person,73,south
p36855,Person,55,west
p36856,Person,77,west
p36857,Person,70,north
p36858,Person,68,south
p36859,Person,67,central
p36860,Person,39,south
p36861,Person,45,east
p36862,Person,65,north
p36863,Person,44,west
p36864,Person,55,north
p36865,Person,28,west
p36866,Person,30,west
p36867,Person,22,east
p36868,Person,18,west
p36869,Person,31,north
p36870,Person,31,west
p36871,Person,38,north
p36872,Person,34,west
p36873,Person,39,north
p36874,Person,57,west
p36875,Person,60,central
p36876,Person,38,central
p36877,Person,21,east
p36878,Person,25,south
p36879,Person,65,south
p36880,Person,22,south
p36881,Person,41,west
p36882,Person,66,south
p36883,Person,43,north
p36884,Person,75,north
p36885,Person,51,north
p36886,Person,42,north
p36887,Person,62,west
p36888,Person,41,north
p36889,Person,64,north
p36890,Person,24,central
p36891,Person,60,north
p36892,Person,41,east
p36893,Person,64,south
p36894,Person,69,central
p36895,Person,68,south
p36896,Person,28,east
p36897,Person,36,west
p36898,Person,28,south
p36899,Person,76,north
p36900,Person,74,central
p36901,Person,73,south
p36902,Person,25,west
p36903,Person,28,north
p36904,Person,53,west
p36905,Person,56,west
p36906,Person,68,east
p36907,Person,71,west
p36908,Person,64,south
p36909,Person,55,west
p36910,Person,77,central
p36911,Person,57,south
p36912,Person,28,west
p36913,Person,65,north
p36914,Person,41,west
p36915,Person,59,central
p36916,Person,53,east
p36917,Person,23,south
p36918,Person,33,west
p36919,Person,52,central
p36920,Person,25,west
p36921,Person,20,west
p36922,Person,77,east
p36923,Person,32,south
p36924,Person,65,north
p36925,Person,76,east
p36926,Person,68,north
p36927,Person,73,central
p36928,Person,50,south
p36929,Person,66,north
p36930,Person,31,south
p36931,Person,21,north
p36932,Person,54,south
p36933,Person,22,east
p36934,Person,72,east
p36935,Person,47,east
p36936,Person,18,south
p36937,Person,19,east
p36938,Person,49,east
p36939,Person,54,south
p36940,Person,64,central
p36941,Person,28,central
p36942,Person,30,south
p36943,Person,47,east
p36944,Person,54,north
p36945,Person,61,east
p36946,Person,47,south
p36947,Person,49,east
p36948,Person,18,west
p36949,Person,20,central
p36950,Person,18,south
p36951,Person,54,east
p36952,Person,33,east
p36953,Person,49,east
p36954,Person,21,east
p36955,Person,31,north
p36956,Person,73,east
p36957,Person,69,south
p36958,Person,43,east
p36959,Person,18,west
p36960,Person,58,north
p36961,Person,52,east
p36962,Person,29,south
p36963,Person,18,east
p36964,Person,61,west
p36965,Person,27,south
p36966,Person,22,south
p36967,Person,59,south
p36968,Person,46,east
p36969,Person,56,west
p36970,Person,27,north
p36971,Person,74,south
p36972,Person,27,central
p36973,Person,74,west
p36974,Person,66,east
p36975,Person,19,north
p36976,Person,49,west
p36977,Person,57,east
p36978,Person,21,north
p36979,Person,18,west
p36980,Person,47,central
p36981,Person,51,east
p36982,Person,70,east
p36983,Person,53,east
p36984,Person,63,west
p36985,Person,20,west
p36986,Person,43,east
p36987,Person,62,north
p36988,Person,67,west
p36989,Person,64,west
p36990,Person,38,south
p36991,Person,61,west
p36992,Person,23,east
p36993,Person,62,south
p36994,Person,40,south
p36995,Person,63,east
p36996,Person,51,east
p36997,Person,23,south
p36998,Person,68,west
p36999,Person,49,south
p37000,Person,31,central
p37001,Person,58,west
p37002,Person,50,central
p37003,Person,47,north
p37004,Person,21,south
p37005,Person,65,east
p37006,Person,60,east
p37007,Person,64,south
p37008,Person,20,south
p37009,Person,55,south
p37010,Person,29,west
p37011,Person,44,north
p37012,Person,26,central
p37013,Person,35,west
p37014,Person,73,south
p37015,Person,28,east
p37016,Person,42,east
p37017,Person,72,west
p37018,Person,31,north
p37019,Person,71,east
p37020,Person,66,north
p37021,Person,62,east
p37022,Person,63,east
p37023,Person,27,north
p37024,Person,75,east
p37025,Person,69,south
p37026,Person,26,south
p37027,Person,66,east
p37028,Person,43,south
p37029,Person,45,south
p37030,Person,41,central
p37031,Person,62,south
p37032,Person,64,west
p37033,Person,19,south
p37034,Person,20,central
p37035,Person,59,north
p37036,Person,26,south
p37037,Person,18,west
p37038,Person,21,north
p37039,Person,67,north
p37040,Person,25,west
p37041,Person,42,south
p37042,Person,58,north
p37043,Person,67,east
p37044,Person,57,east
p37045,Person,48,east
p37046,Person,52,central
p37047,Person,41,west
p37048,Person,60,north
p37049,Person,28,central
p37050,Person,21,west
p37051,Person,23,east
p37052,Person,23,south
p37053,Person,42,south
p37054,Person,69,north
p37055,Person,20,central
p37056,Person,22,south
p37057,Person,21,south
p37058,Person,65,south
p37059,Person,62,south
p37060,Person,23,east
p37061,Person,74,west
p37062,Person,70,north
p37063,Person,48,south
p37064,Person,19,east
p37065,Person,53,central
p37066,Person,50,central
p37067,Person,38,east
p37068,Person,25,north
p37069,Person,40,north
p37070,Person,50,west
p37071,Person,24,east
p37072,Person,28,east
p37073,Person,26,east
p37074,Person,63,north
p37075,Person,49,central
p37076,Person,45,south
p37077,Person,42,west
p37078,Person,71,south
p37079,Person,45,north
p37080,Person,19,south
p37081,Person,47,west
p37082,Person,73,west
p37083,Person,39,east
p37084,Person,22,north
p37085,Person,70,north
p37086,Person,75,central
p37087,Person,63,east
p37088,Person,47,north
p37089,Person,29,east
p37090,Person,50,west
p37091,Person,69,west
p37092,Person,39,central
p37093,Person,29,north
p37094,Person,23,east
p37095,Person,30,west
p37096,Person,53,west
p37097,Person,40,central
p37098,Person,29,east
p37099,Person,77,west
p37100,Person,54,west
p37101,Person,39,north
p37102,Person,41,south
p37103,Person,41,central
p37104,Person,69,north
p37105,Person,59,west
p37106,Person,56,north
p37107,Person,70,west
p37108,Person,43,north
p37109,Person,54,central
p37110,Person,33,north
p37111,Person,51,west
p37112,Person,33,central
p37113,Person,76,east
p37114,Person,25,north
p37115,Person,71,south
p37116,Person,41,north
p37117,Person,60,east
p37118,Person,51,central
p37119,Person,59,north
p37120,Person,19,central
p37121,Person,49,central
p37122,Person,55,south
p37123,Person,46,south
p37124,Person,51,central
p37125,Person,54,south
p37126,Person,57,east
p37127,Person,55,west
p37128,Person,18,north
p37129,Person,56,north
p37130,Person,31,central
p37131,Person,65,central
p37132,Person,57,north
p37133,Person,47,central
p37134,Person,65,east
p37135,Person,31,south
p37136,Person,68,north
p37137,Person,27,south
p37138,Person,55,central
p37139,Person,35,west
p37140,Person,54,east
p37141,Person,61,east
p37142,Person,22,central
p37143,Person,37,south
p37144,Person,69,west
p37145,Person,62,south
p37146,Person,48,north
p37147,Person,64,north
p37148,Person,38,east
p37149,Person,73,central
p37150,Person,54,west
p37151,Person,25,central
p37152,Person,43,east
p37153,Person,44,south
p37154,Person,76,east
p37155,Person,56,west
p37156,Person,42,central
p37157,Person,43,central
p37158,Person,41,north
p37159,Person,23,central
p37160,Person,72,east
p37161,Person,50,west
p37162,Person,64,central
p37163,Person,44,west
p37164,Person,54,east
p37165,Person,70,east
p37166,Person,70,east
p37167,Person,51,north
p37168,Person,26,east
p37169,Person,76,north
p37170,Person,40,south
p37171,Person,25,south
p37172,Person,48,central
p37173,Person,18,south
p37174,Person,50,central
p37175,Person,25,south
p37176,Person,62,central
p37177,Person,45,central
p37178,Person,56,north
p37179,Person,62,west
p37180,Person,54,west
p37181,Person,28,west
p37182,Person,43,central
p37183,Person,64,south
p37184,Person,54,west
p37185,Person,69,north
p37186,Person,46,central
p37187,Person,60,central
p37188,Person,47,east
p37189,Person,31,west
p37190,Person,56,east
p37191,Person,42,central
p37192,Person,76,north
p37193,Person,35,south
p37194,Person,35,east
p37195,Person,75,north
p37196,Person,76,west
p37197,Person,72,north
p37198,Person,74,north
p37199,Person,24,central
p37200,Person,76,north
p37201,Person,43,west
p37202,Person,50,east
p37203,Person,69,south
p37204,Person,51,south
p37205,Person,43,north
p37206,Person,76,south
p37207,Person,39,south
p37208,Person,68,west
p37209,Person,23,north
p37210,Person,43,north
p37211,Person,68,west
p37212,Person,53,east
p37213,Person,69,central
p37214,Person,32,south
p37215,Person,26,south
p37216,Person,48,east
p37217,Person,74,north
p37218,Person,67,south
p37219,Person,70,east
p37220,Person,27,west
p37221,Person,47,north
p37222,Person,28,central
p37223,Person,46,north
p37224,Person,31,east
p37225,Person,48,north
p37226,Person,56,south
p37227,Person,23,east
p37228,Person,28,north
p37229,Person,44,north
p37230,Person,31,north
p37231,Person,57,south
p37232,Person,76,east
p37233,Person,34,north
p37234,Person,41,central
p37235,Person,44,west
p37236,Person,68,south
p37237,Person,40,north
p37238,Person,36,north
p37239,Person,27,south
p37240,Person,44,central
p37241,Person,39,west
p37242,Person,50,east
p37243,Person,28,north
p37244,Person,40,west
p37245,Person,39,south
p37246,Person,52,east
p37247,Person,33,north
p37248,Person,26,south
p37249,Person,77,north
p37250,Person,60,west
p37251,Person,77,north
p37252,Person,19,central
p37253,Person,66,north
p37254,Person,75,north
p37255,Person,54,central
p37256,Person,55,north
p37257,Person,33,west
p37258,Person,77,south
p37259,Person,40,central
p37260,Person,66,east
p37261,Person,19,north
p37262,Person,37,east
p37263,Person,19,north
p37264,Person,71,west
p37265,Person,71,south
p37266,Person,32,east
p37267,Person,19,west
p37268,Person,18,central
p37269,Person,41,central
p37270,Person,51,east
p37271,Person,58,north
p37272,Person,26,west
p37273,Person,19,north
p37274,Person,73,west
p37275,Person,53,north
p37276,Person,40,central
p37277,Person,74,west
p37278,Person,47,east
p37279,Person,59,north
p37280,Person,73,central
p37281,Person,26,south
p37282,Person,44,west
p37283,Person,42,east
p37284,Person,42,central
p37285,Person,58,east
p37286,Person,55,central
p37287,Person,54,west
p37288,Person,30,east
p37289,Person,33,central
p37290,Person,56,east
p37291,Person,18,north
p37292,Person,38,west
p37293,Person,54,west
p37294,Person,44,north
p37295,Person,42,west
p37296,Person,54,central
p37297,Person,43,north
p37298,Person,45,west
p37299,Person,52,south
p37300,Person,44,south
p37301,Person,45,west
p37302,Person,48,east
p37303,Person,32,east
p37304,Person,52,west
p37305,Person,56,east
p37306,Person,39,north
p37307,Person,69,south
p37308,Person,25,central
p37309,Person,25,south
p37310,Person,49,north
p37311,Person,18,central
p37312,Person,57,north
p37313,Person,63,north
p37314,Person,63,central
p37315,Person,49,north
p37316,Person,42,central
p37317,Person,59,central
p37318,Person,38,central
p37319,Person,77,west
p37320,Person,70,south
p37321,Person,61,north
p37322,Person,40,south
p37323,Person,49,north
p37324,Person,66,west
p37325,Person,27,east
p37326,Person,20,south
p37327,Person,54,central
p37328,Person,29,central
p37329,Person,56,south
p37330,Person,61,south
p37331,Person,76,south
p37332,Person,41,north
p37333,Person,65,south
p37334,Person,49,west
p37335,Person,38,south
p37336,Person,28,west
p37337,Person,22,west
p37338,Person,67,south
p37339,Person,71,north
p37340,Person,41,south
p37341,Person,54,east
p37342,Person,54,south
p37343,Person,59,central
p37344,Person,57,north
p37345,Person,53,central
p37346,Person,39,north
p37347,Person,77,south
p37348,Person,75,central
p37349,Person,51,central
p37350,Person,66,east
p37351,Person,59,east
p37352,Person,26,east
p37353,Person,61,north
p37354,Person,54,west
p37355,Person,67,north
p37356,Person,76,north
p37357,Person,65,south
p37358,Person,41,south
p37359,Person,64,east
p37360,Person,33,east
p37361,Person,42,north
p37362,Person,21,east
p37363,Person,53,west
p37364,Person,64,central
p37365,Person,45,west
p37366,Person,28,south
p37367,Person,61,south
p37368,Person,22,west
p37369,Person,34,west
p37370,Person,46,north
p37371,Person,62,north
p37372,Person,22,central
p37373,Person,35,west
p37374,Person,54,north
p37375,Person,43,north
p37376,Person,60,north
p37377,Person,49,east
p37378,Person,58,south
p37379,Person,40,west
p37380,Person,22,central
p37381,Person,55,south
p37382,Person,41,east
p37383,Person,25,east
p37384,Person,36,east
p37385,Person,20,east
p37386,Person,65,east
p37387,Person,26,north
p37388,Person,63,south
p37389,Person,52,north
p37390,Person,64,east
p37391,Person,47,east
p37392,Person,39,south
p37393,Person,63,east
p37394,Person,20,north
p37395,Person,76,central
p37396,Person,46,central
p37397,Person,60,south
p37398,Person,28,east
p37399,Person,38,north
p37400,Person,51,west
p37401,Person,53,central
p37402,Person,45,east
p37403,Person,40,west
p37404,Person,68,south
p37405,Person,41,east
p37406,Person,27,west
p37407,Person,62,west
p37408,Person,68,south
p37409,Person,50,east
p37410,Person,31,east
p37411,Person,31,west
p37412,Person,49,central
p37413,Person,67,central
p37414,Person,51,south
p37415,Person,72,south
p37416,Person,55,central
p37417,Person,73,south
p37418,Person,71,west
p37419,Person,55,east
p37420,Person,62,west
p37421,Person,63,west
p37422,Person,69,south
p37423,Person,71,south
p37424,Person,43,central
p37425,Person,58,south
p37426,Person,34,east
p37427,Person,19,central
p37428,Person,47,west
p37429,Person,63,west
p37430,Person,47,east
p37431,Person,24,east
p37432,Person,68,north
p37433,Person,44,north
p37434,Person,22,north
p37435,Person,44,east
p37436,Person,22,east
p37437,Person,77,west
p37438,Person,75,north
p37439,Person,49,west
p37440,Person,19,central
p37441,Person,67,north
p37442,Person,46,east
p37443,Person,34,west
p37444,Person,68,east
p37445,Person,54,east
p37446,Person,73,east
p37447,Person,42,east
p37448,Person,45,west
p37449,Person,58,central
p37450,Person,36,west
p37451,Person,70,east
p37452,Person,39,west
p37453,Person,32,central
p37454,Person,49,east
p37455,Person,42,north
p37456,Person,62,east
p37457,Person,23,south
p37458,Person,19,north
p37459,Person,56,east
p37460,Person,37,south
p37461,Person,44,east
p37462,Person,63,south
p37463,Person,26,central
p37464,Person,45,central
p37465,Person,54,south
p37466,Person,38,north
p37467,Person,38,south
p37468,Person,46,central
p37469,Person,29,east
p37470,Person,59,central
p37471,Person,24,north
p37472,Person,30,central
p37473,Person,47,south
p37474,Person,72,central
p37475,Person,38,east
p37476,Person,30,north
p37477,Person,29,west
p37478,Person,74,north
p37479,Person,74,central
p37480,Person,35,west
p37481,Person,58,east
p37482,Person,50,east
p37483,Person,64,south
p37484,Person,50,central
p37485,Person,32,north
p37486,Person,68,south
p37487,Person,44,south
p37488,Person,77,north
p37489,Person,33,south
p37490,Person,31,east
p37491,Person,52,central
p37492,Person,32,south
p37493,Person,74,central
p37494,Person,68,north
p37495,Person,47,east
p37496,Person,42,south
p37497,Person,72,north
p37498,Person,20,south
p37499,Person,65,central
